,0
0,"The concept of food-medicine homology, derived from traditional Chinese dietary culture, endows functional food biscuits with both nutritional value and therapeutic potency. Such biscuits are abundant in bioactive compounds including polysaccharides, dietary fiber, and flavonoids, which may exert regulatory effects through the microbiota-gut-brain axis (MGBA). This study explored the impacts of functional biscuits formulated with Gastrodia elata Bl., Poria cocos (Schw.) Wolf, Coix lacryma-jobi L. var. ma-yuen (Roman.) Stapf, Sesamum indicum L., Juglans regia L., and Ziziphus jujuba Mill. on intestinal microbiota and cerebral biochemical indicators in mice. Mice were assigned to four groups: control, low-dose, medium-dose, and high-dose biscuit groups. We measured serum interleukin-1β (IL-1β), hippocampal acetylcholinesterase (AChE) and brain-derived neurotrophic factor (BDNF), as well as cerebral superoxide dismutase (SOD) levels, and profiled intestinal microbiota using 16S rRNA gene sequencing. The low-dose group exhibited optimal modulation of hippocampal AChE and BDNF, concurrent with reshaped intestinal microbiota and elevated abundance of beneficial bacterial taxa. Intervention doses exerted significant effects on microbial diversity; genera such as unclassified Atopobiaceae, Facklamia, and Staphylococcus were significantly correlated with changes in cerebral biomarkers. Collectively, these compound biscuits remodel the intestinal microbiota to ameliorate brain function, antioxidant capacity, and inflammatory status via the MGBA, demonstrating great potential for maintaining cognitive and neurological health."
1,"BackgroundDepressive symptoms frequently co-occur with cognitive impairment in older adults. Although depression and cognition interact in brain activity, the underlying functional connectivity mechanisms in mild cognitive impairment (MCI) remains unclear.ObjectiveTo investigate how depressive symptoms modulate the relationship between cognition and amygdala/hippocampus functional connectivity in MCI.MethodsThis study included 138 participants (45 healthy controls and 93 MCI patients) who underwent resting state functional magnetic resonance imaging (rs-fMRI) and neuropsychological assessment using the Montreal Cognitive Assessment-Basic (MoCA-B) for cognitive function and Hamilton Depression Rating Scale (HAMD) for depressive symptoms. Seed-based functional connectivity analysis was performed using bilateral amygdala and hippocampus as seed regions to quantify the HAMD × MoCA-B non-monotonic interactions on whole-brain connectivity. Simple slopes analyses were conducted to characterize directionality changes across depression severity levels.ResultsWhole-brain analyses revealed significant HAMD × MoCA-B interaction effects (cluster p value < 0.05, voxel p value < 0.01, GRF corrected) demonstrating symptom-dependent reorganization of cognition-FC relationships. Amygdala connectivity decreased to anterior/middle cingulate and precuneus but increased to triangular part of inferior frontal gyrus (IFGtri), medial superior frontal gyrus, and cerebellar lobule IX. Hippocampal connectivity decreased to cuneus, insula, thalamus, and caudate but increased to opercular part of inferior frontal gyrus (IFGop), orbitofrontal cortex, and cerebellar lobule VIII.ConclusionDepressive symptoms alter amygdala and hippocampal FC relationships with cognition in MCI. Depression-dependent hippocampal/amygdala connectivity changes with the frontoparietal network (FPN-A)-particularly IFGop/IFGtri and cerebellum-suggest their role as critical hubs for emotional-cognitive integration, highlighting them as potential neuromodulation targets for cognitive and depressive symptoms in MCI."
2,"Sevoflurane may induce neurotoxicity and cognitive impairment, though the associated mechanisms remain unclear. This study aimed to investigate how long non-coding RNA CEBPA-AS1 contributed to the neurotoxicity and cognitive impairment induced by sevoflurane. This study employed HT22 hippocampal neuronal cells and 18-month-old Sprague-Dawley rats to establish a sevoflurane exposure model. Reverse transcription quantitative real‑time polymerase chain reaction (RT‑qPCR) was employed to detect relevant gene expression. Cell proliferation, apoptosis, inflammatory levels, and oxidative stress indicators were assessed using cell counting kit‑8 (CCK‑8) assays, flow cytometry, enzyme‑linked immunosorbent assay (ELISA), and oxidative stress kits. The Morris water maze was used to evaluate rats' learning and memory abilities. The RNA immunoprecipitation (RIP) assay and dual luciferase assay were utilised to validate the targeted binding relationship of the target molecules. Sevoflurane treatment significantly increased CEBPA-AS1 expression in HT22 cells and rat hippocampal tissue while simultaneously downregulating microRNA-455-3p (miR-455-3p) and upregulating erythropoietin-producing hepatocellular carcinoma A4 (EPHA4). Silencing CEBPA-AS1 significantly alleviated sevoflurane-induced cellular and brain tissue injury, apoptosis, oxidative stress, and inflammatory responses, whilst concurrently improving cognitive impairment at the in vivo level. Mechanistic studies showed CEBPA-AS1 acted as a molecular sponge for miR-455-3p, which targeted and repressed EPHA4, thus forming the CEBPA-AS1/miR-455-3p/EPHA4 regulatory axis. Rescue experiments showed that miR-455-3p inhibition partially reversed the attenuation of sevoflurane neurotoxicity by CEBPA-AS1 silencing, restoring neurotoxicity, oxidative stress, inflammation, and cognitive impairment in vitro and in vivo. On this basis, EPHA4 inhibition blocked the competitive endogenous RNA (ceRNA) axis-mediated toxic effects, relieving these neurotoxic phenotypes and cognitive dysfunction again. The CEBPA-AS1/miR-455-3p/EPHA4 axis mediated sevoflurane-induced neurotoxicity and subsequent cognitive impairment."
3,"Cognitive impairment, characterized by impaired attention function, is widely recognized as one of the core symptoms of schizophrenia, significantly impacting the quality of life for individuals with this disorder. The objective of this cross-sectional study is to investigate the characteristics of attentional behavior and related brain structure and gene expression of schizophrenia, aiming to provide new trans-scale evidence. A total of 137 participants were enrolled in this study, including 65 patients with schizophrenia and 72 healthy controls. All participants underwent magnetic resonance imaging scans and completed cognitive tests. The results revealed that patients required more time (all <i>p</i> < 0.05) to complete key responses in attention-related tasks compared to the control group. Moreover, significant structural brain alterations were observed in patients with schizophrenia, including enlarged bilateral pallidum, smaller right hippocampus, and reduced cortical thickness in relevant brain regions (all <i>p</i> < 0.05). Further analysis demonstrated a correlation between alertness during Attention Network Test performance and pallidum volume among patients (<i>r</i> = 0.42, <i>p</i> = 4.30 × 10<sup>-4</sup>), and this correlation was associated with a specific pattern of gene expression in the patients' brain but not observed among controls. Our study reveals that decreased attentional ability in schizophrenia is accompanied by abnormal changes in pallidum along with specific transcriptional profile among patients with schizophrenia; these findings hold clinical significance for precise diagnosis and treatment strategies targeting schizophrenia."
4,"The primate anterior entorhinal cortex (EC) receives rich projections from the amygdala and from multimodal association areas, including the medial prefrontal, anterior cingulate, and orbitofrontal cortices. Axon terminations from these structures on the anterior EC facilitate processing of the emotional aspects of stimuli and events. The EC projects to hippocampus, which is associated with episodic memory. Processing in the anterior EC is modulated by inhibitory neurons, which in primates express the calcium-binding proteins (CBPs): calretinin (CR), or calbindin (CB) or parvalbumin (PV), which collectively account for most inhibitory neurons in the primate cortex. Here, stereological analysis of these neurochemical classes of inhibitory neurons in the anterior half of EC in humans revealed similar patterns as in rhesus monkeys. In both primate species, the densest neuronal subpopulation of presumed inhibitory neurons expressed CR, followed by CB, and lastly by PV. In both species CR neurons were most prevalent in layers I and II, CB neurons in layers II and III and PV neurons in the middle-deep layers. Moreover, the medial and lateral sectors of the anterior EC had different densities of neurons expressing these CBPs. Further analysis revealed that in the human anterior EC, virtually all PV neurons expressed the GABAergic marker GAD67/GAD1 (glutamate decarboxylase 67/glutamate decarboxylase 1), whereas only two-thirds of CB neurons and only one-third of CR neurons colocalized with GAD67/GAD1. In the entire neuronal population of the anterior half of human EC estimated by stereology, 10% expressed GAD67/GAD1, comparable to the collective population of CBP-positive neurons that colocalized with GAD67/GAD1. These findings reveal that the medial and lateral sectors of anterior EC have distinct inhibitory microenvironments, which likely affect the processing of input and output of hippocampus."
5,"This study aimed to investigate the role and underlying mechanism of lncRNA MIAT in sevoflurane (Sev)-induced cognitive dysfunction in neonatal rats, thereby offering theoretical basis for clinical intervention. Seven-day-old Sprague-Dawley (SD) rats were chosen to construct a Sev-induced cognitive dysfunction model. Anxiety-like behavior and locomotor activity were assessed by the open field test (OFT), whereas cognitive function was evaluated using novel object recognition (NOR) test and Morris water maze (MWM) test. The expression levels of lncRNA MIAT, miR-15b-5p, and Ccnd1 were detected by RT-qPCR. The dual-luciferase reporter gene assay was carried out to validate the targeted binding relationships. Sev exposure led to a downregulation of lncRNA MIAT expression in rat hippocampus. lncRNA MIAT alleviated Sev-induced cognitive impairment, as manifested by increased central zone residence time in OFT, elevated recognition index (RI) in NOR test, shortened escape latency, increased platform crossings, and prolonged target quadrant residence time in MWM test. Mechanistically, lncRNA MIAT directly targeted miR-15b-5p and inhibited its expression. miR-15b-5p targeted Ccnd1 and suppressed its expression. Overexpression of miR-15b-5p or silencing of Ccnd1 reversed the neuroprotective effect of lncRNA MIAT. LncRNA MIAT ameliorates Sev-induced cognitive dysfunction in neonatal rats by sponging miR-15b-5p to upregulate Ccnd1 expression, which may serve as a potential target for preventing Sev-related neurotoxicity."
6,"The hippocampus and amygdala form a tightly integrated circuit supporting memory-emotion integration and stress regulation, critically implicated in psychosis development. However, the maturation of the hippocampus-amygdala (HIP-AMY) complex as a functional unit remains poorly understood. 22q11.2 deletion syndrome (22q11DS), with increased risk of schizophrenia, provides a valuable model to study its neurodevelopmental trajectories. A prospective longitudinal cohort of 133 individuals with 22q11DS and 150 healthy controls (HC) underwent neuroimaging and psychiatric assessments approximately every three years. Resting-state fMRI data were analysed using a data-driven clustering approach to identify transient states of dynamic functional connectivity linked to the activation of specific ensembles of HIP-AMY nuclei. State occurrences over age were compared between 22q11DS and HC and between 22q11DS individuals with and without positive psychotic symptoms (PPS+ and PPS-). Seven HIP-AMY states were identified, three showing significant and one trend-level age-by-diagnosis interaction. Importantly, the occurrence of a CA3-centromedial amygdala driven state showing co-activation of limbic and thalamo-striatal salience hubs decreased over age in HC, but remained elevated in 22q11DS. This divergence was reflected within 22q11DS, with PPS- showing a decrease and PPS+ a modest increase. The persistence of this pattern over development may provide a dynamic signature of emergence of psychosis."
7,"DEK is an estrogen-responsive chromatin-remodeling protein broadly expressed in the murine and human brain, with high expression in memory-relevant regions such as the hippocampus. Prior work from our group and others has linked DEK loss to cellular features associated with Alzheimer's disease and Alzheimer's disease-related dementias. Notably, our group has demonstrated that DEK expression declines with increasing dementia severity in women, but not in age-matched men, suggesting a sex-specific relationship between DEK loss and cognitive vulnerability. Together, these findings support a potential neuroprotective role for DEK; however, functional consequences of DEK loss in vivo were unknown. Here, we examined behavioral and molecular consequences of Dek loss using male and female constitutive knockout (cKO) mice assessed across cognitive, sensorimotor, and affective domains. Across assays, Dek cKO mice of both sexes exhibited intact locomotor activity, anxiety-related behavior, sensorimotor gating, and fear-associated memory. In contrast, female Dek cKO mice displayed selective impairments in cognitive flexibility despite preserved spatial learning and memory, a phenotype not observed in males and indicative of female-specific vulnerability following DEK loss. This sex difference, observed during Morris water maze reversal learning, suggests disruption of hippocampal-prefrontal circuitry. Guided by known sex differences in hippocampal DEK expression, transcriptomic profiling of hippocampal tissue revealed shared and sex-specific consequences of Dek deficiency, including alterations in cytoskeletal organization, neuronal signaling, chromatin regulatory mechanisms, and cellular stress pathways. Collectively, these findings demonstrate sex- and cognitive-domain-specific effects of DEK loss and support further investigation of DEK in executive function and hippocampal-prefrontal cortex-mediated cognition."
8,"Spatially resolved lineage tracing is essential for understanding how clonal relationships shape tissue architecture. However, such an approach has not been established in mice across different tissues. Here we present Spatio-DARLIN, a versatile method that integrates the high-diversity DARLIN lineage-tracing mouse with sequencing-based spatial transcriptomics. Through a dedicated computational pipeline, Spatio-DARLIN achieves accurate clonal mapping at single-cell resolution and recovers reliable lineage information from ~25-50% of cells in the intestine and brain. Spatio-DARLIN identified stereotyped clonal patterns in the intestinal epithelium and revealed clonal dynamics that were consistent with stem-cell neutral drift. In the brain, we uncovered greater clonal expansion of radial glial cells in the cortex and hippocampus during development than in other regions. Moreover, our data strongly suggested that neuronal progenitors across different nuclei in the hypothalamus were already spatially prepatterned by embryonic day E10. Spatio-DARLIN enables high-resolution study of clonal architecture, expansion and migration across diverse tissues in situ."
9,"Histone variants are critical components of neuronal chromatin that are emerging as key regulators of long-term memory formation. We previously showed that depleting the macrodomain-containing histone variant macroH2A1 (mH2A1) in the mouse hippocampus impairs long-term memory, establishing this histone as essential for memory consolidation. However, mH2A1 undergoes alternative splicing to generate two isoforms, mH2A1.1 and mH2A1.2, which differ by a single exon within the macrodomain. Though mH2A1.1 and mH2A1.2 have been reported to regulate unique molecular processes in non-neuronal cells, distinct functional contributions of hippocampal mH2A1.1 and mH2A1.2 to long-term memory formation in the adult brain are unknown. Here, we characterized genomic localization of mH2A1 splice isoforms in the mouse hippocampus and evaluated how isoform-specific knockdown impacts hippocampal transcription and memory. Although both isoforms localize to and regulate memory-relevant genes, their depletion affected largely non-overlapping gene sets, and only loss of mH2A1.1 impaired long-term memory. Notably, mH2A1.1 depletion increased expression of several genes that negatively regulate memory formation, including the well-established memory suppressor calcineurin. Thus, under normal conditions, mH2A1.1 may promote memory by repressing transcriptional programs that constrain plasticity. Together, these findings reveal isoform-specific functions of mH2A1 in the hippocampus and identify alternative splicing of mH2A1 as a key epigenetic mechanism that fine-tunes neural chromatin composition to enable long-term memory formation."
10,"The neuroimmune system, an extensive bidirectional communication system between neural cells and immune cells, utilizes evolutionarily conserved molecules, including cytokines, chemokines and trophic factors that participate as mediators in both directions. While the initial discovery of classic immune molecules in the brain was interpreted as neuroinflammation, a broad literature demonstrates their essential roles in cognition during homeostatic brain function. These mechanisms include neural correlates of learning and memory, such as strengthening of neuronal networks and the generation of new neurons and synaptic connections. These processes take place throughout the brain, especially in the hippocampus, a major component of the brain of humans and other vertebrates that consolidates short-term memory into long-term memory and supports spatial navigation. This Review explores recent developments and understanding of immune molecules that orchestrate and participate in molecular mechanisms of memory formation. It also considers their potential efficacy as new targets to treat memory disorders."
11,"Although language neuroscience has largely focused on 'core' left frontal and temporal brain areas and their right-hemisphere homotopes, numerous other areas-cortical and subcortical-have been implicated in linguistic processing. However, these areas' contributions to language remain unclear given that the evidence for their recruitment comes from diverse paradigms, many of which conflate language processing with perceptual, motor, or task-related cognitive processes. Using fMRI data from 772 participants (438 females, 334 males) performing an extensively validated language 'localizer' paradigm that isolates language processing from other processes, we a) delineate a comprehensive set of areas that respond reliably to language across written and auditory modalities, and b) evaluate these areas' selectivity for language relative to a demanding non-linguistic task. In line with prior claims, many areas outside the core fronto-temporal network respond during language processing, and most of them show selectivity for language relative to general task demands. These language-selective areas of the extended language network include areas around the temporal poles, in the medial frontal cortex, in the hippocampus, and in the cerebellum, among others. Although distributed across many parts of the brain, the extended language-selective network still only comprises a small fraction (<5%) of the grey matter volume, challenging the view that the entire brain processes language. These newly identified language-selective areas can now be systematically characterized to decipher their contributions to language processing, including testing whether these contributions differ from those of the core language areas.<b>Significance statement</b> Language processing consistently recruits a left-lateralized fronto-temporal brain network, but language tasks often additionally engage areas outside this core system. In an fMRI dataset of 772 participants performing a validated language localizer task, we identified 17 brain areas outside the core fronto-temporal network that respond to both auditory and written language. Most of these areas show selectivity for language, including regions in the temporal poles, medial frontal cortex, hippocampus, and cerebellum. Despite its large number of components, this extended language network still only takes up a small fraction of the grey matter volume, challenging the view that the entire brain processes language. These findings lay the foundation for systematic characterization of these newly identified non-canonical language areas."
12,"<b>Objective:</b> To investigate the role of the Janus kinase 2/signal transducer and activator of transcription 3 (JAK2/STAT3) pathway in aluminum-induced synaptic function impairment. <b>Methods:</b> In March 2024, twenty-four SPF-grade C57BL/6J mice were randomly divided into four groups using the random number table method: the control group (normal saline) and the low, medium, and high-dose aluminium exposure groups [20, 40, and 80 μmol/kg aluminum maltol]. The exposure period lasted for 3 months. After treatment, the Morris water maze test was performed to evaluate the effects of aluminum maltol on learning and memory ability of mice. The expression levels of JAK2/STAT3 pathway proteins, postsynaptic density protein 95 (PSD95), and synapsinⅠ (SYNⅠ) were detected by Western blotting. HT22 mouse hippocampal neuronal cells were used for in vitro experiments, which were divided into the aluminum exposure group [control group (blank group), low, medium, and high-dose groups (60, 120, and 240 μmol/L aluminum maltol) ] and the intervention group[control group (blank group), Colivelin (JAK2/STAT3 pathway activator) group, aluminum maltol group (120 μmol/L), and Colivelin+aluminum maltol group]. Cell viability was tested using CCK-8, morphological changes were observed under an inverted microscope, and the expression levels of JAK2 and STAT3 genes were detected by quantitative reverse transcription-polymerase chain reaction (qRT-PCR). The expression levels of JAK2/STAT3 pathway proteins, PSD95, and SYN Ⅰ were detected by Western blotting, and the fluorescence intensity of PSD95 and SYN Ⅰ proteins was detected by immunofluorescence staining. One-way analysis of variance was used for inter-group difference analysis, and LSD-<i>t</i> test was used for pairwise comparison if the variances were homogeneous, otherwise, Dunnett's T3 test was adopted. <b>Results:</b> The Morris water maze test showed that on the 4th and 5th days of the place navigation trial, the escape latency of mice in the medium and high-dose groups were significantly prolonged compared with the control group (<i>P</i><0.05). In the spatial probe trial, the number of platform crossings and the time spent in the target quadrant were significantly reduced in the medium and high-dose groups compared with the control group (<i>P</i><0.05). Western blotting analysis showed that the protein expression levels of JAK2, phosphorylated JAK2, STAT3, phosphorylated STAT3, PSD95, and SYN Ⅰ in the hippocampus were significantly decreased in the medium and high-dose groups compared with the control group (<i>P</i><0.05). Compared with the control group, the cell viability of HT22 cells in the medium and high-dose groups were decreased (<i>P</i><0.05) ; compared with the control group and the low-dose group, the number and length of the synaptic connections in the medium and high-dose groups were reduced (<i>P</i><0.05) ; compared with the control group and the low-dose group, the mRNA expression levels of JAK2 and STAT3 and the protein expression levels of JAK2, phosphorylated JAK2, and SYNⅠ in the medium and high-dose groups were all decreased (<i>P</i><0.05) ; the differences in the protein expression levels of STAT3, phosphorylated STAT3, and PSD95 in each dose group were statistically significant (<i>P</i><0.05) ; compared with the control group, the fluorescence intensities of PSD95 and SYN Ⅰ proteins in the medium and high-dose groups were decreased (<i>P</i><0.05). In addition, compared with the aluminum maltol group, the number of synaptic connections between HT22 cells in the Colivelin+aluminum maltol group increased and the length of the connections became longer (<i>P</i><0.05) ; compared with the aluminum maltol group, the expression of JAK2 mRNA in the Colivelin+aluminum maltol group was increased (<i>P</i><0.05), and the expressions of JAK2, phosphorylated JAK2, phosphorylated STAT3, PSD95 and SYNⅠ proteins were all increased (<i>P</i><0.05), and the fluorescence intensities of PSD95 and SYN Ⅰ proteins were also increased (<i>P</i><0.05) . <b>Conclusion:</b> Aluminium maltol can lead to synaptic function impairment, and the JAK2/STAT3 signaling pathway may be involved in the related regulation."
13,"Musical stimulation can activate specific brain regions and modulate neural functions, whereas optical and magnetic stimulation technologies enable precise neuronal manipulation. However, traditional neural stimulation approaches mostly adopt a single mode, and research on their combined regulatory effects is still limited. Light-magnetic combined stimulation (LMCS), as an emerging multi-modal physical neural modulation technique, has demonstrated unique advantages in regulating neural activity and synaptic plasticity and holds significant potential for application in the fields of cognitive enhancement and neural rehabilitation. This study innovatively combines two physical stimulation modalities-light and magnetic fields-using musical signals as the modulation source to explore their synergistic effects on synaptic plasticity in the hippocampal Schaffer collateral-CA1 region of rats. We designed a high spatial resolution light-magnetic stimulation system; utilizing this system, in vitro brain slice experiments were conducted, applying single-light, single-magnetic, and combined light-magnetic stimulation respectively. Changes in long-term potentiation (LTP) and long-term depression (LTD) were recorded. The experimental results showed that the combined light-magnetic stimulation, when synchronized with specific musical rhythms, exhibited the optimal regulatory effects on both LTP and LTD, outperforming single stimulation modes. This study verified the effectiveness of light-magnetic combined stimulation based on music rhythm in regulating LTP/LTD and provided design parameters and experimental basis for the development of the equipment."
14,"Calcium dysregulation is increasingly recognized as a convergent mechanism underlying neuronal vulnerability and glial overactivation in Alzheimer's disease (AD). Transient Receptor Potential Canonical (TRPC) channels are potential key modulators of Ca<sup>2+</sup> signaling in multiple cell types in central nervous system (CNS), mediating different pathophysiological roles. However, their cell type-specific remodeling and cellular origins of these changes in human AD tissue remain poorly defined. This study investigated their expression patterns with main focus on the two closely related members of TRPC3 and TRPC6 across human AD brains and two relevant mouse models. Formalin-fixed paraffin-embedded cortical and hippocampal tissues from AD patients and age-matched controls were examined using immunohistochemistry. Spatial relationships between TRPC3/TRPC6 and glial fibrillary acidic protein (GFAP)-positive astrocytes were assessed in adjacent serial sections. TRPC3 expression was markedly increased in AD cortex and hippocampus whereas TRPC6 was significantly reduced primarily in pyramidal neurons. TRPC3-positive regions showed close spatial correspondence with reactive astrocytes, particularly in the hippocampal and subcortical white matter regions, suggesting a partial astrocytic origin. TRPC6 exhibited negligible overlap with GFAP. These observations were reproduced in brain sections of both 5xFAD and PS19 transgenic (Tg) mice compared to their littermate controls. Our findings reveal a conserved pattern of divergent TRPC remodeling across human and mouse models with AD pathology. In addition, TRPC1 expression was significantly reduced in AD samples while TRPC4 and TRPC5 had no significant change in expression. Taken together, selected TRPC family members may undergo differential remodeling during AD pathogenesis, with TRPC3 and TRPC6 showing the most prominent and consistent alterations."
15,"Borderline personality disorder (BPD) is a chronic mental health condition associated with marked elevations in disability. Limited pharmacological treatment options are currently available, and kappa opioid receptors (KOR) have been identified as a promising treatment target. However, the KOR system has not yet been directly examined in BPD. This study examined KOR in individuals with BPD and investigated links between KOR and BPD's clinical features. Twenty individuals with BPD and 20 demographically matched healthy control (HC) volunteer participants were scanned with [<sup>11</sup>C]EKAP positron emission tomography (PET) and completed self-report and interview measures. KOR availability (volume of distribution; V<sub>T</sub>) was measured in brain regions of interest (ROIs) relevant to the pathophysiology of BPD. No differences in age or sex were observed between HCs (Mean age: 32.94; SD=8.45; 60% female), and individuals with BPD (Mean age: 33.30; SD=9.34; 60% female). In individuals with BPD, KOR V<sub>T</sub> was significantly lower in the amygdala (M<sub>diff</sub>=-8.04; 95% CI[11.40; -4.69]), anterior cingulate (M<sub>diff</sub>=-2.95; 95% CI [-5.22; -0.68]), hippocampus (M<sub>diff</sub>=-2.12; 95% CI [-3.37; -0.88]), insula (M<sub>diff</sub>=-3.58; .95% CI[-5.71; -1.46]), and frontal ROIs (M<sub>diff</sub>=-1.83; 95% CI[-3.28; -0.38]). V<sub>T</sub> correlated negatively with specific clinical features including impulsivity (r(28)=-.45 p=.013, 95% CI[-.72; -.11]) and depressive symptoms (r(28)=-.43, p=.021, 95% CI[-.70, -.07]), but not trauma symptoms. Findings demonstrate differences in KOR availability in BPD and relationships between KOR availability and clinically relevant features. Results highlight the relevance of KOR in BPD pathophysiology and further implicate the opioid system as a promising target for treatment development in BPD."
16,"Diabetic encephalopathy (DE) is a prevalent and severe neurological complication associated with the advanced stages of type 2 diabetes mellitus (T2DM). Its pathogenesis is multifactorial and not yet fully understood, and currently, there are no effective therapeutic interventions available. 6-Gingerol, a natural phenolic compound derived from ginger, exhibits favorable brain-targeting properties and diverse pharmacological activities, making it a promising candidate for the treatment of DE. In this study, the multi-target mechanism of 6-gingerol in DE was systematically investigated by integrating network pharmacological analysis with in vivo experimental validation. Network pharmacology results identified PPARG (namely PPARγ), mTOR, and ESR1 as key core targets of 6-gingerol, which were primarily enriched in pathways related to inflammatory regulation, amyloid-β metabolism, and neuroprotection. Animal experiments demonstrated that four weeks of 6-gingerol treatment significantly reduced fasting blood glucose (FBG), total cholesterol (TC), triglycerides (TG) and body weight, while improving cognitive function in 13-week-old db/db mice. Additionally, 6-gingerol markedly attenuated neuroinflammatory responses and decreased soluble amyloid-β levels in the hippocampus. Notably, partial beneficial effects of 6-gingerol were significantly attenuated by GW9662 (a selective PPARγ antagonist), while pioglitazone (a well-known PPARγ agonist) replicated the neuroprotective effects of 6-gingerol in multiple pathological endpoints. Collectively, these findings imply that 6 - gingerol may exert its protective effect against DE via a multi-target synergistic mechanism in which PPARγ plays a key regulatory role."
17,"Sleep deprivation (SD) is now a widespread issue affecting people globally. It adversely impacts individuals of all ages, contributing to cognitive deficits and increased anxiety. Urolithin A (UA) has been found to address numerous health concerns, including the preservation of brain function. Nonetheless, the exact mechanisms by which UA counters cognitive deficits and anxiety resulting from SD are not well understood. To investigate the specific molecular mechanisms involving the Nrf2-ferroptosis axis through which UA ameliorates cognitive impairments and anxiety-like behaviors resulting from prolonged SD. A murine model of chronic SD was generated by implementing sleep restriction for a duration of 14 consecutive days (n=15 per group). Behavioral experiments were used to assess the success of the SD model and the therapeutic impact of UA. We explored the mechanisms using spatial metabolites and biological functional module network analysis. Furthermore, erastin was utilized to induce ferroptosis in HT-22 cells, creating a model to assess the ferroptosis inhibition effects of UA. UA treatment (100 mg/kg, i.g.) significantly mitigated behavioral abnormalities caused by chronic SD. UA prevented both histopathological alterations and structural injury to hippocampal neurons (P < 0.05, P < 0.01). Further analyses revealed that UA not only attenuated excessive neuroinflammation but also increased dendritic spine density and the protein levels of neurotrophic factors in the hippocampus of chronic SD mice. Mechanistically, spatial metabolomics and target prediction analyses further revealed that the effects of UA were closely associated with the Nrf2 signaling pathway and ferroptosis suppression. UA treatment significantly decreased total iron and Fe<sup>2+</sup> levels (P < 0.05, P < 0.01), increased Nrf2, SLC7A11, GPX4, and HMOX1 protein levels (P < 0.01), and decreased ACSL4 expression (P < 0.01) in the hippocampus. In vitro, UA protected HT-22 cells against erastin-induced ferroptosis in a dose-dependent manner (2.5, 5, 10 µM), an effect abolished by the Nrf2 inhibitor ML385. Overall, supplementation with UA proved beneficial in counteracting chronic SD-induced cognitive deterioration and anxiety-like behaviors by attenuating hippocampal ferroptosis through the Nrf2 pathway. These results suggested that UA represents a potential candidate for future translational studies addressing cognitive impairments and anxiety related to insufficient sleep."
18,"Alzheimer's disease (AD) involves the progressive fragmentation of neural connectivity. This study aims to investigate the morphological degeneration of neuropil fibers in AD and evaluate their utility as a marker for pathological severity. Post-mortem brain tissues from 92 cases across eight distinct regions were analyzed. We used Bielschowsky silver staining with automated quantitative morphometry to measure neuritic fiber length and curvature in the neuropil, and immunofluorescence to detect neurite cytoskeletal markers. Finally, a novel histological staging system for neuropil disruption was established to assess disease progression. Morphometric analysis revealed progressive reductions in neuritic fiber length and increased curvature tracking with disease severity, a significant negative correlation confirmed these are coupled degenerative manifestations. Immunofluorescence demonstrated extensive cytoskeletal fragmentation that corresponded to the pattern observed with silver staining. Based on morphometric analysis, a novel four-tier staging system was established, defined neuropil by homogeneous compactness (-), initial (+), extensive (++) disruption, and complete fragmentation (+++), which correlated preferentially with Phospho-Tau load. Crucially, subtle neuropil alterations were detectable in the entorhinal cortex, amygdala, and anterior hippocampus even in Braak 0 stage, suggesting a potential association between these early changes and the initial stages of tau pathogenesis. This study establishes a staging system for assessing neuropil degeneration, demonstrating that neuropil fragmentation and geometric distortion are candidate AD pathological markers. By systematically analyzing neuritic fiber morphology and proposing a neuropil disruption stage, this work provides critical insights into early AD pathogenesis, offering a foundation for future diagnostic strategies pending validation in independent cohorts with clinical correlations."
19,"Prevailing views of reward encoding focus on excitatory neurons with GABAergic interneurons relegated to a supporting role, overlooking their potential to independently encode information. Here we simultaneously examine reward encoding in GABAergic interneurons in medial prefrontal cortex (mPFC) and ventral hippocampus (vHip) in male mice, regions in which glutamatergic neurons integrate outcomes to modulate task engagement. We find a common state-sensitive encoding motif in GABAergic neurons whereby relative suppression of neural activity maps onto outcome history. Decomposing behavior into bouts of exploration and exploitation, we find that exploration gates encoding of outcome history in both mPFC and vHip GABAergic neurons. Globally, interneuron activity in both regions predicted engagement independent of state, but choice prediction was state-dependent and distributed between mPFC and vHip. Overall, these findings indicate that GABAergic neurons also participate in outcome encoding, with behavioral state shaping their role in reward-processing circuits guiding reward-motivated behavior."
20,"Flavone derivatives of natural products are often synthesized to enhance their structural specificity, target selectivity, and bioavailability. The current study aimed to examine the neuroprotective efficacy of flavone derivative in diabetic associated neurodegenerations through systematic assessments of in-silico and in-vivo. The synthesized flavone (2-phenyl-4H-chromen-4-one) was characterized by NMR spectroscopy and FTIR. The in-vivo assessments were performed by following the serum biochemistry of homeostatic model assessment (HOMA), antioxidant and histopathology of cortex and hippocampus. The in-silico assessment of molecular docking showed -6.6 Kcal/mol with dipeptidyl peptidase-4 enzyme (DPP4), -7.8 with acetylcholinesterase (AChE), and -9.5 with butyrylcholinesterase (BuChE). The diabetic neurodegeneration model was induced by the chemical induction method and treated with the test compound at a dose of 40 mg/kg in comparison to sitagliptin. The treatment of the test compound showed significant alterations in the cortex and hippocampus region with mitigated neuronal injuries which endorsed by expressions targeted genes including glucose transporter 3 (GLUT-3), glycogen synthase kinase 3 beta (GSK-3β), microtubule associated protein (MAP)-Tau, and peroxisome proliferator-activated receptor gamma (PPARγ). Furthermore, the lipid profile and oxidative stress were ameliorated significantly by the course of treatment. In conclusion, the synthesized flavone has significant capability to promote neuroprotective effects in diabetes associated neurodegeneration through mitigating oxidative stress and modulating the expression of the targeted genes, thereby alleviating neuronal injuries."
21,"Aging closely correlates with impaired cognitive abilities, including learning, attention, and memory. These impairments are typically linked to disturbances in dopaminergic signaling and hippocampus theta oscillations, two essential processes involved in memory encoding and novelty detection. This review examines the relationship between theta oscillation activity and dopaminergic novelty detection processes, offering a fresh framework for improving adult cognitive function through virtual reality (VR)-based methods. The specific purpose of this review is to investigate how dopaminergic novelty detection and theta oscillations can be leveraged through VR-based adaptive interventions to enhance cognitive function in aging populations. It investigates how exposure to new stimuli in a VR setting may activate dopaminergic neurons and induce synchronized theta rhythms to improve memory and learning. The potential for adaptive VR systems that adjust task difficulty and novelty based on real-time neural feedback is also clarified by this review. By combining results from behavioral, electrophysiological, and neuroimaging research, it supports the development of tailored, non-invasive therapies that focus on the neurological underpinnings of cognitive decline. This approach is promising for reducing age-related cognitive decline and enhancing cognitive resilience throughout life."
22,"Accumulating evidence suggests that pharmacological restoration of microglial homeostasis in the hippocampus may be a promising strategy for treating depression. In this study, we evaluated whether gardiquimod (GDQ), a selective Toll-like receptor 7 (TLR7) agonist, produces antidepressant effects in mice subjected to chronic unpredictable stress (CUS). A single intraperitoneal injection of GDQ at 1 or 1.5 mg/kg, but not 0.5 mg/kg, improved depression-related behaviors within 5 h of administration. Time-course analyses showed that the antidepressant efficacy of GDQ (1.5 mg/kg) appeared between 5 and 8 h, persisted for up to 7 days, and diminished by 14 days after a single dose. Notably, a second GDQ injection at 14 days restored the behavioral improvements, indicating sustained responsiveness to the drug. Mechanistically, the antidepressant effects of GDQ were abolished by both pharmacological inhibition (minocycline) and genetic depletion (PLX3397) of microglia, highlighting the necessity of these cells. Furthermore, GDQ reversed the CUS-induced reduction in brain-derived neurotrophic factor (BDNF) protein levels in the dentate gyrus in a microglia-dependent manner. The critical role of BDNF signaling was confirmed by three complementary approaches: intra-hippocampal infusion of a BDNF-neutralizing antibody, genetic disruption of activity-dependent BDNF release via the Val68Met knock-in mutation, and pharmacological blockade of the TrkB receptor with K252a. Each intervention abolished the behavioral effects of GDQ. Together, these findings identify GDQ as a promising candidate for antidepressant development and highlight the restoration of microglia-supported BDNF signaling in the dentate gyrus as a key mechanism underlying TLR7-mediated mood regulation."
23,"As a common anesthetic, Sevoflurane may be involved in the development of postoperative cognitive dysfunction (POCD) in the elderly. This study aims to investigate whether Sevoflurane regulates mitophagy in hippocampal neurons in elderly POCD through HSP90AA1, using a network pharmacology-based approach. Multiple databases were used to screen the common targets of Sevoflurane, mitophagy and elderly POCD, and GO and KEGG pathway enrichment analyses were performed. The protein-protein interaction network was constructed using STRING database and Cytoscape software, and the binding characteristics of Sevoflurane to the core target HSP90AA1 were verified by molecular docking and dynamics simulation. For cellular experiments, mouse hippocampal neuronal cells (HT22) were treated with Sevoflurane, and rescue experiments were performed by knocking down HSP90AA1 (sh-HSP90AA1). Cell viability, oxidative stress, mitochondrial membrane potential (MMP), the expression of mitophagy markers and cell apoptosis were evaluated by CCK8 assay, LDH release detection, ROS detection, JC-1 staining, western blot and flow cytometry. A total of 42 common targets of Sevoflurane, mitophagy and elderly POCD were screened, among which HSP90AA1 was identified as one of the key hub targets. Molecular docking showed that Sevoflurane had a stable binding ability with HSP90AA1. Cell experiments showed that Sevoflurane treatment significantly inhibited HT22 cell viability and p63 protein expression, while increased LDH release, ROS level, MMP depolarization, LC3-II/LC3-I, PINK1, Parkin, HSP90AA1 protein expression, and cell apoptosis. However, knockdown of HSP90AA1 reversed the above cell injury effects induced by Sevoflurane. Sevoflurane may promote oxidative stress, mitophagy and apoptosis of hippocampal neurons by upregulating HSP90AA1, thereby aggravating the process of POCD in the elderly. These results suggest that HSP90AA1 is a potential key target for Sevoflurane-mediated neuronal injury."
24,"In vivo electrophysiological experiments were conducted to evaluate the effects of intraventricular and cortical administration of orexins on electrically evoked epileptiform discharges (EEDs) in the hippocampal CA1 field. Bipolar electrodes were stereotaxically implanted into the CA1 region of anesthetized rats, and epileptiform activity was induced by high‑frequency electrical stimulation (HFES). Orexin‑A and orexin‑B (10 μg/10 μl) were administered into the lateral ventricle or applied to the frontal cortex. Intracerebroventricular administration of orexin‑A significantly reduced the duration of EEDs within 20 minutes and abolished the progressive, HFES‑related prolongation of epileptiform discharges observed in control animals. In contrast, cortical administration of orexin‑A selectively reduced the incidence of high‑amplitude (7-10 mV) population spikes during EEDs without affecting the duration of epileptiform activity. Neither cortical nor intraventricular administration of orexin‑B produced significant changes in evoked epileptiform activity in the CA1 field, suggesting a possible involvement of OX1 receptor signaling in mediating the effects of orexin‑A. The differential effects observed after cortical versus intraventricular administration of orexin‑A appear to reflect site‑specific mechanisms of action. The effects of intraventricular administration of orexin‑A were predominantly induced via direct activation of hippocampal orexinergic receptors, whereas cortical application of orexin‑A induced its effects via modulation of cortico‑hippocampal mechanisms."
25,"Hippocampal subfield segmentation requires high-resolution T2w turbo spin echo (TSE) MRI, yet this sequence is susceptible to motion artifacts, leading to substantial data loss. We developed a conditional generative model ( <i>MRecover</i> ) that synthesizes routinely acquired T1w images to create TSE images with autoregressive slice conditioning for volumetric consistency. Trained on 7T MRI data (n = 577), the model achieved high in-domain fidelity (n = 148, SSIM = 0.84, FSIM = 0.94) and generalized well to out-of-domain 3T data: subfield volumes from synthesized and the as-acquired images closely matched: (n = 416, r = 0.87-0.97) and yielded 31.8% more analyzable subjects in the motion-affected ADNI3 dataset after quality control (593 vs 450). The synthesized images also achieved larger effect sizes due to increasing the sample size for diagnostic group differences in hippocampal subfield atrophy (whole hippocampus ε²=0.121-0.100 vs. 0.086-0.062, left-right hemispheres). Project page: https://jinghangli98.github.io/MRecover/."
26,"Inflammatory bowel disease (IBD) is frequently accompanied by anxiety and depression, yet effective therapies targeting both intestinal inflammation and neuropsychiatric symptoms remain limited. This study aimed to investigate whether honeysuckle-derived nanovesicles (HNVs) could alleviate IBD-related affective disturbances by modulating the microbial-gut-brain axis (MGBA). A chronic colitis mouse model was established using dextran sulfate sodium (DSS). Mice were treated orally with HNVs, and anxiety- and depression-like behaviors were evaluated using behavioral assays. Intestinal barrier integrity, gut microbiota composition, systemic immune responses, proinflammatory cytokine production, hippocampal immune infiltration, 5-hydroxytryptamine (5-HT) biosynthesis and metabolism, and activation of the BDNF/TrkB/GSK3β signaling pathway were assessed using histological, microbiological, immunological, biochemical, and molecular analyses. Oral administration of HNVs markedly attenuated anxiety- and depression-like behaviors in mice with chronic colitis. HNV treatment preserved intestinal barrier integrity, reshaped the gut microbial community, modulated systemic immune responses, reduced proinflammatory cytokine production and hippocampal inflammatory infiltration, and regulated 5-HT biosynthesis and metabolic pathways. These effects were associated with restoration of intestinal and neural homeostasis and activation of the BDNF/TrkB/GSK3β signaling cascade. HNVs alleviated IBD-related affective disturbances in experimental chronic colitis by regulating the MGBA, suppressing inflammation, modulating 5-HT metabolism, and restoring intestinal and neural homeostasis. These findings support HNVs as a potential natural nanotherapeutic strategy for the integrated management of intestinal inflammation and associated neuropsychiatric comorbidities."
27,"Post-traumatic stress disorder (PTSD) is marked by impaired contextual modulation of fear, leaving patients vulnerable to symptom return after extinction-based therapy. The thalamus is theorized to coordinate hippocampal-prefrontal circuits during contextual updating. Yet, its role in PTSD remains uncharacterized. We examined the contribution of the medial mediodorsal thalamus (MDm) to extinction-recall and fear renewal and its association with symptom severity. 425 participants completed threat renewal and 524 extinction-recall paradigms during fMRI (threat renewal: 189 healthy controls, HC; 129 trauma-exposed HC, TEHC; 107 PTSD extinction-recall: 280 HC; 132 TEHC; 112 PTSD). Analyses examined MDm activation and connectivity with canonical fear-regions; lateral mediodorsal thalamus (MDl) and anterior pulvinar served as control regions. Structural equation modeling characterized the covariance linking thalamocortical connectivity to diagnostic group. During fear renewal but not extinction-recall, a Time × Group interaction emerged in MDm functional connectivity: PTSD participants showed reduced MDm connectivity with hippocampus and sgACC relative to control groups during early but not late fear renewal. Parallel reductions emerged in anterior pulvinar-vmPFC connectivity. MDl, showed no group differences. Structural equation modeling indicated that thalamo-hippocampal connectivity covaried with group via both MDm-sgACC and anterior pulvinar-vmPFC connectivity. MDm-dACC connectivity scaled with PTSD severity, independent of MDl and anterior pulvinar. State-specific reductions in MDm-hippocampal-cingulate and pulvinar-vmPFC connectivity during early fear renewal in PTSD highlight parallel thalamocortical alterations during flexible contextual threat updating. These alterations, along with the selective MDm-dACC association with symptom severity, nominate MDm-centered circuit as a hypothesis-generating focus for future mechanistic neuromodulation studies."
28,"Tracing the propagation of high-frequency oscillations (HFOs) aids in localizing epileptogenic regions and improving surgical outcomes. We examined how hippocampal epileptogenicity influences the propagation properties of the HFOs it generates. We analyzed non-REM sleep stereo-EEG from 49 patients (68 hemispheres) with verified hippocampal contacts. Hippocampi were stratified by excitability: 28 seizure onset zone (SOZ), 22 more-irritative non-SOZ (>6 interictal epileptiform discharges [IED]/min), and 18 less-irritative non-SOZ (<6 IED/min). To isolate significant HFO propagation pathways, we constructed empirical temporal networks (maximum latency 150 ms) and validated them against 1,000 permutation-generated surrogates. We then compared the proportion of statistically significant propagating HFOs originating from hippocampal contacts across these groups. We examined ripples on oscillation (RonO, 80-250 Hz) and fast ripples on oscillation (FRonO, 250-600 Hz). FRonO, but not RonO, rates were significantly elevated in hippocampal SOZ versus non-SOZ contacts (p<1e-9). Intrahippocampal RonO propagation proportion was highest in less-irritative non-SOZ compared to more-irritative non-SOZ (p<0.05) and SOZ (p<0.001). Across groups, we found no other differences in RonO or FRonO propagation proportions, including spread to other mesial-temporal structures or the neocortex. Intrahippocampal RonO propagation is proportionally greater in less-irritative non-SOZ tissue than in the epileptogenic hippocampus. Distinguishing physiological from pathological RonO using signal features alone remains challenging. Our work suggests these categories are not distinct; rather, RonO signals and their underlying hippocampal substrates likely exist on a continuous physiological-to-pathological spectrum. Furthermore, RonO propagation may serve as a novel metric to quantify hippocampal epileptogenicity. Intrahippocampal propagation of ripples on oscillations (RonO, 80-250 Hz) is highest in the less-irritative hippocampus along the epileptogenicity spectrum despite their rates were similar.The proportions of hippocampal-to-mesial-temporal and hippocampal-to-neocortical RonO propagation remain constant across varying degrees of hippocampal epileptogenicity.Propagation proportions for fast RonO (fRonO, 250-600 Hz) do not differ significantly across the hippocampal epileptogenicity spectrum despite that their rates differ. The hippocampus is a part of the brain that is crucial for memory. Sometimes, injured parts of the hippocampus create fast electrical brainwaves, called high-frequency oscillations (HFOs), which are linked to seizures. However, healthy parts of the hippocampus also create HFOs, and these are important for learning and memory. In this study, we wanted to know: do the brainwaves from an injured hippocampus spread differently through the brain than the brainwaves from a healthy one?"
29,"Alzheimer's disease (AD) is a progressive neurodegenerative disorder characterized by amyloid-beta plaques and tau tangles, with significant pathological changes occurring in subcortical brain regions. While previous research has focused primarily on volumetric reductions in areas such as the hippocampus, thalamus, and caudate, emerging evidence suggests that their fine-grained shape deformations may offer greater sensitivity to early disease pathology. Moreover, understanding how these shape alterations influence brain functional connectivity (FC) networks could provide critical insights into the neurobiological mechanisms underlying the progression of AD. In this context, we propose a novel statistical approach, the Connectivity-on-Shape Regression (COSR) model, designed to investigate the spatially varying impact of brain subcortical shape on FC, accounting for the intrinsic modularity of functional networks. Under a Bayesian framework, COSR employs a relaxed-thresholded Gaussian process prior model to promote feature selection and integrates a stochastic block model to capture the unknown modular organization of FC. To facilitate the practical application of COSR with vertex-level shape measurements, we develop a computationally efficient variational inference approach to achieve posterior inference. Extensive simulations demonstrate the superiority of COSR over existing alternatives in accurately uncovering connectivity-to-shape associations and identifying neurobiological signals. Applying COSR to data from the Anti-Amyloid Treatment in Asymptomatic Alzheimer's study, we discover meaningful neural structural-functional relationships in amyloid-positive individuals, highlighting the potentially complex interplay between structural and functional brain alterations during this crucial preclinical stage of AD."
30,"Understanding the organization and function of thalamic pulvinar projections to the amygdala is of interest due to the proposal that this projection provides the amygdala with short-latency visual sensory input that eludes conscious awareness. However, most reports in primates have emphasized a projection from the multimodal medial pulvinar-a pulvinar division unique to primates-versus projections from visual pulvinar divisions (inferior or lateral). Further, reports in other closely related species such as tree shrews and rodents have yielded inconsistent results relative to primates when homology is considered. In these species, subdivisions of the lateral posterior/pulvinar complex, which are homologous to the visual inferior pulvinar of primates, project to the amygdala. Such a difference in pulvino-amygdala connections across these closely related species would be surprising. However, modern methods that reveal subdivisions of the pulvinar were lacking in previous anatomical studies of primate pulvino-amygdala connections. To better understand whether a major shift in pulvino-amygdala projections is truly present across species, we reevaluated the locations of pulvinar neurons projecting to the amygdala in rhesus monkeys (Macaca mulatta) using robust anatomical markers for delineating divisions of the pulvinar, and specifically highlighting the border between the medial and inferior pulvinar. Our findings show definitively that pulvino-amygdala projections in macaques share both conserved, via the visual inferior pulvinar, and novel, via the medial pulvinar, profiles. Further, our data provide a refinement in the available routes via which visual information could reach the amygdala, one that includes the inferior pulvinar nucleus of the thalamus."
31,"BackgroundDepressive symptoms frequently co-occur with cognitive impairment in older adults. Although depression and cognition interact in brain activity, the underlying functional connectivity mechanisms in mild cognitive impairment (MCI) remains unclear.ObjectiveTo investigate how depressive symptoms modulate the relationship between cognition and amygdala/hippocampus functional connectivity in MCI.MethodsThis study included 138 participants (45 healthy controls and 93 MCI patients) who underwent resting state functional magnetic resonance imaging (rs-fMRI) and neuropsychological assessment using the Montreal Cognitive Assessment-Basic (MoCA-B) for cognitive function and Hamilton Depression Rating Scale (HAMD) for depressive symptoms. Seed-based functional connectivity analysis was performed using bilateral amygdala and hippocampus as seed regions to quantify the HAMD × MoCA-B non-monotonic interactions on whole-brain connectivity. Simple slopes analyses were conducted to characterize directionality changes across depression severity levels.ResultsWhole-brain analyses revealed significant HAMD × MoCA-B interaction effects (cluster p value < 0.05, voxel p value < 0.01, GRF corrected) demonstrating symptom-dependent reorganization of cognition-FC relationships. Amygdala connectivity decreased to anterior/middle cingulate and precuneus but increased to triangular part of inferior frontal gyrus (IFGtri), medial superior frontal gyrus, and cerebellar lobule IX. Hippocampal connectivity decreased to cuneus, insula, thalamus, and caudate but increased to opercular part of inferior frontal gyrus (IFGop), orbitofrontal cortex, and cerebellar lobule VIII.ConclusionDepressive symptoms alter amygdala and hippocampal FC relationships with cognition in MCI. Depression-dependent hippocampal/amygdala connectivity changes with the frontoparietal network (FPN-A)-particularly IFGop/IFGtri and cerebellum-suggest their role as critical hubs for emotional-cognitive integration, highlighting them as potential neuromodulation targets for cognitive and depressive symptoms in MCI."
32,"Functional Neurological Disorder (FND) is increasingly understood as a disorder of brain functioning rather than structural damage. While contemporary predictive coding models have provided important insights into the generation of functional symptoms, they offer limited explanations for vulnerability, developmental risk, and the striking association between FND and adverse life experiences. A substantial body of evidence indicates that early-life stress, trauma, and chronic adversity are overrepresented in individuals with FND and are associated with enduring neurobiological alterations in brain systems central to emotional processing, interoception, and motor control. In this paper, we propose that stress-related neuroplasticity constitutes a key developmental substrate that predisposes the brain to maladaptive learning processes, increasing the likelihood that salient bodily states become rigidly encoded and persist as functional symptoms. We review evidence linking trauma exposure to long-lasting changes in limbic, paralimbic, and sensorimotor circuits implicated in FND, including the amygdala, anterior cingulate cortex, insula, orbitofrontal cortex, and supplementary motor areas. We further examine autonomic and neuroendocrine abnormalities and gender-related biological factors that may amplify these effects. We argue that these convergent findings support a model in which FND emerges from excessive, stress-biased neuroplasticity that promotes overlearning of bodily predictions, rather than from a primary failure of belief updating. This framework provides a coherent account of vulnerability, symptom persistence, and heterogeneity in FND, and offers a biologically grounded bridge between developmental risk factors and contemporary computational models of functional symptoms."
33,"Early life stress (ELS) is a major risk factor for reactive and pathological aggression that can persist long after the original stress exposure. Across species, ELS produces enduring alterations in the neural circuits that regulate social behavior and aggression, yet the molecular, structural, and circuit mechanisms that stabilize these changes remain poorly defined. Emerging evidence implicates N-methyl-D-aspartate receptor (NMDAR)-dependent structural plasticity in aggression circuits as a mechanism linking early adversity to persistent aggressive behavior. In this review, we present a hypothesis-driven narrative that synthesizes clinical, postmortem, imaging, and preclinical evidence to define a testable framework for future research. We focus on how ELS may recruit NMDAR signaling to reshape excitatory connectivity within aggression circuits, with particular emphasis on the posterior ventral medial amygdala to ventrolateral ventromedial hypothalamus pathway. Within this pathway, preclinical studies suggest that ELS increases dendritic spine density, promotes excitatory shaft synaptogenesis, and biases synaptic input toward proximal dendritic locations predicted to exert stronger effects on neuronal firing. We propose that this location-specific remodeling may increase circuit excitability, thereby lowering the threshold for aggressive responding. We further examine the translational potential of targeting NMDAR-dependent plasticity, focusing on the clinically available antagonists ketamine and memantine. By integrating molecular, structural, circuit-level, and clinical perspectives, we propose that NMDAR-dependent control of synapse formation and location represents a plausible mechanism through which ELS persistently biases neural circuits that regulate aggression. Targeting these processes may provide new strategies for reducing pathological aggression following ELS."
34,"The primate anterior entorhinal cortex (EC) receives rich projections from the amygdala and from multimodal association areas, including the medial prefrontal, anterior cingulate, and orbitofrontal cortices. Axon terminations from these structures on the anterior EC facilitate processing of the emotional aspects of stimuli and events. The EC projects to hippocampus, which is associated with episodic memory. Processing in the anterior EC is modulated by inhibitory neurons, which in primates express the calcium-binding proteins (CBPs): calretinin (CR), or calbindin (CB) or parvalbumin (PV), which collectively account for most inhibitory neurons in the primate cortex. Here, stereological analysis of these neurochemical classes of inhibitory neurons in the anterior half of EC in humans revealed similar patterns as in rhesus monkeys. In both primate species, the densest neuronal subpopulation of presumed inhibitory neurons expressed CR, followed by CB, and lastly by PV. In both species CR neurons were most prevalent in layers I and II, CB neurons in layers II and III and PV neurons in the middle-deep layers. Moreover, the medial and lateral sectors of the anterior EC had different densities of neurons expressing these CBPs. Further analysis revealed that in the human anterior EC, virtually all PV neurons expressed the GABAergic marker GAD67/GAD1 (glutamate decarboxylase 67/glutamate decarboxylase 1), whereas only two-thirds of CB neurons and only one-third of CR neurons colocalized with GAD67/GAD1. In the entire neuronal population of the anterior half of human EC estimated by stereology, 10% expressed GAD67/GAD1, comparable to the collective population of CBP-positive neurons that colocalized with GAD67/GAD1. These findings reveal that the medial and lateral sectors of anterior EC have distinct inhibitory microenvironments, which likely affect the processing of input and output of hippocampus."
35,"The hippocampus and amygdala form a tightly integrated circuit supporting memory-emotion integration and stress regulation, critically implicated in psychosis development. However, the maturation of the hippocampus-amygdala (HIP-AMY) complex as a functional unit remains poorly understood. 22q11.2 deletion syndrome (22q11DS), with increased risk of schizophrenia, provides a valuable model to study its neurodevelopmental trajectories. A prospective longitudinal cohort of 133 individuals with 22q11DS and 150 healthy controls (HC) underwent neuroimaging and psychiatric assessments approximately every three years. Resting-state fMRI data were analysed using a data-driven clustering approach to identify transient states of dynamic functional connectivity linked to the activation of specific ensembles of HIP-AMY nuclei. State occurrences over age were compared between 22q11DS and HC and between 22q11DS individuals with and without positive psychotic symptoms (PPS+ and PPS-). Seven HIP-AMY states were identified, three showing significant and one trend-level age-by-diagnosis interaction. Importantly, the occurrence of a CA3-centromedial amygdala driven state showing co-activation of limbic and thalamo-striatal salience hubs decreased over age in HC, but remained elevated in 22q11DS. This divergence was reflected within 22q11DS, with PPS- showing a decrease and PPS+ a modest increase. The persistence of this pattern over development may provide a dynamic signature of emergence of psychosis."
36,"Identifying biomarkers for serious mental illnesses (SMI) has significant implications for early intervention and prevention. The current study uses machine learning to build a model of risk prediction and transition based on multi-modal neuroimaging, clinical, and behavioral data from youth at transdiagnostic risk. Participants aged 12-25 were recruited at two sites in Canada, and followed for 4 years. Symptom severity was measured using the Scale of Psychosis-Risk Symptoms (SOPS) and K10 Distress Scale, and a range of cognitive and behavioral measures were collected, as well as magnetic resonance imaging (MRI) data. Participants were assigned to one of 5 groups: healthy controls (HC; n = 42), familial risk (stage 0; n = 40), mild symptoms (stage 1a; n = 48), attenuated syndromes (stage 1b; n = 82), or discrete disorder (transition; n = 31). Constrained spherical deconvolution was used to generate whole brain tractography maps from diffusion MRI, which were then used to calculate connectivity matrices for graph theory analysis. Graph theory was also used to analyze correlations of functional MRI signal between pairs of brain regions. All measures were evaluated in a model to predict transition between groups. Random Forest analysis identified diffusion MRI-derived nodal metrics of betweenness centrality in the angular gyrus, inferior temporal gyrus, amygdala and calcarine fissure as potential features which can discriminate between the groups. Additionally, SOPS and K10 Distress Scales were useful behavioral predictors of transdiagnostic risk. Our findings show that combining neuroimaging with clinical characteristics may result in a promising predictive model for transdiagnostic risk and transition to SMI."
37,"People differ in their tendency to experience negative emotions. This variability is largely captured by broad psychological constructs like neuroticism, whose facets include anxiety, depression, and stress vulnerability, among others. The amygdala and salience network have been assumed to underlie such dispositions, despite inconsistent evidence. We preregistered a comprehensive test of these and other competing hypotheses-accompanied by theory-agnostic machine learning prediction-using neural responses in the two most common emotional neuroimaging tasks (scenes and faces; N = 338/424). Evidence including Bayes factors indicated that neuroticism is not associated with any region, network, affective signature, or machine learning pattern, including the amygdala. Still, a brain-wide machine learning pattern robustly predicted the neuroticism facet stress vulnerability (r = .21), replicated in an independent dataset (r = .19). Predictive performance most strongly depended on somatomotor and visual networks, rather than salience network regions, relating stress vulnerability to cortical perception-action systems. Together with a multiverse analysis spanning 14 trait constructs and 1,176 models, our findings demonstrate the highly selective predictability of emotional dispositions from brain responses to common affective tasks. Therein, they highlight the importance of construct and task selection, while challenging the role of the most commonly used neural markers, including responses of the amygdala and salience network."
38,"Diet quality during early life may influence neurodevelopmental trajectories, but the associations between ultra-processed food (UPF) intake and neurocognitive outcomes has not been broadly examined. To examine whether cumulative UPF intake from infancy through early childhood is associated with cognitive performance at 24 and 72 months and with subcortical brain volumes at 72 months. In this prospective birth cohort study, multiple 24-hour dietary assessments were used to calculate the percentage of UPF-calorie intake, using the Nova classification system. Cumulative UPF intake from 6 to 24 and from 6 to 72 months was summarized as the area under the curve. Cognitive performance was assessed at 24 and 72 months, and subcortical brain volumes were derived from T1-weighted MRI scans at 72 months. Associations were examined using multiple univariate linear regressions with false discovery rate (FDR) correction. Cumulative UPF intake was not associated with cognitive performance at either 24 months (n=144, 57% girls) or 72 months (n=93, 59% girls). In contrast, cumulative UPF intake from 6 to 72 months (n=79, 58% girls) was inversely associated with the volumes of the bilateral accumbens, left amygdala, bilateral pallidum, left putamen, and bilateral thalamus (all FDR-adjusted p < 0.05). On average, a 10% higher proportion of cumulative UPF intake was associated with a 1.92% lower subcortical volume (CI95% -3.29, -0.58). Associations were consistent across exposure windows (6-24 months compared with 72 months) and UPF subtypes (e.g., snacks, fast food). Greater cumulative UPF intake from infancy through early childhood was associated with differences in neurodevelopment at age six years. These findings highlight this period as a potentially relevant window for nutrition-focused prevention efforts. Future studies are needed to clarify specific windows, neurobiological mechanisms, identify specific nutritional factors, and define long-term implications."
39,"Borderline personality disorder (BPD) is a chronic mental health condition associated with marked elevations in disability. Limited pharmacological treatment options are currently available, and kappa opioid receptors (KOR) have been identified as a promising treatment target. However, the KOR system has not yet been directly examined in BPD. This study examined KOR in individuals with BPD and investigated links between KOR and BPD's clinical features. Twenty individuals with BPD and 20 demographically matched healthy control (HC) volunteer participants were scanned with [<sup>11</sup>C]EKAP positron emission tomography (PET) and completed self-report and interview measures. KOR availability (volume of distribution; V<sub>T</sub>) was measured in brain regions of interest (ROIs) relevant to the pathophysiology of BPD. No differences in age or sex were observed between HCs (Mean age: 32.94; SD=8.45; 60% female), and individuals with BPD (Mean age: 33.30; SD=9.34; 60% female). In individuals with BPD, KOR V<sub>T</sub> was significantly lower in the amygdala (M<sub>diff</sub>=-8.04; 95% CI[11.40; -4.69]), anterior cingulate (M<sub>diff</sub>=-2.95; 95% CI [-5.22; -0.68]), hippocampus (M<sub>diff</sub>=-2.12; 95% CI [-3.37; -0.88]), insula (M<sub>diff</sub>=-3.58; .95% CI[-5.71; -1.46]), and frontal ROIs (M<sub>diff</sub>=-1.83; 95% CI[-3.28; -0.38]). V<sub>T</sub> correlated negatively with specific clinical features including impulsivity (r(28)=-.45 p=.013, 95% CI[-.72; -.11]) and depressive symptoms (r(28)=-.43, p=.021, 95% CI[-.70, -.07]), but not trauma symptoms. Findings demonstrate differences in KOR availability in BPD and relationships between KOR availability and clinically relevant features. Results highlight the relevance of KOR in BPD pathophysiology and further implicate the opioid system as a promising target for treatment development in BPD."
40,"Alzheimer's disease (AD) involves the progressive fragmentation of neural connectivity. This study aims to investigate the morphological degeneration of neuropil fibers in AD and evaluate their utility as a marker for pathological severity. Post-mortem brain tissues from 92 cases across eight distinct regions were analyzed. We used Bielschowsky silver staining with automated quantitative morphometry to measure neuritic fiber length and curvature in the neuropil, and immunofluorescence to detect neurite cytoskeletal markers. Finally, a novel histological staging system for neuropil disruption was established to assess disease progression. Morphometric analysis revealed progressive reductions in neuritic fiber length and increased curvature tracking with disease severity, a significant negative correlation confirmed these are coupled degenerative manifestations. Immunofluorescence demonstrated extensive cytoskeletal fragmentation that corresponded to the pattern observed with silver staining. Based on morphometric analysis, a novel four-tier staging system was established, defined neuropil by homogeneous compactness (-), initial (+), extensive (++) disruption, and complete fragmentation (+++), which correlated preferentially with Phospho-Tau load. Crucially, subtle neuropil alterations were detectable in the entorhinal cortex, amygdala, and anterior hippocampus even in Braak 0 stage, suggesting a potential association between these early changes and the initial stages of tau pathogenesis. This study establishes a staging system for assessing neuropil degeneration, demonstrating that neuropil fragmentation and geometric distortion are candidate AD pathological markers. By systematically analyzing neuritic fiber morphology and proposing a neuropil disruption stage, this work provides critical insights into early AD pathogenesis, offering a foundation for future diagnostic strategies pending validation in independent cohorts with clinical correlations."
41,"Electrodermal activity (EDA) serves as a reliable indicator of sympathetic activation for the measurement of emotional arousal. Despite extensive use of EDA in psychophysiological and neurophysiological research, little is known about how repeated stimulus presentation influences EDA responses, particularly when more than one parameter is measured simultaneously. This study examined the influence of repeated stimulus presentation on three EDA parameters (SCRs, SPRs, and SSRs). A total of sixty healthy subjects participated in the study. They were exposed to four external stimuli: sound, image, taste, and smell. Each of the four stimuli was repeated five times to investigate the effect of their repetition on SCRs, SPRs, and SSRs. Significant (p < 0.001) impacts of repeated stimulus presentation and introducing a novel stimulus on three EDA parameters were observed. The study results indicated that SCRs, SPRs, and SSRs were reduced following stimulus repetitions and habituation, exhibiting exponential decay, and they recovered following a change in stimulus category. This suggests that using different stimuli may better preserve physiological reactivity by limiting within-trial habituation. This information should be considered in neurotechnological applications, such as amygdala function, where repeated presentation of the same stimulus may inadvertently decrease amygdala activation, potentially mimicking volitional downregulation."
42,"Interest in parvalbumin (PV) neurons has surged in recent years, driven by new insights into their role in the pathogenesis of depression. As a key class of γ-aminobutyric acid (GABA)-ergic interneurons, PV neurons have emerged as critical regulators of excitatory-inhibitory (E/I) balance, a core mechanism disrupted in depression. Growing evidence links PV neuron dysfunction to mood disturbances and cognitive impairments in depression. Recent studies highlight molecular alterations in PV neurons, including gene regulation, epigenetic modifications, and neurotransmitter/receptor imbalances, as well as circuit dysfunctions in the medial prefrontal cortex, hippocampus, and amygdala in depression. Interventions targeting PV neurons, such as pharmacological agents, neurotrophic factor modulation, and neuromodulation, show promise in restoring function. This review summarizes current advances in the molecular and circuit mechanisms of PV neuron dysfunction in depression, with the aim of providing a useful reference for future related studies."
43,"Fear is an evolutionarily conserved survival mechanism. Fear behavior is strongly correlated with body size in dogs, the genetic basis of fear regulation independent of size-related traits remains unclear. Through cross-breed genome-wide association analysis, we identified association between <i>HMGA2</i> gene and fear traits. Our functional validation revealed that viral overexpression of <i>Hmga2</i> in the mouse basolateral amygdala attenuated fear memory formation independent of body weight, while <i>Hmga2</i> knockout (KO) mice exhibited enhanced fear memory. Transcriptomic analyses linked <i>Hmga2</i> to modulation of neurotransmitter activity, synaptic plasticity (including GABAergic signaling), and neurogenesis, with additional roles in early brain development revealed by embryonic KO studies. We also identified a mutation in an enhancer that can regulate <i>HMGA2</i> expression in human HEK293T cell line. Our findings establish <i>HMGA2</i> as a pleiotropic regulator of fear behavior decoupled from its effects on body size, resolving a long-standing confound in canine behavioral genetics."
44,"The integration of biological organisms with robotic systems has enabled hybrid cyborg platforms that combine biological sensory agility with electromechanical precision. However, existing cyborg systems predominantly rely on unidirectional stimulus-driven control, treating animals as bio-actuators while neglecting their intrinsic cognitive states. To bridge this gap, we present a closed-loop cyborg-swarm architecture that utilizes the animal's internal affective state (fear) as a high-level trigger to modulate robotic swarm strategies. Specifically, we developed a lightweight, real-time wireless brain-machine interface (BMI) to record local field potentials from the mouse basolateral amygdala. To ensure robust decoding in freely moving subjects, we implemented a dual-threshold detection algorithm that identifies fear states based on elevated [Formula: see text]-band power (15-30 Hz) and suppressed high-frequency noise, effectively rejecting motion artifacts. This decoded intent drives a dual-mode control framework: under baseline conditions, the system operates in a proportional-integral-derivative (PID)-based Exploration Mode; upon detection of fear, it autonomously switches to an Interaction Mode governed by Multi-Agent Deep Deterministic Policy Gradient. In this mode, a heterogeneous robotic swarm (comprising a MouseBot and an ally micro aerial vehicle (MAV)) executes coordinated adversarial defense strategies against an enemy MAV. Experimental results in a search-interference game demonstrate that biological affective signals can successfully trigger millisecond-level control authority switching, enabling the emergence of complex bio-machine cooperative behaviors. This work marks a paradigm shift from physical-level interaction to cognitive-level bio-hybrid cooperation, validating a scalable framework for emotion-modulated cyborg swarms."
45,"No effort has still been made to integrate within a general model of emotions the relations between amygdala, fear (and other emotions) and the right hemisphere. This integration is the aim of this review that will start with the description of a model viewing emotions as a primitive adaptive system, alternative to the cognitive system. I will then analyze the main characteristics of the amygdala and of its subcortical pathway that allows to detect, with an urgency procedure, life-threatening stimuli, and to provide, with automatic and unconscious processing modalities, rough sensory data to the amygdala. Since this subcortical pathway is lateralized to the right hemisphere in humans, but not in animals, the reasons of this evolution will be discussed with reference to the ""crowding model"" , which assumes that brain lateralization may serve to avoid conflicts between systems (such as the emotional and the cognitive ones) competing at the decisional level. This model could explain the left lateralization of language and the consequent complex renovation of the working modalities of both hemispheres. Support to this model comes from the observation that the right hemisphere is characterized not only by a greater representation of emotions, but also by automatic and unconscious processing modalities typical of the emotional system, whereas the left hemisphere is characterized by language-mediated conscious and intentional functioning modalities."
46,"Acetylcholine (ACh) signaling in the basolateral amygdala (BLA) has been implicated in salience-related processing and associative learning, yet the circuit mechanisms that regulate its dynamics remain poorly understood. Here we show that BLA ACh dynamically represented salience. In the mouse nucleus accumbens (NAc), D1-expressing medium spiny neurons (MSNs) selectively promote, whereas D2-expressing MSNs selectively suppress, ACh release in the BLA but not in the cortex or hippocampus. NAc D1 and D2 MSNs regulate BLA ACh by disinhibiting and inhibiting cholinergic neurons in the substantia innominata (SI), respectively. Axon terminals of D1 and D2 MSNs in the SI exhibit differential responses to salient stimuli and modulate BLA ACh dynamics. Closed-loop optogenetic manipulations of NAc D1 and D2 projections to the SI have opposing effects on associative learning. Our findings uncover an unconventional role of striatal MSNs in modulating behavioral significance through the regulation of salience-related amygdalar ACh activity."
47,"Subthreshold depression (StD) is considered a significant precursor to major depressive disorder (MDD). MDD has been associated with abnormalities in dopamine-coupled brain regions, particularly a few specific subcortical structures, which are considered a key pathophysiological mechanism. However, the precise role that subcortical structures play in the pathophysiology of StD is still unclear. We compared the seed-based whole-brain static and dynamic functional connectivity (sFC/dFC) of subcortical regions between 50 individuals with StD and 50 healthy controls (HC). Static and dynamic subcortical networks were constructed for each group, followed by graph theory, network-based statistical (NBS), and K-means clustering analyses. Individuals with StD exhibited decreased sFC/dFC in the amygdala, caudate, putamen, pallidum, and brainstem, with primary involvement of the prefrontal cortex, precuneus, and supramarginal gyrus. The global topological properties of static subcortical networks, including small-world property and local efficiency, were reduced in StD. In dynamic subcortical networks, two recurring FC patterns were identified, exhibiting altered temporal properties in StD. Additionally, exploratory analyses further suggested that dynamics of subcortical structures, particularly the amygdala and caudate, were modestly associated with the severity of depressive symptoms and showed predictive value in distinguishing StD from HC. These findings offer new perspectives on the neural mechanisms underlying subcortical disruptions in StD, highlighting dysfunction within the amygdala and caudate as potentially core neurobiological features."
48,"Theta-band oscillation is integral to fronto-parietal connectivity in the executive control network and its top-down regulation on subcortical areas. External frontoparietal synchronization using theta-frequency transcranial alternating current (tACS) is a technology to potentially engage this network. In this pre-registered, triple-blind, sham-controlled trial (NCT03907644), we tested this intervention targeting the right frontoparietal network in people with opioid use disorder (OUD) to measure network engagement and behavioral outcomes. Sixty male participants with OUD were randomized to receive 20 min of active or sham 6 Hz tACS (HD electrodes over F4 and P4). Structural, resting-state, task-based fMRI drug cue reactivity, and repeated cue-induced craving assessments were collected immediately before and after stimulation. Pre-registered outcome measures were analyzed using time × group interaction models to examine (1) modulation of drug cue-related brain activity, (2) changes in craving, (3) alterations in functional connectivity, and (4) relationship between electric field, neural responses, and craving behavior. (1) A significant Time × Group interaction revealed decreased post-stimulation opioid cue-related activity in the active group relative to sham, involving key nodes in reward processing (ventral striatum, amygdala and ventral tegmental area) (FWE corrected α = 0.05) (2) subjective craving did not differ significantly between groups (3) Group by time generalized psychophysiological interaction analyses showed increased right frontoparietal network engagement (β = 2.63, p= 0.0308) following stimulation, and increased top-down inhibitory regulation of frontoparietal network on right ventral striatum (β = 1.99, p= 0.037) and left medial amygdala (β = 1.97, p= 0.039) (4) Electric field strength in the right frontal/parietal node predicted frontoparietal network engagement in the active group (r = 0.43, p= 0.02). Together, these findings demonstrate that theta-band frontoparietal tACS can modulate activity and task-dependent coupling within cortical-subcortical circuits in OUD, supporting network-targeted neuromodulation as a potential intervention for addiction."
49,"A growing body of research highlights the fear extinction model as a key framework for understanding the pathology of anxiety disorders and developing therapeutic interventions. Functional imaging studies link successful extinction recall and reduced amygdala reactivity with ventromedial prefrontal cortex (vmPFC) activity, while dysfunctional vmPFC activity is associated with anxiety pathology. Enhancing vmPFC activity through transcranial direct current stimulation (tDCS) has thus emerged as a promising approach to augment cognitive behavioral therapy (CBT) and therapeutic exposure therapies for anxiety disorders. In this study, anodal tDCS was applied over the vmPFC during the extinction learning phase of a 3-day fear acquisition/extinction paradigm (anodal tDCS: 21, sham tDCS: 23 participants). Skin conductance response (SCR) and Blood Oxygenation Level Dependent (BOLD) brain activity were recorded simultaneously. Healthy participants who received real tDCS showed significantly improved extinction recall compared to the sham tDCS group, as indicated by the SCR. Fear acquisition activated core regions of the fear network, including the anterior cingulate cortex, amygdala, orbitofrontal cortex, and insular cortex. During extinction learning, real tDCS activated both fear and safety networks (particularly the posterior cingulate and middle temporal cortex) during early extinction, while the sham tDCS group showed activity only in the fear network. Furthermore, a decoupling of the vmPFC with fear network regions with real tDCS during extinction was observed, indicating strengthened inhibitory control. These findings suggest that anodal tDCS over the vmPFC promotes early activation of the safety network, enhancing extinction learning and consolidation. This suggests its translational potential as an adjunctive intervention for anxiety disorders."
50,"The aim of this study was to compare regional brain tau extent across the disease spectrum in early- and late-onset Alzheimer's disease using the second-generation tau PET tracer [<sup>18</sup>F]RO948, and to investigate the relationship between PET-derived patterns, plasma p-tau217, brain atrophy, and cognition. We examined 57 participants: 39 patients from the Cognitive Assessment Unit at Karolinska University Hospital (Stockholm/Sweden)-diagnosed as MCI Aβ- (n = 10), MCI Aβ + (n = 16; 8 EO and 6 LO), and AD (n = 13; 5 EOAD and 8 LOAD)-and 18 cognitively normal controls. All participants underwent [<sup>18</sup>F]RO948 tau-PET, structural MRI, cognitive testing, and plasma p-tau217 analysis. Both EO and LO MCI (Aß +) showed higher [<sup>18</sup>F]RO948 binding in amygdala, entorhinal cortex, hippocampus (p < 0.001) and extending to inferior temporal regions (p < 0.01) compared to controls, with some MCI-EO cases already showing advanced neocortical tau burden. At the AD stage, EOAD patients showed greater neocortical tau extent in temporo-parietal and frontal cortices than LOAD. P‑tau217 positively correlated with [<sup>18</sup>F]RO948 in amygdala, entorhinal cortex, hippocampus (rho = 0.81) followed by temporal (rho = 0.71), and parietal cortices (rho = 0.56, all p < 0.001). The Tau‑PET/p-tau217 association was different between EOAD and LOAD with greater differences in parietal cortices. Tau‑PET also showed stronger region‑specific associations with cognitive impairment than p‑tau217, especially in EOAD. [<sup>18</sup>F]RO948-PET captured interindividual heterogeneity in tau accumulation that was not reflected by plasma p-tau217. This dissociation was particularly evident in neocortical regions, where LOAD showed elevated plasma p-tau217 levels despite low tau PET binding. These findings highlight the value of tau-PET as a sensitive biomarker for detecting early disease heterogeneity, assessing disease severity, and improving patient stratification for disease-modifying treatments."
51,"The orbitofrontal cortex (OFC) and hippocampus are critically involved in cognitive and affective functions. However, the circuit architecture and functional organization linking the OFC with distinct hippocampal subregions, particularly dorsal CA1 (dCA1) and ventral CA1 (vCA1), remain poorly understood. We combined viral circuit tracing with a bilateral disconnection strategy to investigate the anatomical and functional organization of OFC-CA1 connectivity in mice. Dual viral tracing was used to map direct and polysynaptic pathways, and taCasp3-mediated targeted neuronal ablation was employed to assess circuit-specific functional contributions. Behavioral effects were evaluated using spatial memory assays (Y-maze and object location recognition) and emotion-related tests (open field, elevated plus maze, tail suspension, and forced swim tests). We identified a unidirectional indirect pathway linking OFC to dCA1 via the claustrum (OFC → claustrum→dCA1), with no evidence of reciprocal dCA1 → OFC connectivity. In contrast, vCA1 exhibited a distinct connectivity profile, including a direct monosynaptic projection to OFC and multiple indirect pathways through the anterior thalamic nuclei, basolateral amygdala, and entorhinal cortex, while no OFC → vCA1 projection was detected. Functionally, disconnection of OFC-dCA1 connectivity selectively impaired spatial memory without affecting anxiety- or depression-like behaviors. Conversely, disconnection of vCA1-OFC connectivity induced anxiety- and depression-like phenotypes while preserving spatial memory. These findings demonstrate that the OFC interacts with dorsal and ventral CA1 subregions through anatomically distinct circuits with dissociable behavioral functions. This study provides circuit-level insight into how OFC-CA1 interactions differentially regulate spatial memory and affect-related behaviors."
52,"Autophagy is a highly conserved eukaryotic cellular process whose dysfunction results in human pathologies including cancer and neurodegenerative disease. First identified in yeast, <i>ATG</i> genes are central players in autophagy. Mutations in core autophagy genes <i>ATG5</i> and <i>ATG7</i> have been previously reported to cause rare genetic disorders with autosomal recessive inheritance. Here we report, for the first time, variants in human <i>ATG9B</i> gene as causative factors for a rare neurodevelopmental disease with autosomal recessive inheritance. Three distinct mutations were detected in three independent families with consanguinity, five patients affected in total. The first variant is an 11-nucleotide deletion resulting in a frameshift. A premature stop codon is added and the C-terminal cytosolic domain of ATG9B protein is truncated. The second one is a point mutation that changes a critical amino acid in the transmembrane domain. The third variant is a 2-nucleotide deletion causing a different truncation product. Patients presented with diverse neurodevelopmental anomalies including intellectual disability, behavioral abnormalities, congenital cerebellar ataxia, mild cerebellar atrophy, and microcephaly. Since human ATG9B is expressed specifically in the placenta, we hypothesized that the disease pathology originates during placental development. To characterize the effects of the first frameshift mutation and gain insight into the specific functions of ATG9B in a physiological setting, we used mammalian cells and a knock-in mouse model. Truncated ATG9B was not stable when expressed in cells. It was localized to perinuclear vesicles like the WT protein, but not to peripheral vesicles. Homozygous knock-in mice were viable, fertile, and displayed no gross phenotypical abnormalities. Histomorphometry analysis of the placenta layers did not reveal a significant difference between mutant and control embryos. The assessments of neurobehavioral tests were similar in wild-type and homozygous knock-in mice. However, knock-in mice had a reduced fear memory trend, which is an amygdala-involved response. In this study, we describe a new rare disease linked to <i>ATG9</i>, including cerebellar ataxia and atrophy, as described for <i>ATG5</i> and <i>ATG7</i>."
53,"Neuroticism, a Big Five trait characterized by emotional instability and susceptibility to negative affect, is a robust transdiagnostic predictor for the onset, severity, and persistence of anxiety disorders, major depressive disorder (MDD), and other affective conditions. Recent advances in functional magnetic resonance imaging (fMRI) techniques-including resting-state fMRI, multimodal neuroimaging, and their integration with machine learning-have enabled multi-perspective investigations into the neural substrates of neuroticism. Current research in this field primarily follows three complementary approaches: cross-sectional studies identifying key brain regions for emotional processing and cognitive control (e.g., amygdala (AMG), prefrontal cortex); longitudinal studies capturing neural mechanisms evolution across adolescence, middle age, and old age to elucidate relationships between neuroticism and brain plasticity; and intervention studies exploring plastic pathways for reshaping the neural representations of neuroticism, challenging the classic ""trait stability"" paradigm. This review synthesizes recent progress in the cognitive neuroscience of neuroticism across these three approaches, proposes a unified emotion-cognition neural model centered on the AMG-prefrontal-default mode network circuit, and outlines a hypothesized lifespan trajectory of Limbic Sensitivity → Regulatory Strain → Prefrontal Decline. While accumulated evidence broadly supports the cross-sectional and interventional pillars of this framework, the lifespan trajectory remains a theoretically informed working model requiring further longitudinal validation. The field still faces critical limitations, including small effect sizes, methodological heterogeneity, and unresolved questions regarding causality and circuit specificity. This review aims to provide a conceptual integration of existing findings, identify key uncertainties, and propose evidence-based future directions. We further link the proposed neural model to clinical phenotypic characteristics of high neuroticism and discuss its implications for targeted neural interventions, thereby advancing our understanding of the biological basis of neuroticism and providing a theoretical framework for prevention and intervention in neuroticism-related affective disorders."
54,"The amygdala is known to exhibit early signs of Alzheimer's disease (AD) pathology. However, it remains unclear whether atrophy in its specific subregions contributes to the transition from mild cognitive impairment (MCI) with neuropsychiatric symptoms (NPS) to dementia. We recruited 376 participants at baseline: 130 MCI with NPS (MCI+NPS), 154 MCI without NPS (MCI-NPS), and 92 cognitively unimpaired (CU) individuals. Upon clinical follow-up, the MCI cohort was classified into 17 converters who progressed to dementia (MCI-c) and 96 non-converters who remained stable (MCI-nc). All participants underwent baseline and follow-up neuropsychological evaluations and multimodal magnetic resonance imaging (MRI). From the MRI data, we extracted volumes of amygdala subregions and used partial Spearman's correlations to assess their associations with NPS and cognitive alterations. Compared to the CU group, the MCI + NPS group exhibited more extensive bilateral amygdala atrophy, involving all subregions, whereas the MCI-NPS group showed atrophy confined to the bilateral centromedial (CeM) amygdala. Furthermore, relative to the MCI-nc group, the MCI-c group exhibited greater annual volume loss in the bilateral amygdalae and their subregions, except for the right CeM. The annual atrophy rate of the right basolateral (BLA) amygdala correlated with more severe affective (r = -0.274, p = 0.005) and hyperactivity symptoms (r = -0.343, p < 0.001). The annual atrophy rate of the left superficial (SUP) amygdala correlated with more severe affective symptoms (r = -0.273, p = 0.011). Progressive atrophy of the BLA and SUP is associated with NPS-related cognitive decline in MCI, suggesting a potential mechanistic role for these subregions and highlighting them as candidates for future targeted intervention."
55,"The ability to detect unexpected sounds within regular acoustic patterns is fundamental to adaptive behaviour. This capacity is reflected in the mismatch negativity and has been extensively studied in humans and animal models. Surprisingly, single-unit recordings during auditory deviance detection in humans remain exceptionally rare. Here, we characterized single and multi-unit responses to auditory deviants in frequency, location, intensity and timing dimensions, using the Optimum-1 multi-feature oddball paradigm during unattended listening. Microwire recordings from 13 patients with drug-resistant epilepsy yielded units from the amygdala (n = 48), hippocampus (n = 46), complemented by case-level observations from Heschl's gyrus and posterior insula (n = 2 each). Amygdala showed multi-phase responses, with timing deviants eliciting the strongest and earliest effects: suppression around 60 ms followed by enhancement around 200 ms. Intensity deviants produced suppression around 300 ms. Hippocampus showed sparse engagement with no apparent feature specificity besides a weak late effect of sound frequency at the ensemble level (350-400 ms). Case-level Heschl's gyrus recordings revealed functional heterogeneity, with responses ranging from early gap-specific to late frequency and intensity activity. Case-level insula units showed intensity-selective responses and late spatial processing with contralateral enhancement for location deviants. Our results, particularly the amygdala response profile (early suppression and later enhancement), suggest temporally dissociable mechanisms of deviance encoding at the subcortical level, while the sparse hippocampal responses indicate limited engagement in deviance detection during passive listening. Overall, these findings provide the first human single-unit characterization of multi-feature auditory deviance processing, establishing a critical baseline for understanding cellular mechanisms of predictive auditory processing."
56,"Glyphosate (Glyph) exposure during the gestational and lactational periods have been linked to neurodevelopmental alterations in humans and animal models, and it has been proposed to induce autistic-like traits in rodents. This study evaluated the effects of gestational and lactational exposure to Glyph and a glyphosate-based herbicide (GBH) on neurodevelopmental and monoaminergic outcomes in male and female rat offspring, using valproic acid (VPA) as a pharmacological model of autism. Pregnant dams were orally treated with 50 mg Glyph/L in distilled water or with GBH throughout gestation and lactation. The VPA group received a single intraperitoneal injection of 500 mg/kg on gestational day 12.5, while controls received only distilled water. Male and female pups underwent a battery of neurodevelopmental tests from postnatal day (PND) 3-21, and brains were collected at PND 21 to assess monoaminergic markers. Offspring exposed to VPA showed alterations in early social interactions. Female pups treated with Glyph or VPA mainly exhibited reduced body weight during lactation. Delayed performance in the negative geotaxis test was observed in female pups exposed to Glyph 9, and in VPA pups at PND 5 and 9. Only male GBH-exposed pups exhibited impairments in righting reflexes on PND 7. Neurochemical analyses revealed sex-dependent alterations in dopamine, serotonin, and their metabolites in the prefrontal cortex, striatum, nucleus accumbens, ventral midbrain, hippocampus, and amygdala. These findings show that gestational and lactational exposure to low levels of Glyph or GBH induces some sexually dimorphic effects on behavior and neurochemistry, resembling those seen in ASD-like models."
57,"Social instability is a prevalent driver of mental health disorders marked by social dysfunction. Instability has an especially detrimental effect on adolescents, who are characterized by increases in social drive and ongoing brain maturation. The basolateral region of the amygdala, in particular, matures throughout adolescence and is sensitive to social stress, playing an important role in regulating adolescent and adult social behaviors. In the BLA, the GluN2B subunit of the NMDA receptor regulates neuronal activity that is crucial for the expression of social behaviors in an age-specific manner. However, it is unclear how social instability may impact BLA function and specific social behaviors that serve as critical indicators for social dysregulation. We use a social instability protocol in rats to quantify the immediate effect on adolescent and adult social behavior and amygdala function. Social instability increases a subset of social behaviors in the play fighting domain in adolescent and adult rats alike. When groups were separated based on instability-driven boxing and pushing, there was a reduction in sociability in low boxing adolescents; however, high boxing adolescents and adults shifted away from social investigation and towards a greater proportion of play-fighting behaviors. These instability-driven behavioral changes were accompanied by a reduction in adult, but not adolescent, BLA GluN2B expression relative to controls. Our results identify specific social behavioral changes after social instability across ages that may be related to changes in amygdala function."
58,"Background Childhood maltreatment (CM) and the amygdala are pivotal in the etiology of adolescents with major depressive disorder (MDD), but the neurobiological processes linking them remain ambiguous. Methods This study employed voxel based morphometry to quantify gray matter volume and examined the structural covariance networks (SCN) of amygdala subregions in 92 adolescents with MDD and 81 healthy controls (HCs), concurrently administering the Childhood Trauma Questionnaire-Short Form (CTQ-SF) to evaluate experiences of CM. Results The results demonstrated that, in contrast to healthy controls, adolescents with major depressive disorder displayed heightened developmental synchrony between the amygdala subregions and the parietal cortex. Moreover, CM may influence the top down regulation of the frontal cortex over the limbic system, which could contribute to atypical maturation of neural circuits and increase susceptibility to MDD. Conclusions This research demonstrates the influence of CM on brain development and mental health, highlighting the need for specific therapies for adolescents with a history of CM. Trial registration Prospective Registration, Chinese Clinical Trial Registry."
59,"Parkinson's disease (PD) is a neurodegenerative disease characterized by motor symptoms and nonmotor disturbances such as fatigue, cognitive impairment, constipation, anxiety, and depression. The dopaminergic neurodegeneration is a hallmark of PD; however, the serotonergic system also presents alterations. Dorsal raphe nucleus (DRN) and median raphe nucleus (MNR) neurons are responsible for the central biosynthesis of serotonin (5-HT). We aimed to investigate whether the rotenone model would affect serotonergic neurons of the DRN and MRN and reduce 5-HT levels in target structures related to depressive-like behavior and short-term memory. Adult male Wistar rats were treated for 10 days with rotenone or sunflower oil. One day after the last rotenone injection, animals exhibited hypolocomotion in the open field. Furthermore, rotenone impaired the short-term memory assessed in the social recognition test performed 22 days after the last injection. In the forced swim test, performed on day 28, we observed depressive-like behavior, indicated by an increase in immobility time in the rotenone group. Immunohistochemical analysis revealed a reduction of serotonergic neurons in the MRN on the 28th day after the last administration of rotenone. Moreover, the ventrolateral part of DRN presented a decrease of serotonergic neurons. Neurochemical quantification revealed a reduction of serotonin levels in the prefrontal cortex and striatum, and a reduction of dopamine and noradrenaline levels in the prefrontal cortex, striatum, and amygdala. Overall, the results revealed that the development of behavioral impairments induced by systemic rotenone is involved with MRN, and likewise 5-HT, other neurotransmitters such as dopamine and noradrenaline may play a role in nonmotor disorders in the animal model of PD."
60,"The serotonin transporter gene-linked polymorphic region (5-HTTLPR) has been linked to psychiatric disorders. This meta-analysis aimed to investigate the association between the 5-HTTLPR polymorphism and the availability of the serotonin transporter (SERT) or serotonin 1 A receptor (5-HT1AR), measured by positron emission tomography (PET) or single-photon emission computed tomography (SPECT). A systematic search was conducted to identify studies comparing SERT or 5-HT1AR availability by 5-HTTLPR genotype using PET or SPECT scans in healthy subjects. The standardized mean difference in SERT or 5-HT1AR availability between LL and S-carrier genotypes was calculated for each study in both frequentist and Bayesian meta-analyses. Eleven studies met the inclusion criteria. Pooled analysis showed no differences in SERT availability in the striatum, frontal lobe, brainstem, or thalamus between LL and S carriers of 5-HTTLPR. Similarly, no significant difference was observed in 5-HT1AR availability in the raphe nuclei between two genotypes. Bayesian meta-analysis confirmed that the standardized mean difference in SERT availability between LL and S carriers overlapped substantially with zero. In conclusion, the 5-HTTLPR polymorphism does not appear to affect the availability of SERT or 5-HT1AR in healthy individuals. This suggests that the relationship between 5-HTTLPR polymorphisms and psychiatric disorders is complex and that this polymorphism alone may not fully explain susceptibility."
61,"The thalamus is a critical subcortical hub that relays sensorimotor information and regulates higher-order cognitive processes. Accurate delineation of thalamic nuclei is essential for elucidating disease mechanisms and tracking clinical progression. In this study, we compared two segmentation approaches implemented in FreeSurfer: the conventional structural method and a joint framework that integrates diffusion tensor imaging. Magnetic resonance imaging (MRI) data from 24 healthy controls (HC), 27 patients with cognitively normal Parkinson's disease (PD-CN), and 33 Parkinson's disease patients with mild cognitive impairment (PD-MCI) were analyzed. Segmentation methods were compared in HC to assess their effect on volume estimates. Group comparisons were then conducted separately for each method to evaluate sensitivity in detecting disease-related volumetric differences. Finally, nuclei with significant group effects in joint segmentation were tested for associations with Addenbrooke's Cognitive Examination-Revised (ACE-R) scores. Joint segmentation yielded systematically lower thalamic volume estimates than the structural method, with significant differences across hemispheres and nuclei in HC. Group-wise analyses revealed that joint segmentation, but not structural segmentation, detected significant atrophy in the right thalamus of PD-MCI patients. At the nuclei group level, joint segmentation showed greater sensitivity, identifying bilateral anterolateral and posterior nuclei as significantly reduced in PD-MCI relative to HC. Moreover, volumes of these nuclei correlated positively with ACE-R scores. These results highlight that methodological choices critically shape the detection of thalamic pathology in PD, suggesting that incorporating diffusion MRI into segmentation may improve sensitivity to cognitively relevant subnuclear changes and support early diagnosis and disease monitoring."
62,"Understanding the organization and function of thalamic pulvinar projections to the amygdala is of interest due to the proposal that this projection provides the amygdala with short-latency visual sensory input that eludes conscious awareness. However, most reports in primates have emphasized a projection from the multimodal medial pulvinar-a pulvinar division unique to primates-versus projections from visual pulvinar divisions (inferior or lateral). Further, reports in other closely related species such as tree shrews and rodents have yielded inconsistent results relative to primates when homology is considered. In these species, subdivisions of the lateral posterior/pulvinar complex, which are homologous to the visual inferior pulvinar of primates, project to the amygdala. Such a difference in pulvino-amygdala connections across these closely related species would be surprising. However, modern methods that reveal subdivisions of the pulvinar were lacking in previous anatomical studies of primate pulvino-amygdala connections. To better understand whether a major shift in pulvino-amygdala projections is truly present across species, we reevaluated the locations of pulvinar neurons projecting to the amygdala in rhesus monkeys (Macaca mulatta) using robust anatomical markers for delineating divisions of the pulvinar, and specifically highlighting the border between the medial and inferior pulvinar. Our findings show definitively that pulvino-amygdala projections in macaques share both conserved, via the visual inferior pulvinar, and novel, via the medial pulvinar, profiles. Further, our data provide a refinement in the available routes via which visual information could reach the amygdala, one that includes the inferior pulvinar nucleus of the thalamus."
63,"BackgroundDepressive symptoms frequently co-occur with cognitive impairment in older adults. Although depression and cognition interact in brain activity, the underlying functional connectivity mechanisms in mild cognitive impairment (MCI) remains unclear.ObjectiveTo investigate how depressive symptoms modulate the relationship between cognition and amygdala/hippocampus functional connectivity in MCI.MethodsThis study included 138 participants (45 healthy controls and 93 MCI patients) who underwent resting state functional magnetic resonance imaging (rs-fMRI) and neuropsychological assessment using the Montreal Cognitive Assessment-Basic (MoCA-B) for cognitive function and Hamilton Depression Rating Scale (HAMD) for depressive symptoms. Seed-based functional connectivity analysis was performed using bilateral amygdala and hippocampus as seed regions to quantify the HAMD × MoCA-B non-monotonic interactions on whole-brain connectivity. Simple slopes analyses were conducted to characterize directionality changes across depression severity levels.ResultsWhole-brain analyses revealed significant HAMD × MoCA-B interaction effects (cluster p value < 0.05, voxel p value < 0.01, GRF corrected) demonstrating symptom-dependent reorganization of cognition-FC relationships. Amygdala connectivity decreased to anterior/middle cingulate and precuneus but increased to triangular part of inferior frontal gyrus (IFGtri), medial superior frontal gyrus, and cerebellar lobule IX. Hippocampal connectivity decreased to cuneus, insula, thalamus, and caudate but increased to opercular part of inferior frontal gyrus (IFGop), orbitofrontal cortex, and cerebellar lobule VIII.ConclusionDepressive symptoms alter amygdala and hippocampal FC relationships with cognition in MCI. Depression-dependent hippocampal/amygdala connectivity changes with the frontoparietal network (FPN-A)-particularly IFGop/IFGtri and cerebellum-suggest their role as critical hubs for emotional-cognitive integration, highlighting them as potential neuromodulation targets for cognitive and depressive symptoms in MCI."
64,"Temporal lobe epilepsy (TLE) is one of the most prevalent pharmaco-resistant epilepsies in adults, for which no effective curative regimens or disease-modifying therapies are currently available. Studies have shown that cerebral blood volume (CBV) is significantly reduced throughout the whole brain in epileptic patients during the interictal period, while some have reported increased local cerebral blood flow (CBF). These findings indicate that during epileptic seizures, there are changes in the blood flow of the brain. However, for TLE, the changes in brain blood flow and the functional connections of related nuclei remain unclear. The present study aimed to use functional ultrasound imaging (fUS) to detect changes in CBV in mice during acute seizure state of TLE, as well as alterations in global brain functional network connectivity. Our findings showed that most brain regions exhibit changes in relative CBV (rCBV). Among the 12 epilepsy-related brain regions, all except the intermediodorsal nucleus of the thalamus (IMD) and striatum (STR) showed an initial increase followed by a decrease in rCBV. Additionally, the rCBV changes in the reticular nucleus of the thalamus (RT) occurred earlier than in other nuclei, the brain's functional connectivity (FC) underwent distinct changes, which may be associated with the remodeling of brain FC. These results demonstrated that CBV exhibited heterogeneous changes across the whole brain, and the overall brain functional network connectivity underwent modifications during acute seizure state of TLE in mice."
65,"During childhood and adolescence, functional connectivity undergoes distinct age-related maturational trajectories within and between networks. However, normative connectivity patterns across development remain insufficiently characterized. This study integrates voxel-wise degree centrality, degree centrality-derived seed-based connectivity, and network-level analyses to examine large-scale functional organization in a large multisite sample of 322 typically developing children (7-10.99 years) and adolescents (11-15 years) from the Autism Brain Imaging Data Exchange I and II repositories. Across all analytical levels, adolescents exhibited strengthened functional connectivity of subcortical hubs -the thalamus and the basal ganglia- with the Ventral Attention Network and Frontoparietal Network, emerging as the key hubs of network integration in adolescence. Children, by contrast, showed stronger functional connectivity within posterior sensory-perceptual nodes, particularly involving angular and occipital regions. Our findings delineate a developmental reorganization from sensory-anchored functional architectures in childhood toward increasingly integrated subcortical, attentional and frontoparietal systems in adolescence, supporting emerging capacities for cognitive-control and goal-directed behavior. This multilevel characterization offers a normative reference framework for interpreting variability in neurodevelopment and, ultimately, for identifying potential early deviations."
66,"An 8-year-old German Short-haired Pointer was admitted with acute onset of blindness, behavioral abnormalities, and hemiparesis. Neurologic findings localized to the left forebrain. A well-demarcated, circular lesion with mixed signal intensity and mixed contrast enhancement was demonstrated with magnetic resonance (MR) imaging. There was marked mass effect with an irregularly marginated peripheral area of hyperintensity on T2-weighted and fluid-attenuated inversion recovery sequence images and areas of signal-void on gradient-echo sequencing. The distinctly circular appearance of this abnormality is atypical for most disease processes including intracranial hematoma found with MR imaging of the intracranial structures in dogs. Differential diagnosis included primary hemorrhage, neoplasia, inflammatory disease, as well as uncommon diseases such as parasite migration. The dog was euthanized per the owner's request immediately following the MR. Pathologically, there was an organizing hematoma, characterized by centrally located fibrous tissue surrounded by an area of hyperacute hemorrhage extending into the adjacent neuroparenchyma in the thalamus. The imaging features of this intracerebral hemorrhage were similar to previous reports but also contained unique features including a geometrically circular border, a lack of peripheral hypointensity on T1-weighted images, and central contrast-enhancement. As this was a histologically confirmed hematoma, the imaging features in this case should be included within the spectrum of potential imaging abnormalities associated with intracranial hematomas in dogs."
67,"Frontotemporal dementia (FTD) and primary progressive aphasia (PPA) are complex, partially overlapping neurodegenerative syndromes primarily affecting the frontal and temporal lobes, resulting in deficits in behaviour, executive function and language. FTD is among the leading causes of early-onset dementia and has several subtypes, including behavioural-variant FTD (bvFTD) and PPA. PPA is subdivided into three main variants: non-fluent variant PPA (nfvPPA), semantic variant PPA (svPPA)/semantic dementia (SD) and logopenic variant PPA (lvPPA), each characterized by distinct language and cognitive impairments. Although these syndromes are clinically distinguishable, overlapping cognitive, behavioural and neuroanatomical features are common. To provide a comprehensive quantitative synthesis of the associated neuroimaging findings for each subgroup, we conducted an activation likelihood estimation (ALE) meta-analysis of structural and functional neuroimaging studies across bvFTD and the major PPA syndromes. The analysis included coordinate-based data from 114 studies comprising 8057 patients. Across syndromes, patients showed widespread brain abnormalities relative to healthy controls, involving frontal, temporal and parietal cortices as well as subcortical and limbic regions, including the basal ganglia and thalamus. Each FTD subtype demonstrated distinct, yet partially overlapping, patterns of degeneration. bvFTD showed prominent degeneration in the frontal and medial temporal lobes, insula, cingulate cortex and limbic system, consistent with impairments in social cognition and disinhibition. svPPA/SD exhibited focal atrophy in the anterior temporal lobes, disrupting the semantic network and impairing semantic processing. nfvPPA was associated with degeneration in the speech production network, particularly the insula and inferior frontal gyrus. lvPPA displayed left-lateralized abnormalities in the posterior temporal and inferior parietal lobes, affecting language function. In addition to these prototypical patterns, overlapping regions were observed between specific syndromes, including shared involvement of anterior temporal and limbic regions in bvFTD and svPPA/SD, frontal-insular regions in bvFTD and nfvPPA and lateral temporal regions in svPPA/SD and lvPPA. Together, these findings provide a robust synthesis of distinct and overlapping neuroanatomical alterations across FTD and PPA syndromes, clarifying how syndrome-specific and shared patterns of degeneration may contribute to clinical heterogeneity."
68,"Diet quality during early life may influence neurodevelopmental trajectories, but the associations between ultra-processed food (UPF) intake and neurocognitive outcomes has not been broadly examined. To examine whether cumulative UPF intake from infancy through early childhood is associated with cognitive performance at 24 and 72 months and with subcortical brain volumes at 72 months. In this prospective birth cohort study, multiple 24-hour dietary assessments were used to calculate the percentage of UPF-calorie intake, using the Nova classification system. Cumulative UPF intake from 6 to 24 and from 6 to 72 months was summarized as the area under the curve. Cognitive performance was assessed at 24 and 72 months, and subcortical brain volumes were derived from T1-weighted MRI scans at 72 months. Associations were examined using multiple univariate linear regressions with false discovery rate (FDR) correction. Cumulative UPF intake was not associated with cognitive performance at either 24 months (n=144, 57% girls) or 72 months (n=93, 59% girls). In contrast, cumulative UPF intake from 6 to 72 months (n=79, 58% girls) was inversely associated with the volumes of the bilateral accumbens, left amygdala, bilateral pallidum, left putamen, and bilateral thalamus (all FDR-adjusted p < 0.05). On average, a 10% higher proportion of cumulative UPF intake was associated with a 1.92% lower subcortical volume (CI95% -3.29, -0.58). Associations were consistent across exposure windows (6-24 months compared with 72 months) and UPF subtypes (e.g., snacks, fast food). Greater cumulative UPF intake from infancy through early childhood was associated with differences in neurodevelopment at age six years. These findings highlight this period as a potentially relevant window for nutrition-focused prevention efforts. Future studies are needed to clarify specific windows, neurobiological mechanisms, identify specific nutritional factors, and define long-term implications."
69,"Abnormal cognitive aging is characterized by memory decline beyond normal age-related physiological changes. Nevertheless, the intrinsic mechanisms driving individual memory heterogeneity during aging remain poorly elucidated. Given the critical roles of brain interstitial fluid (ISF) dynamics and extracellular space (ECS) transport in maintaining neural homeostasis, the present study aimed to explore whether ECS compartmentalization and ISF drainage disturbance contribute to interindividual variations in memory performance during aging. Aged rats were stratified according to their memory performance. A multi-modal strategy combining behavioral assessment, microdialysis, metabolomics, and electrophysiological recording was applied to detect structural and functional deficits in ECS barrier integrity and ISF drainage, with the assistance of MRI-based tracer imaging, fluorescence imaging, and ultrastructural observation. The results demonstrated that memory-impaired aged rats exhibited region-specific neurotransmitter imbalance in the caudate nucleus and thalamus, which was closely associated with age-related ECS barrier dysfunction. Such barrier dysfunction induced ISF drainage disturbance, thereby reducing local neurotransmitter concentrations in the caudate nucleus and impairing thalamocortical oscillations during non-rapid eye movement sleep, and ultimately disturbing memory consolidation. Further tracer imaging and electron microscopy examinations confirmed that compromised myelin integrity in the internal capsule served as the structural basis for age-related ISF drainage disturbance. Collectively, these findings reveal that ISF drainage disturbance induced by age-related ECS barrier alterations acts as a non-degenerative mechanism underlying memory heterogeneity in cognitive aging. This work highlights ECS compartment integrity as a promising biomarker and therapeutic target for intervening age-related cognitive decline."
70,"This study investigated the associations of modifiable lifestyle factors with incident dementia, dementia subtypes, and structural brain changes, examined whether these associations differed across KDIGO-defined kidney function risk categories. We analyzed 304,369 participants from the UK Biobank. Kidney function was classified using the KDIGO risk framework, with participants grouped into low- and increased-risk categories. A composite lifestyle score, derived from the American Heart Association Life's Essential 8 framework, was constructed based on eight modifiable components: diet quality, physical activity, smoking status, sleep duration, body mass index, blood lipid, blood glucose, and blood pressure. Outcomes included incident dementia and total and regional brain volumes. Among participants at increased KDIGO-defined risk, those in the intermediate and highest tertiles of the lifestyle score had a lower risk of dementia compared with those in the lowest tertile (hazard ratios, 0.826 [95% CI, 0.689-0.990] and 0.749 [95% CI, 0.585-0.958], respectively). Associations differed by dementia subtype: higher lifestyle scores were consistently associated with a lower risk of vascular dementia, whereas no overall association was observed with Alzheimer's disease. Higher lifestyle scores were also associated with larger total grey matter volume and greater volumes of subcortical structures, including caudate, pallidum, putamen, and thalamus, as well as lower volumes of total, deep, and periventricular white matter hyperintensities. Similar associations were observed in the low-risk group. A healthier lifestyle was associated with a lower risk of dementia, particularly vascular dementia, and with more favorable structural brain characteristics, with similar associations across KDIGO risk groups."
71,"Post-traumatic stress disorder (PTSD) is marked by impaired contextual modulation of fear, leaving patients vulnerable to symptom return after extinction-based therapy. The thalamus is theorized to coordinate hippocampal-prefrontal circuits during contextual updating. Yet, its role in PTSD remains uncharacterized. We examined the contribution of the medial mediodorsal thalamus (MDm) to extinction-recall and fear renewal and its association with symptom severity. 425 participants completed threat renewal and 524 extinction-recall paradigms during fMRI (threat renewal: 189 healthy controls, HC; 129 trauma-exposed HC, TEHC; 107 PTSD extinction-recall: 280 HC; 132 TEHC; 112 PTSD). Analyses examined MDm activation and connectivity with canonical fear-regions; lateral mediodorsal thalamus (MDl) and anterior pulvinar served as control regions. Structural equation modeling characterized the covariance linking thalamocortical connectivity to diagnostic group. During fear renewal but not extinction-recall, a Time × Group interaction emerged in MDm functional connectivity: PTSD participants showed reduced MDm connectivity with hippocampus and sgACC relative to control groups during early but not late fear renewal. Parallel reductions emerged in anterior pulvinar-vmPFC connectivity. MDl, showed no group differences. Structural equation modeling indicated that thalamo-hippocampal connectivity covaried with group via both MDm-sgACC and anterior pulvinar-vmPFC connectivity. MDm-dACC connectivity scaled with PTSD severity, independent of MDl and anterior pulvinar. State-specific reductions in MDm-hippocampal-cingulate and pulvinar-vmPFC connectivity during early fear renewal in PTSD highlight parallel thalamocortical alterations during flexible contextual threat updating. These alterations, along with the selective MDm-dACC association with symptom severity, nominate MDm-centered circuit as a hypothesis-generating focus for future mechanistic neuromodulation studies."
72,"Alzheimer's disease (AD) is a progressive neurodegenerative disorder characterized by amyloid-beta plaques and tau tangles, with significant pathological changes occurring in subcortical brain regions. While previous research has focused primarily on volumetric reductions in areas such as the hippocampus, thalamus, and caudate, emerging evidence suggests that their fine-grained shape deformations may offer greater sensitivity to early disease pathology. Moreover, understanding how these shape alterations influence brain functional connectivity (FC) networks could provide critical insights into the neurobiological mechanisms underlying the progression of AD. In this context, we propose a novel statistical approach, the Connectivity-on-Shape Regression (COSR) model, designed to investigate the spatially varying impact of brain subcortical shape on FC, accounting for the intrinsic modularity of functional networks. Under a Bayesian framework, COSR employs a relaxed-thresholded Gaussian process prior model to promote feature selection and integrates a stochastic block model to capture the unknown modular organization of FC. To facilitate the practical application of COSR with vertex-level shape measurements, we develop a computationally efficient variational inference approach to achieve posterior inference. Extensive simulations demonstrate the superiority of COSR over existing alternatives in accurately uncovering connectivity-to-shape associations and identifying neurobiological signals. Applying COSR to data from the Anti-Amyloid Treatment in Asymptomatic Alzheimer's study, we discover meaningful neural structural-functional relationships in amyloid-positive individuals, highlighting the potentially complex interplay between structural and functional brain alterations during this crucial preclinical stage of AD."
73,"Isolated thalamic lesions with post-contrast T1 hyperintensity in children may mimic arterial infarction, cerebral venous thrombosis, inflammatory disease, or neoplasm. Structured interpretation of standard magnetic resonance imaging (MRI) sequences, particularly diffusion-weighted imaging/apparent diffusion coefficient (DWI/ADC) correlation and interval follow-up, can help distinguish these entities. Posterior thalamic infarction in a distribution compatible with posterior choroidal artery territory is rare in pediatric patients. A previously healthy 15-year-old female developed headache and blurred vision on the day of tetanus-diphtheria (Td) vaccination, followed by progressive right hemibody numbness, impaired hand dexterity, and severe cold allodynia over 10 days. Examination localized to the left thalamus, consistent with Déjerine-Roussy syndrome. MRI on 2 June 2024, day 10 after symptom onset, showed DWI hyperintensity with subtle corresponding ADC reduction in the left posterior thalamic/pulvinar lesion, supporting early-subacute infarction. T2/fluid-attenuated inversion recovery (FLAIR) distribution was compatible with posterior choroidal artery territory involvement. Susceptibility-weighted imaging (SWI) showed no hemorrhage or venous-congestion pattern. Post-contrast MPRAGE demonstrated patchy T1 hyperintensity interpreted as probable enhancement, but true enhancement could not be definitively confirmed because corresponding pre-contrast T1-weighted images were unavailable. Etiologic workup was unrevealing, and the event was classified as cryptogenic pediatric arterial ischemic stroke (AIS). Follow-up MRI showed reduced post-contrast T1 hyperintensity and encephalomalacic evolution. The unilateral territorial pattern, DWI/ADC abnormality, lack of hemorrhagic venous features, and follow-up maturation favored arterial infarction over venous thrombosis or neoplasm. Available post-contrast images showed no obvious filling defect of the major dural venous sinuses or principal deep venous structures, although dedicated magnetic resonance venography/computed tomography venography (MRV/CTV) was not performed. Corresponding pre-contrast T1 images were unavailable, limiting definitive enhancement assessment. The temporal association with Td vaccination is reported for pharmacovigilance; causality cannot be established from a single case. This case illustrates a rare adolescent posterior thalamic infarct presenting as Déjerine-Roussy syndrome and highlights the value of DWI/ADC and follow-up MRI in evaluating thalamic lesions with post-contrast T1 hyperintensity."
74,"Cues that predict reward can acquire strong power to bias orientation and approach, directing seeking behaviors into close proximity with reward. The parafascicular thalamus (PF), part of the intralaminar complex, is well-placed as a neural hub for integrating subcortical sensory and attentional signals to generate actions that support cue-guided behavior. Neurons in the PF respond to sensory cues and encode features of head position, but little is known about how the PF is engaged in vivo during learning. Here, we recorded calcium activity in PF neurons using fiber photometry throughout a pavlovian conditioning task. We found that PF neurons developed sustained cue-evoked responses that scaled with associative learning and diminished with extinction. PF neurons preferentially signaled cue-directed orientations and body movements made during the cue, and their activity paused during reward consumption. Using optogenetics, we found that stimulation of PF neurons disrupted normal cue-directed orientation and impaired associative learning by promoting exaggerated ipsilateral turning behavior. Broadly, these results suggest an encoding profile by which the PF can support cue and reward approach behavior via dynamic regulation of head and body position. Together, our data demonstrate a thalamic region that is important for steering attention to facilitate cue-reward learning."
75,"The gut-brain axis (GBA) enables a bidirectional crosstalk between the enteric and central nervous systems and plays a critical role in inflammatory diseases of the gut. This study is the <i>first demonstration</i> of the utility of Raman spectroscopy (RS) in capturing a snapshot of the biochemical changes that modulate the GBA and identify vibrational bands that are evidence of metabolites present in a murine model of ulcerative colitis. Acute colitis was induced in mice by administering dextran sulfate sodium (DSS) in drinking water. RS measurements identified 21 significant peaks in the serum, 21 in the cecum, and 22 in the thalamus region of the brain; these peaks were associated with broad metabolite classes and showed strong correlation to disease activity in colitis mice relative to healthy mice. Our findings showed that the thalamus has the most metabolite changes in the DSS-colitis model rather than the hypothalamus, which is known to be crucial in GBA communication. We identified six biochemical species, including unsaturated fatty acids, lipids, triglycerides, proteins/amide III, tryptophan, and threonine, that were common between the serum, cecum, and thalamus and may serve as early biomarkers of inflammatory response that drive gut-brain communication. Further, a Pearson's correlation analysis highlighted that neurotransmitters in the thalamus had moderate-to-strong correlations to serum amino acids and lipids/fatty acids in the gut. This fundamental study provides a snapshot of the early biochemical changes that enable crosstalk between the gut and brain in ulcerative colitis that can be translated to other disorders of the gut or brain in the future."
76,"The thalamus plays a pivotal role in the pathophysiology of adolescent depression, with its subregions showing functional heterogeneity. Abnormalities in the default mode (DMN) and frontoparietal networks (FPN) are associated with depressive symptoms, and both networks are closely coupled with the thalamus. This study examined, at a finer granularity, functional connectivity (FC) changes between thalamic subregions and these networks in depressed adolescents, aiming to reveal underlying mechanisms and explore their potential as diagnostic biomarkers. This study included 64 depressed adolescents and 54 matched healthy controls. All participants underwent functional magnetic resonance imaging. Using thalamic subregions as seeds, we calculated the FC of these seeds with the DMN and FPN. We correlated FC values exhibiting group differences with clinical scores and constructed a machine learning model to evaluate clinical relevance and predictive accuracy. Compared to healthy controls, depressed adolescents exhibited reduced connectivity between the right ventral posterior (VP) thalamus and bilateral anterior cingulate cortex, and between the left VP thalamus and the right supramarginal gyrus (SMG) and inferior parietal lobule. The FC strength between the left VP thalamus and right SMG was negatively correlated with self-esteem. The classifier incorporating these altered FCs demonstrated moderate discriminative ability between the groups, where each feature contributed to the model decision. This study identified abnormal FC between thalamic subregions and the DMN and FPN. These alterations may contribute to the onset and progression of adolescent depression and show promise as potential biomarkers, thus providing a more objective basis for clinical diagnosis."
77,"Diabetic peripheral neuropathy (DPN) is a chronic complication resulting from diabetes that leads to pain and sensory abnormalities, significantly impacting the quality of life for affected patients. This study aims to investigate the role of glutamatergic neurons in the paraventricular thalamus (PVT) and the prelimbic cortex (PrL) in diabetes-induced nociceptive hypersensitivity. We established a diabetic mouse model through a single intraperitoneal injection of streptozotocin (STZ) and employed fiber photometry, optogenetics, and chemogenetics to examine the responses of glutamatergic neurons in the PVT and PrL to nociceptive stimuli. The results demonstrated that diabetic mice exhibited significant mechanical allodynia in response to von Frey filament (VFF) stimulation, accompanied by a marked increase in glutamatergic neuronal activity in the PVT. Manipulation of PVT glutamatergic neurons through optogenetics altered mechanical thresholds in the mice, indicating the critical role of the PVT to PrL projection in pain perception. Furthermore, chemogenetic modulation of the activity of glutamatergic neurons in both the PVT and PrL similarly affected nociceptive thresholds, further emphasizing the regulatory role of the PVT-PrL glutamatergic pathway in pain processing. Our findings highlight the significance of the PVT-PrL glutamatergic projection in painful diabetic neuropathy-like phenotypes, emphasizing the critical role of central brain circuits in diabetic neuropathy, which has traditionally been characterized primarily as a peripheral condition."
78,"To test whether acupuncture improves sleep by enhancing gamma-aminobutyric acid-ergic (GABA) neuronal activity in the thalamic reticular nucleus (TRN). We established an animal model using p-chlorophenylalanine (PCPA). We assessed the impact of acupuncture on insomnia through wheel-running activity and sodium pentobarbital-induced sleep tests. Subsequently, the calcium indicator GCaMP6m was injected into the TRN of Vgat-Cre mice, and the activity of GABA neurons in the TRN was analyzed before and after acupuncture using fiber photometry recording. Additionally, cortical electroencephalography (EEG) recordings were compared between groups following chemogenetic inhibition of GABA neurons in the TRN. Following acupuncture, we observed a reduction in sleep latency and an increase in sleep duration in comparison to the PCPA-induced insomnia (<i>P</i> < 0.01). Furthermore, acupuncture positively influenced the diurnal phase of insomnia (<i>P</i> < 0.01). Ca<sup>2+</sup> signals in GABA neurons within the TRN increased post-acupuncture (paired <i>t-</i>test, <i>P</i>< 0.01). Acupuncture also reduced the proportion of EEG power in the elevated Beta and Gamma frequencies associated with PCPA injection, while simultaneously increasing the Delta power ratio (<i>P</i> < 0.01). Chemogenetic inhibition of TRN GABA neurons blocked these acupuncture effects: the hM4Di + MA group showed no significant differences from the PCPA group in Beta and Gamma power, but exhibited elevated Beta and Theta activity compared to controls (<i>P</i> < 0.05). Acupuncture activates GABA neurons in the TRN, thereby regulating the sleep-wake cycle in the context of PCPA-induced insomnia."
79,"Level II ultrasound standard section classification is of great importance for accurate prenatal diagnosis. However, sonographers face challenges in distinguishing the lateral ventricle transverse section from the thalamus transverse section. In this study, the standard section images of second-trimester fetal level II prenatal ultrasound examinations from 1261 pregnant women are collected, and a section classification model called Medical Learnable Prompt-Hierarchical Adaptive Feature Block Contrastive Language-Image Pre-training (MedLP-HAFB-CLIP) is proposed. The model uses a meticulously designed prompt learner to generate prompts that are highly compatible with anatomical categories, effectively integrating medical knowledge. By combining fine-grained anatomical descriptions and a customized loss function, the model's discriminative ability for complex image features is significantly enhanced. Additionally, the HAFB module is proposed for multi-scale feature extraction and adaptive fusion, further improving the model's classification performance. Experimental results demonstrate that MedLP-HAFB-CLIP significantly outperforms baseline models. It exhibits excellent performance in distinguishing the lateral ventricle transverse section and the thalamus transverse section. Moreover, in a small exploratory observer study involving 50 selected images and 4 sonographers, the model correctly classified all selected cases and showed shorter reading time than unaided interpretation; however, these preliminary findings should be interpreted with caution and require validation in larger reader studies. The codes are available at https://github.com/Chenan7/MedLP-HAFB-CLIP.git. This study provides a robust and clinically valuable tool for automating the classification of fetal ultrasound standard planes. The proposed method holds significant promise for enhancing the standardization and reliability of prenatal ultrasound screening in clinical practice."
80,"Diffusion tensor imaging (DTI) is a sensitive method for detecting white-matter alterations in Parkinson's disease (PD) and is increasingly used to capture short-term learning-induced plasticity. However, evidence for such effects in PD remains limited. In this pilot study, 32 levodopa-treated patients were randomized to a three-week digital intervention or placebo app, examining motor learning neuroplasticity. The active intervention involved a digital spatial navigation protocol combining egocentric and allocentric strategies with multisensory-deprivation principles, alongside psychological and rehabilitation modules. Neuroimaging demonstrated increased fractional anisotropy in the right ventrolateral posterior (VLp) thalamus and strengthened functional connectivity between the VLp and precentral gyrus (PreCG), both preliminary associated with improvements in motor performance. Graph-theory analysis indicated increased local efficiency in PreCG and adjacent motor networks, suggesting enhanced structural integration. Collectively, these findings raise the possibility of region-specific short-term plasticity in PD, and support DTI's sensitivity to detect clinically meaningful training-related white-matter adaptations beyond the effects of dopaminergic therapy. Replication in larger, adequately powered samples is needed to confirm these findings."
81,"In humans and nonhuman primates, the anterior cingulate cortex (ACC) is an interface between ""interoceptive"" and ""exteroceptive"" domains. The ACC contains discrete subdivisions that are distinct in cytoarchitecture, connectivity, and function. The subgenual ACC (sgACC) is a key area for arousal state modulation. Importantly, the sgACC is dysregulated in major depression and a target for neuromodulation therapies, including deep brain stimulation. In contrast, the perigenual ACC (pgACC) is important for cognitive functions, including social decision-making. Understanding the major sources of afferent input to the sgACC and pgACC is essential for elucidating functional modulation, including in major depression. We took a mesoscopic, 'connectomic' approach to examine the balance of projections to ACC subdivisions from two sources of glutamatergic input: the prefrontal cortex (PFC) and insula, and the thalamus (n=6 macaques). Using retrograde tracer injections into ACC subdivisions in male macaques, and unbiased statistical clustering, we revealed that the ACC subdivisions are under the influence of strikingly different ""heavily-weighted"" (HW) inputs from PFC and thalamus. Only one cortical region, area 10m, has HW projections to both sgACC and pgACC, suggesting an integrative role. Additionally, the pgACC sends ""top-down"" inputs to the sgACC, without significant ""bottom-up"" return input. Finally, ACC and thalamus-ACC circuits are hierarchically organized, governed by cortical granularity and thalamo-cortical connectivity. Agranular cortices and their associated thalamic nuclei formed most inputs to the sgACC. In contrast, pgACC receives a balanced set of afferents from agranular, dysgranular, and granular cortices, coupled with inputs from broader thalamic regions associated with these cortices.<b>Significance statement</b> The ACC contains discrete subdivisions based on cytoarchitecture and connectivity, which serve unique functional roles. The sgACC and pgACC subdivisions receive many similar inputs based on neuroimaging work. Here, we leverage higher resolution retrograde tract-tracing in macaques to examine the relative weights and relationships of multiple cortical and thalamic afferents to each region. Using unbiased analyses of labeled cells, we conclude that the balance of afferent inputs shifts from a connectome dominated by agranular cortices and their thalamic partners in sgACC, to a more balanced afferent connectome in pgACC, represented by agranular, dysgranular, and granular cortices and their broader thalamic partners. These results facilitate interpretation of functional studies, and bridge understanding of the connectional basis of psychiatric disorders."
82,"Increasing evidence suggests that higher-order thalamic nuclei are implicated in cognitive behavior. Unlike those in the first-order thalamus, higher-order thalamic neurons have a high propensity to switch from tonic spiking to rapid spike sequences termed bursts. Although bursts have been linked to the augmentation of information transfer in a manner that may support behavior, their role in cognition has never been tested. We show that bursts in the pulvinar, a thalamic node linked to cortical coordination during attention, are attention-modulated and predict behavior. Using neural data from the pulvinar and parietal cortex in macaques performing an attention task, we found that pulvinar bursts were predictive of target detection and reconfigured population codes of spatial location in cortex. Electrical microstimulation of the pulvinar triggered bursts that enhanced target detection and synchronized cortical spiking. These results establish pulvinar bursts as a causal driver of attention, revealing a mechanism by which the higher-order thalamus exerts control over cortical processing and behavior."
83,"Heart failure (HF) is frequently accompanied by cognitive and affective impairments, yet the underlying neural mechanisms of altered brain information processing in HF remain poorly defined. We applied an integrated information decomposition framework to resting-state fMRI from 48 HF patients (including HFrEF and HFmrEF, with LVEF < 50 %) and 33 matched healthy controls, quantifying synergistic and redundant information across 246 brain regions. Group differences were assessed at global and regional levels and correlated with cardiac function, cognitive performance, and affective symptoms. Neuromaps, neurotransmitter and neuropeptide receptor maps and cognition-related meta-analytic data from NeuroSynth were used to contextualize findings. HF patients exhibited significantly greater global brain synergy, with regional elevations in the thalamus, basal ganglia, and limbic-temporal areas. Altered synergistic interactions correlated with lower ejection fraction, poorer cognition, and greater depression. Spatial mapping showed negative associations between synergy and cerebral blood flow, glucose and oxygen metabolism, and microstructural integrity. Synergy patterns overlapped with the distribution of dopamine, histamine, and opioid receptors, and neuropeptides including somatostatin, vasopressin, and kinin/tensin. NeuroSynth decoding linked these patterns to memory, emotion, pain, and motor control domains. HF is characterized by distinct alterations in synergistic brain information processing that relate to cognitive-emotional impairment and show exploratory spatial correspondence with normative molecular architecture. These findings provide multimodal evidence for altered heart-brain interactions in HF."
84,"Tonic pain engages both sensory and affective-motivational processes, which are partially mediated by the medial thalamus. However, the circuit mechanisms by which distinct medial thalamic subnuclei contribute to pain-related behaviors remain poorly understood. Taking advantage of intersectional viral genetics, in vivo imaging, and ex vivo physiology, we find that the neurons in the parafascicular (PF) nuclei of the medial thalamus receive monosynaptic inputs from the lateral parabrachial nuclei (LPBN) in mice. The PF neurons downstream LPBN (PF<sub>post-LPBN</sub>) are nociceptive, sensitized by peripheral neuropathy, and acutely aversive; when activated, they drive both sensory and affective-motivational responses to cold allodynia. In contrast, the LPBN target neurons in the intralaminar centromedian thalamus (CM<sub>post-LPBN</sub>), another nociceptive nucleus of the medial thalamus, are primarily involved in the affective-motivational aspects of pain. Together, these findings show that LPBN projections to two closely related medial thalamic nuclei differentially shape behavioral responses to cold hypersensitivity associated with peripheral neuropathy."
85,"To characterize white matter pathology, identify clinical correlates, and explore relevant biomarkers for deep brain stimulation (DBS) outcomes in craniocervical dystonia (CCD) using diffusion tensor imaging (DTI). We involved 37 CCD patients (22 undergoing bilateral subthalamic DBS [STN-DBS]) and 42 matched healthy controls. Using Tract-Based Spatial Statistics (TBSS) for whole-brain analysis and Automated Fiber Quantification (AFQ) for 20 specific tracts, DTI measurements of fractional anisotropy (FA), axial diffusivity (AD), radial diffusivity (RD) and mean diffusivity (MD) were extracted. Between-group metric comparisons and correlations with clinical features and treatment outcomes were assessed. TBSS revealed reduced FA in left anterior corona radiata and right posterior thalamic radiation, increased AD in splenium of corpus callosum, and widespread elevated MD/RD (p < 0.0125, family-wise error combined threshold-free cluster enhancement corrected). AFQ identified segmental increased MD/RD across several tracts, most notably within anterior thalamus radiation (ATR), corticospinal tract, cingulum cingulate, callosum forceps, and inferior fronto-occipital fasciculus (uncorrected p < 0.01). Microstructural alterations correlated with earlier disease onset, severe baseline blepharospasm, and botulinum toxin exposure (p < 0.01, uncorrected). Crucially, at an uncorrected threshold of p < 0.01, lower MD in the left ATR was associated with greater eye symptom improvement after STN-DBS surgery (r = -0.57, p = 0.009). CCD exhibits distributed white matter microstructural alterations across multiple networks, potentially serving as the neurostructural substrate for motor and non-motor symptoms. Left ATR integrity is negatively associated with DBS outcomes."
86,"Memory impairment is a common, debilitating consequence of moderate-to-severe traumatic brain injury, affecting daily life functions. There are few treatment options for memory impairment, particularly for real-life autobiographical memory. Recently, in a first-in-human Phase I clinical trial, we demonstrated the improvement of executive attention and arousal in five participants with moderate-to-severe traumatic brain injury using deep brain stimulation of the central thalamus, specifically the central lateral nucleus and its projecting fibres within the medial portion of the dorsal tegmental tract [Schiff <i>et al</i>. (Thalamic deep brain stimulation in traumatic brain injury: A phase 1, randomized feasibility study. <i>Nat Med</i> 2023; 29: 3162-74.)]. Here in this within-subject study, we report a concomitant improvement in autobiographical memory in all five participants. Participants were tested on their ability to recall autobiographical memories using a cue word-based recall task, and on the specificity of memories using the Autobiographical Interview [Levine <i>et al</i>. (Aging and autobiographical memory: Dissociating episodic from semantic retrieval. <i>Psychol Aging</i> 2002; 17: 677-89.)], before the start of treatment and at sessions ∼3, 6, 9 or 13 months thereafter. Participants also provided self-reports of autobiographical memory changes during treatment. All five participants showed an increase in the average number of autobiographical memories recalled with treatment (range: 12-100%, average: 45.9%, <i>P</i> = 0.032). Autobiographical Interview testing of the last four participants showed an average increase with treatment in the specificity of the recalled autobiographical memories, as measured by the per cent of episodic (temporally- and spatially-specific to the memory) details out of the total episodic and semantic (factual, not memory-specific) details (18.7% improvement; main effect of treatment time <i>F</i>(3,9) = 5.85, <i>P</i> = 0.017). In subjective self-reports, four of the five participants clearly endorsed autobiographical memory improvements in their daily lives, collectively in the detail and vividness of the memories, the frequency of memories recalled, and the recollection of memories from time periods of post-traumatic retrograde amnesia. These results raise the possibility that the central thalamus modulates the autobiographical memory system, potentially via the glutamatergic connections of the targeted fibres emanating from the central lateral nucleus. The increased recall and specificity of autobiographical memories following treatment suggest that central thalamic deep brain stimulation may work to stabilize and refine the multi-faceted process of autobiographical memory retrieval, resulting in improved memory and, in turn, more effective everyday function. These findings support the possible use of central thalamic deep brain stimulation for improving autobiographical memory in moderate-to-severe traumatic brain injury."
87,"Alterations in the ionic microenvironment and interstitial fluid (ISF) dynamics are increasingly recognized as early pathological events in Alzheimer's disease (AD). However, the <i>in vivo</i> relationship between bulk tissue electrical properties and ISF mobility remains unclear. This study aimed to investigate the relationship between magnetic resonance electrical properties tomography (MREPT)-derived high-frequency conductivity (HFC) and intravoxel incoherent motion (IVIM)-derived ISF-related metrics in patients with cognitive impairments across the cognitively normal to AD spectrum. A total of 161 participants (26 cognitively normal (CN), 78 with amnestic mild cognitive impairment (MCI), and 57 with AD) underwent 3.0 T MRI. HFC maps were reconstructed using phase-based MREPT. ISF-related diffusion (D<sub>ISF</sub>) and volume fraction (F<sub>ISF</sub>) indices were extracted from multi-b-value IVIM data using an unsupervised physics-informed neural network (PINN) approach. Voxel-based and region-of-interest (ROI) statistical analyses, including ANCOVA, partial correlations, and robust multiple regressions, were performed with adjustments for age and sex. Along the disease progression from CN to AD, D<sub>ISF</sub> significantly decreased, while F<sub>ISF</sub> and HFC increased. Partial correlation analyses revealed that these alterations were significantly correlated with age and cognitive decline. Furthermore, MREPT-derived HFC exhibited region-specific correlations with IVIM-derived ISF-related measures, most notably in the bilateral corpus callosum and thalamus. Robust multiple regression analyses revealed limited, region-specific independent associations between ISF indices and HFC, with the most robust finding observed for D<sub>ISF</sub> in the left thalamus, whereas F<sub>ISF</sub>-related associations did not survive correction, and F<sub>PAR</sub> showed the most consistent independent association in the volume-fraction model. The region-specific associations observed between MREPT-derived HFC and IVIM-derived ISF-related metrics in select AD-vulnerable regions, particularly the independent D<sub>ISF</sub>-HFC association in the left thalamus, suggest that neurodegeneration may be linked with local ionic and microenvironmental compartmental shifts. These findings require replication in larger, independent cohorts. Combining MREPT and IVIM-based ISF-related metrics may provide a non-invasive imaging framework to probe these complex microenvironmental alterations in cognitive impairment."
88,"Clinical outcomes after acute ischemic stroke remain highly heterogeneous, even among patients with comparable lesion characteristics and successful reperfusion, challenging traditional lesion-based models. Increasing evidence suggests that stroke should be conceptualized as a disorder of distributed brain networks, yet the mechanisms linking focal ischemia to large-scale dysfunction remain incompletely understood. In this review, we propose that diaschisis constitutes a central physiological mechanism underlying this transition from focal injury to network-level impairment. Building on advances in functional imaging, connectomics, and cerebellar physiology, we propose that diaschisis may be conceptualized, at least in part, as a disruption of cerebello-cortical loop dynamics rather than solely a nonspecific remote effect. These closed, polysynaptic circuits linking cortex, cerebellum, and thalamus support the integration of motor and cognitive processes and are particularly vulnerable to perturbation. Focal ischemia may therefore induce a cascade of dysfunction that propagates across these loops, leading to widespread impairment despite limited structural damage. Within this framework, outcome variability emerges from the interaction of three key factors: lesion characteristics, brain reserve and network vulnerability, and the extent of diaschisis. We further highlight that functional suppression of cerebellar output, even in the absence of structural degeneration, may play a critical role in mediating network dysfunction. This circuit-based perspective provides a mechanistic explanation for inter-individual variability in stroke outcomes and shifts the focus from lesion localization to network dynamics. Understanding diaschisis as a potential manifestation of cerebello-cortical loop dysfunction opens new avenues for prognosis and therapeutic intervention, emphasizing the potential of targeting network-level restoration to improve recovery after stroke."
89,"Persistent olfactory dysfunction after SARS-CoV-2 infection is common, yet its central neural profile remains poorly defined. We combined ultra-high-field 7 Tesla resting-state functional MRI with surface-based cortical morphometry to characterise olfactory-network organisation and cortical structure in long-term post-COVID dysosmia. Thirty adults (14 with persistent dysosmia; 16 normosmic controls) completed psychophysical olfactory testing and 7 Tesla imaging. Connectivity analyses across 56 olfaction-related regions revealed a coherent pattern centred on insular, orbitofrontal and thalamic nodes: connectivity was reduced between the insula and the orbitofrontal and entorhinal cortices, and between the ventral posterior thalamus and the ventral insula, and increased between interhemispheric orbitofrontal regions and among anterior thalamic nuclei. Significant connections were predominantly right-lateralised or interhemispheric. Morphometry showed no volumetric differences but selective left orbitofrontal thinning. Across the whole sample, greater orbitofrontal and insular thickness was associated with better olfactory performance; however, this reflected the difference between patients and controls rather than a graded relationship within the patient group, and did not persist after accounting for group and age. Together, these findings provide a preliminary, proof-of-concept characterisation of an orbitofronto-insular signature of long-term post-COVID dysosmia and nominate candidate imaging markers for testing in larger, multi-centre cohorts."
90,"Immunological homeostasis relies on a sophisticated bidirectional dialogue between the immune and nervous systems, primarily coordinated by cytokine signaling. These peripheral signals access the central nervous system (CNS) via circumventricular organs and are integrated within the hypothalamus to mount appropriate homeostatic responses. Given that the immune system is under rigorous circadian control, circadian desynchrony-such as constant light exposure-often compromises this coordination, thereby increasing disease vulnerability. This study investigates the hypothesis that interleukin-6 (IL-6) is a pivotal mediator in this neuroimmune dialogue, specifically examining how astrocytic IL-6 trans-signaling modulates hypothalamic activity following an immune challenge. Utilizing male wild-type (WT) and GFAP-sgp130Fc (TG) mice-the latter genetically engineered to express a soluble gp130 fusion protein that selectively binds the IL-6/sIL-6R complex, thereby acting as a specific decoy receptor to inhibit astrocytic IL-6 trans-signaling without altering classical membrane-bound signaling-we assessed physiological and molecular responses under standard LD cycles and constant light (LL) conditions, the latter serving as a model for circadian desynchronization. Our results reveal that TG mice exhibit compromised circadian patterns and significantly altered thermoregulatory responses to lipopolysaccharide (LPS) compared to WT controls. Notably, TG mice under LL conditions showed a complete abolition of the thermoregulatory response to LPS, identifying a critical failure in homeostatic integration when both astrocytic signaling and circadian organization are impaired. Furthermore, c-Fos immunoreactivity within the suprachiasmatic nucleus and paraventricular nucleus indicated a profound suppression of hypothalamic activation in TG animals. Peripheral analysis of hepatic mRNA (IL-1β, IL-6, TLR4) confirmed genotype- and photoperiod-dependent variations, with TG mice displaying a markedly blunted inflammatory profile. These findings underscore the essential role of astrocytic IL-6 trans-signaling in neuroimmune communication and demonstrate that its absence, coupled with circadian disruption, induces a state of ""neuronal deafness"" that severely compromises the ability of the CNS to respond to inflammatory challenges."
91,"This prospective cohort study systematically compared neuropsychological impairments in Cushing's disease (CD),non-functioning pituitary adenomas (NFPA), and healthy controls (HCs), and investigated the roles of HPA axis hormones (ACTH, cortisol)and inflammatory markers in cognitive dysfunction. A total of 107 CD patients, 110 NFPA patients, and 84 HCs were enrolled from the Chinese PLA General Hospital.Participants underwent preoperative comprehensive neuropsychological assessments, including the Mini-Mental State Examination(MMSE) and Montreal Cognitive Assessment (MoCA), Self-Rating Anxiety Scale (SAS), Self-Rating Depression Scale (SDS), PittsburghSleep Quality Index (PSQI), and Quality of Life (QOL) Scale. Clinical data were also collected. Longitudinal neuropsychological changeswere evaluated in 90 CD patients post-surgery. Statistical analyses included FDR-corrected group comparisons, correlation analyses,and multivariable regression. Cushing's disease patients exhibited significantly greater deficits in global cognition (MMSE/MoCA, q < 0.001), depression/anxiety (SDS/SAS, q < 0.006), and quality of life compared with NFPA and HCs. Critically, morning ACTH levels (8 A.M.) predicted cognitive decline, whereas cortisol showed no significant correlation. Paradoxically, inflammatory markers (WBC, neutrophils, lymphocytes) positively correlated with MMSE scores (q < 0.024), suggesting compensatory neuroprotection, which needs further investigation. Postoperatively, significant improvements occurred in affective symptoms and cognition, with maximal recovery in memory and attention. The CD-specific neuropsychological impairments exceed tumor mass effects in NFPA, driven by HPA hyperactivation. ElevatedACTH is an associated predictor of cognitive decline, advocating for its prioritization in clinical monitoring. Surgical remission partiallyreverses deficits, while neuroendocrine-immune crosstalk bidirectionally modulates cognition. Adrenocorticotropic hormone-centricmanagement and targeted rehabilitation may optimize long-term outcomes."
92,"Chronic stress and sustained activation of the hypothalamic-pituitary-adrenal (HPA) axis result in elevated cortisol secretion, which caninterfere with regulation of the hypothalamic-pituitary-thyroid (HPT) axis and affect thyroid hormone metabolism and immune-mediatedmechanisms. The aim of this review is to present current evidence on the influence of stress and cortisol on thyroid function, including their effects onthe HPT axis, peripheral thyroid hormone metabolism, and autoimmunity, and to discuss potential clinical implications. A comprehensive literature search was conducted covering the last decade's clinical, population-based, and experimental studies addressingthe associations between psychological stress, cortisol levels, thyroid axis dysregulation, deiodinase activity, and autoimmune thyroiddisease. Mechanistic pathways and therapeutic perspectives are summarized. Evidence indicates that cortisol suppresses TRH and TSH secretion and disrupts the circadian rhythm of TSH secretion, while also influencingthyroid hormone transport proteins and deiodinase activity (↓ D1/↓ D2, ↑ D3), leading to reduced T3 and increased rT3. Thesemechanisms contribute to subclinical hypothyroidism and the non-thyroidal illness syndrome (NTIS) phenotype. Chronic stress alsodisturbs immune homeostasis (Treg/Th17 imbalance, elevated IL-6, TNF-α), increasing susceptibility to autoimmune thyroid diseases suchas Hashimoto's thyroiditis and Graves' disease. Emerging data suggest that stress-reduction interventions, optimization of micronutrientstatus (selenium, vitamin D, zinc), and modulation of the HPA axis may complement standard thyroid therapy. Stress and cortisol are significant but often underrecognized moderators of thyroid regulation through endocrine, metabolic, and immunologicalpathways. Incorporating assessment of chronic stress and HPA-axis activity into the diagnostic workup of thyroid disordersmay enhance clinical evaluation, and stress-targeted adjunctive interventions may improve management, particularly in patients withautoimmune thyroid disease."
93,"Diabetes mellitus (DM) can negatively influence the hypothalamic-pituitary-gonadal axis (HPGA) and male fertility. To investigate the effects of <i>Citrullus colocynthis</i> extract on HPGA regulation and pancreatic glucose transporter 2 (GLUT2) expression in streptozotocin-induced DM in male rats, together with sperm morphology and motility. Thirty-two adult male rats were divided into 4 groups of 8 animals each: negative control, positive control, treatment 1 (250 mg/kg body weight), and treatment 2 (500 mg/kg body weight) of CC extract, respectively. All groups were induced with DM, except group one. Treatments were given orally for 30 consecutive days. After animal scarification using deep anesthesia, blood samples were collected for hematological and biochemical analyses, and tissue samples were obtained for histopathological and immunohistochemical studies (pancreas) and semen analysis (testicles). Treatment 2 significantly (<i>p</i> ≤ 0.05) decreased blood glucose and glycated hemoglobin levels with marked elevation in serum insulin levels. The significant reduction of gonadotropin-releasing hormone in diabetic rats was substantially recovered by treatment 2, whereas no changes in luteinizing hormone, follicular stimulating hormone, and testosterone levels were recorded. Sperm motility was significantly increased in diabetic rats receiving treatment 1 of CC extract. Histopathological results have shown various alterations in the testis and pancreatic tissue in diabetic rats, which were improved almost to normal levels by different doses of CC extract. Immunohistochemical analysis showed complete restoration and normal localization of GLUT2 in pancreatic beta cells after treatment with CC extract. CC extract ameliorates diabetic complications through a potent natural effect against HPGA dysfunction, pancreatic and testicular alteration, and GLUT2 overexpression in pancreatic beta cells."
94,"Early life stress (ELS) is a major risk factor for reactive and pathological aggression that can persist long after the original stress exposure. Across species, ELS produces enduring alterations in the neural circuits that regulate social behavior and aggression, yet the molecular, structural, and circuit mechanisms that stabilize these changes remain poorly defined. Emerging evidence implicates N-methyl-D-aspartate receptor (NMDAR)-dependent structural plasticity in aggression circuits as a mechanism linking early adversity to persistent aggressive behavior. In this review, we present a hypothesis-driven narrative that synthesizes clinical, postmortem, imaging, and preclinical evidence to define a testable framework for future research. We focus on how ELS may recruit NMDAR signaling to reshape excitatory connectivity within aggression circuits, with particular emphasis on the posterior ventral medial amygdala to ventrolateral ventromedial hypothalamus pathway. Within this pathway, preclinical studies suggest that ELS increases dendritic spine density, promotes excitatory shaft synaptogenesis, and biases synaptic input toward proximal dendritic locations predicted to exert stronger effects on neuronal firing. We propose that this location-specific remodeling may increase circuit excitability, thereby lowering the threshold for aggressive responding. We further examine the translational potential of targeting NMDAR-dependent plasticity, focusing on the clinically available antagonists ketamine and memantine. By integrating molecular, structural, circuit-level, and clinical perspectives, we propose that NMDAR-dependent control of synapse formation and location represents a plausible mechanism through which ELS persistently biases neural circuits that regulate aggression. Targeting these processes may provide new strategies for reducing pathological aggression following ELS."
95,"Cadmium (Cd) is a pervasive environmental toxicant associated with female reproductive dysfunction through endocrine disruption and oxidative stress. Strategies that enhance antioxidant bioavailability may improve therapeutic efficacy against heavy metal-induced ovarian damage. To investigate the protective efficacy of polycaprolactone/polyvinyl alcohol-loaded curcumin nanoparticles (PCL/PVA/Cm NPs) against CdCl₂-induced reproductive toxicity in female rats, focusing on hormonal modulation and hypothalamic-pituitary-ovarian axis gene expression. Forty-eight adult female rats were allocated into six groups: control, CdCl₂, Cm, CdCl₂ + Cm, PCL/PVA/Cm NPs, and CdCl₂+PCL/PVA/Cm NPs. Body and reproductive organ weight, Serum gonadotropin-releasing hormone (GnRH), follicle stimulating-hormone (FSH), luteinizing hormone (LH), estradiol, progesterone, and prolactin (PRL) levels were assessed after 4 weeks. Ovarian (LHR, FSHR, and aromatase) and pituitary (LHβ, FSHβ, CYP450, and PRL) gene expression levels were quantified. The results revealed that CdCl₂ exposure significantly reduced body, ovarian, and uterine weights and suppressed GnRH, FSH, LH, estradiol, and progesterone levels while elevating PRL levels. Ovarian and pituitary reproductive gene expression was markedly downregulated. Cm partially reversed these effects; however, nanoformulated Cm produced significantly greater restoration, normalizing hormonal profiles and gene expression patterns to near-control values. The nano-encapsulation markedly enhances Cm bioefficacy, effectively restoring endocrine balance and molecular signaling within the reproductive axis. PCL/PVA/Cm NPs represent a promising nanotherapeutic strategy for mitigating Cd-induced female reproductive toxicity."
96,"Literature has reported elevated concentrations of copeptin (CPP), a marker of arginine vasopressin (AVP) secretion, preceding the clinical features of the life-threatening condition, preeclampsia (PE). Those findings pointed to a possible role for the hypothalamic-neurohypophyseal system (HNS) in its pathophysiology. This systematic review and meta-analysis reports CPP levels in women with PE, exploring the AVP system not as a primary driver of the disease, but as a dynamic physiological feature associated with its clinical progression. The search terms used were ""preeclampsia-AND-vasopressin-OR-copeptin-OR-oxytocin"" in five databases: Google Scholar, Embase, Scopus, PubMed, and Semantic Scholar. Study quality was assessed using the Newcastle-Ottawa Scale. A Gaussian Mixture Model (GMM) algorithm was applied to blind predict the preeclamptic or healthy normotensive pregnancies by the CPP concentration, after performing a Kernel Principal Component Analysis (kPCA). Thirty-nine registries were selected, of which twenty were observational studies documenting CPP concentrations across all three trimesters, encompassing 1025 cases in 2446 pregnancies. Observational and experimental studies have associated the development of PE with circulating CPP levels and pharmacological manipulations involving AVP. Such an association was not found for oxytocin. Continental comparisons reveal a potential gene-environment link, showing a greater effect of higher concentrations of CPP on preeclamptic cases in Asian and African people. Furthermore, gestational hypertension has been associated with single nucleotide polymorphisms (SNPs) in the <i>AVP</i> and <i>ERAP2</i> genes. Notably, <i>ERAP2</i> encodes an endopeptidase that cleaves and inactivates AVP. It is essential to improve the early detection of this condition by understanding how genetic and geographic factors influence PE causes. https://www.crd.york.ac.uk/prospero/, identifier CRD420251111755."
97,"Spatially resolved lineage tracing is essential for understanding how clonal relationships shape tissue architecture. However, such an approach has not been established in mice across different tissues. Here we present Spatio-DARLIN, a versatile method that integrates the high-diversity DARLIN lineage-tracing mouse with sequencing-based spatial transcriptomics. Through a dedicated computational pipeline, Spatio-DARLIN achieves accurate clonal mapping at single-cell resolution and recovers reliable lineage information from ~25-50% of cells in the intestine and brain. Spatio-DARLIN identified stereotyped clonal patterns in the intestinal epithelium and revealed clonal dynamics that were consistent with stem-cell neutral drift. In the brain, we uncovered greater clonal expansion of radial glial cells in the cortex and hippocampus during development than in other regions. Moreover, our data strongly suggested that neuronal progenitors across different nuclei in the hypothalamus were already spatially prepatterned by embryonic day E10. Spatio-DARLIN enables high-resolution study of clonal architecture, expansion and migration across diverse tissues in situ."
98,"Uncoupling protein 1 (UCP1) is predominantly expressed in brown adipocytes, where it plays a central role in thermogenesis and energy metabolism. BAC-transgenic UCP1-Cre mouse lines have been widely used to target thermogenic adipocytes, but ectopic Cre activity in the hypothalamus and peripheral organs has raised concerns regarding specificity. Here, we characterize a novel knock-in UCP1-IRES-Cre mouse model that drives Cre expression from the endogenous UCP1 promoter. UCP1-IRES-Cre mice were crossed with Ai14 reporter mice to visualize Cre-dependent tdTomato expression across adipose depots, brain regions, and peripheral tissues and compared with UCP1 protein localization. Reporter expression in male and female UCP1-IRES-Cre mice closely mirrored endogenous UCP1 expression in brown and white adipose tissue depots, with substantially reduced ectopic activity compared with previously reported BAC-transgenic models. Minimal reporter expression was observed in the hypothalamus and peripheral organs, although robust reporter expression was detected in the choroid plexus despite absent UCP1 protein staining. White adipose depots exhibited broader reporter labeling than UCP1 immunoreactivity, consistent with transient or prior UCP1 promoter activation during development or adult life. Together, these findings demonstrate that the UCP1-IRES-Cre model faithfully recapitulates endogenous UCP1 expression while minimizing off-target Cre activity, providing a knock-in alternative for genetic targeting of thermogenic adipocytes."
99,"Adverse social experiences profoundly alter animal behavior, yet the processes underlying context-appropriate behavior selection based on prior social interactions remain poorly understood. Existing models capture statistical patterns but are not framed in mechanistic frameworks that explain individual variability and predict behavioral outcomes. We address this gap by modeling social defeat in mice as a partially observable Markov decision process (POMDP), implementing a heterarchical agent architecture-a structured network of interacting modules balancing exploration and exploitation. Our model successfully reconstructs observed behavioral motifs (e.g., investigation, hesitation, and flights), fits different mouse phenotypes (e.g., susceptible vs. resilient), and mechanistically captures the impact of social defeat as a parameter shift in the animal's internal generative model. Notably, characteristic behavioral motifs including investigation bouts, hesitation, and flight trajectories emerge from the model's inference dynamics, without any trajectory-level fitting. The model additionally reproduces effects of interventions like optogenetic stimulation, and generates testable predictions for future experiments. The model's modular architecture enables natural extension to other behavioral domains including foraging and multi-agent interactions, representing a foundational step toward interpretable models of mouse behavior. By capturing how adverse social experiences reshape decision-making at the computational level, this work offers potential clinical relevance for trauma and anxiety disorders in humans."
100,"Combined oral contraceptives (OCs), containing synthetic estrogen and a progestin such as levonorgestrel (LVNG), are widely used, and up to 10% of users experience adverse mood states and increased depression risk. It is well-established that OCs modulate the hypothalamic-pituitary-adrenal (HPA) axis and blunt the cortisol responses to acute stress. This interaction with stress regulatory pathways is one mechanism by which OCs might impact mood. Here, we used a mouse model of OC exposure (ethinyl estradiol (EE) + LVNG) to investigate how OCs affect regulation of the diurnal CORT cycle and stress-related signaling in the dorsal and ventral hippocampus and paraventricular nucleus of the hypothalamus (PVN). We found that EE+LVNG did not alter basal corticosterone (CORT) levels, but impaired glucocorticoid receptor (GR) - mediated negative feedback in the dexamethasone suppression test. Molecular analyses revealed distinct, region-specific effects. In the dorsal hippocampus, EE+LVNG enhanced glucocorticoid receptor (GR)-dependent gene signaling and prolonged <i>Fkbp5</i> induction. In the ventral hippocampus, EE+LVNG enhanced mineralocorticoid receptor (MR)-dependent signaling and reduced stress-induced corticotropin-releasing factor expression. In the PVN, EE+LVNG reduced <i>MR</i> expression and modulated MR-dependent signaling. Together, these findings demonstrate that chronic OC exposure disrupts GR- and MR-dependent regulation across stress-related brain regions and impairs glucocorticoid feedback, providing potential mechanisms by which OCs blunt stress responsivity, modify long-term HPA-axis function, and increase susceptibility or resilience to stress and depression."
101,"The gut-brain axis (GBA) enables a bidirectional crosstalk between the enteric and central nervous systems and plays a critical role in inflammatory diseases of the gut. This study is the <i>first demonstration</i> of the utility of Raman spectroscopy (RS) in capturing a snapshot of the biochemical changes that modulate the GBA and identify vibrational bands that are evidence of metabolites present in a murine model of ulcerative colitis. Acute colitis was induced in mice by administering dextran sulfate sodium (DSS) in drinking water. RS measurements identified 21 significant peaks in the serum, 21 in the cecum, and 22 in the thalamus region of the brain; these peaks were associated with broad metabolite classes and showed strong correlation to disease activity in colitis mice relative to healthy mice. Our findings showed that the thalamus has the most metabolite changes in the DSS-colitis model rather than the hypothalamus, which is known to be crucial in GBA communication. We identified six biochemical species, including unsaturated fatty acids, lipids, triglycerides, proteins/amide III, tryptophan, and threonine, that were common between the serum, cecum, and thalamus and may serve as early biomarkers of inflammatory response that drive gut-brain communication. Further, a Pearson's correlation analysis highlighted that neurotransmitters in the thalamus had moderate-to-strong correlations to serum amino acids and lipids/fatty acids in the gut. This fundamental study provides a snapshot of the early biochemical changes that enable crosstalk between the gut and brain in ulcerative colitis that can be translated to other disorders of the gut or brain in the future."
102,"The early life experiences have an important impact on the development of the brain and behavior and early life adversities (ELA) may affect several biological systems including the hypothalamic-pituitary-adrenal (HPA) axis, neurotransmitter and immune signaling systems, and microbiota composition. Dysregulation of these systems may result in an altered stress reactivity in both early life and the adulthood periods leading to maladaptive responses to the environmental stimuli. The activation of certain neuropeptides, including oxytocin, stimulation of the HPA axis, and increased glucocorticoid levels, may also play an important role in the early adaptive processes. In terms of brain maturation, ELA can directly or indirectly elicit structural changes in neurite growth, neurogenesis, neuronal connectivities, and signaling processes, which may contribute to the production of the long-term behavioral changes associated with an increased risk of the neuropsychiatric disorders' development in later periods of the life. In this review, we summarize the effect of ELA on the HPA axis function, stress-related hormonal balance, immune responses, and the gut microbiome indicating how these changes may affect the brain function and behavior in the early stages of the life and adulthood. We also provide insight into animal studies revealing the responses of corticotropin-releasing hormone, urocortins, and corticosterone in various neural circuits in response to ELA evoked by maternal separation and limited bedding paradigms."
103,"The endocannabinoid system (ECS), comprising cannabinoid receptors, endogenous lipid ligands, and enzymes that regulate their synthesis and degradation, has emerged as an important modulator of neuroendocrine regulation. This review summarises current evidence on the role of endocannabinoid signalling in hypothalamic-pituitary neuroendocrine circuits, with particular focus on the hypothalamic-pituitary-adrenocortical, gonadal, thyroid, and somatotropic axes, as well as prolactin and posterior pituitary hormones regulation. Available data indicate that endocannabinoid signalling predominantly influences neuroendocrine function by modulating synaptic transmission within hypothalamic circuits. Acting mainly as retrograde messengers at presynaptic CB1 receptors, endocannabinoids regulate excitatory and inhibitory inputs to neurosecretory neurons and thus shape endocrine output in a context-dependent manner. Among the systems discussed, the hypothalamic-pituitary-adrenocortical axis is the best characterised, with relatively well-defined links between glucocorticoid feedback and rapid endocannabinoid-mediated suppression of synaptic input to corticotropin-releasing hormone neurons. In other neuroendocrine systems, evidence supports a predominantly modulatory, often inhibitory, role for endocannabinoid signalling, although the underlying cellular processes remain less well-defined and are largely based on preclinical studies. Interactions with glucocorticoids, gonadal steroids and neuropeptidergic pathways further underscore the integrative nature of ECS signalling. Overall, the ECS should be viewed not as a primary endocrine driver, but as a dynamic regulatory network that fine-tunes the translation of neural activity into hormonal responses."
104,"Aging disrupts physiological homeostasis, impairing thermoregulation, metabolism, and water balance, but the underlying neural mechanisms remain unclear. Here, we identify arginine vasopressin (AVP) neurons in the supraoptic nucleus (SON) of the hypothalamus as a critical driver of these changes in male mice. Single-nucleus RNA-sequencing revealed Avp among the most upregulated neuronal transcripts with age. Aged SON<sup>AVP</sup> neurons displayed enlarged size and heightened excitability, features consistent with hyperactivity. Chemogenetic activation of SON<sup>AVP</sup> neurons in young mice reproduced aging-associated phenotypes including hypothermia, reduced energy expenditure, and suppressed water intake. Conversely, knockdown of Avp in the SON of aged mice restored water balance, partially improved thermoregulation and metabolism. Pharmacological studies demonstrated that neuroendocrine AVP signaling mediates these deficits through distinct contributions of V1A and V2 receptors. These findings identify SON<sup>AVP</sup> neurons as a central regulator of physiological aging and a potential therapeutic target for age-related homeostatic dysfunction."
105,"Kisspeptin is a neuropeptide that regulates GnRHergic neurons in mammals; however, its function in teleost fish remains less understood. This study examined the role of kisspeptin2 (Kiss2) in the regulation of testicular function in adult pejerrey (Odontesthes bonariensis), with a particular focus on differentiating between central and direct gonadal effects. Spermiating males were intraperitoneally injected with homologous Kiss2 (pjKiss2) at 0, 50, or 250 ng/g body weight. Administration of pjKiss2 at 50 ng/g induced a significant decrease in the testicular lobular area occupied by sperm, indicative of sperm release, associated with a trend of increased plasma androgen levels. Moreover, in vitro incubation of testicular explants with pjKiss2 (100 nM) led to an increase in androgens levels in the incubation media after 6 h. Immunohistochemical analyses revealed the presence of Kiss2-expressing neurons in the hypothalamus, consistent with previous reports in other teleosts. Also, a few Kiss2-immunoreactive fibers were observed in the pituitary gland, as well as Kiss2-expressing cells in the proximal pars distalis (PPD) of this gland. Notably, Kiss2 immunoreactivity was detected in the spermatogonia in the testis. Taken together, these results demonstrate that Kiss2 could directly modulate testicular function and promote spermiation in pejerrey, suggesting a local intragonadal role of kisspeptin beyond its classical neuroendocrine actions."
106,"The gut microbiota plays a pivotal role in maintaining the homeostasis of the digestive and immune systems. Dysbiosis compromises the intestinal barrier and triggers systemic inflammation, thereby contributing to metabolic and immune dysregulation. Emerging evidence suggests a bidirectional relationship between the gut microbiota and thyroid function. The microbiota influences the absorption and metabolism of micronutrients essential for thyroid hormone synthesis, including iodine, selenium, iron, and zinc. Dysbiosis enhances intestinal permeability, facilitating the translocation of bacterial components into systemic circulation and potentially triggering autoimmune thyroid diseases (AITD) such as Hashimoto's thyroiditis and Graves' disease. Animal studies further demonstrate that hypothyroidism, hyperthyroidism, and thyroidectomy can alter the diversity and composition of gut microbiota. Environmental exposures such as particulate matter 2.5 reshape microbial and metabolic profiles, influencing the hypothalamus-pituitary-thyroid axis and thyroid hormone homeostasis. Clinical studies show reduced abundance of beneficial bacteria (Bifidobacterium and Lactobacillus) and enrichment of proinflammatory taxa in AITD patients. These findings highlight the complex bidirectional interactions between gut microbiota, thyroid function, and immune tolerance. Microbiotatargeted therapies may represent promising strategies for the prevention and management of thyroid disorders. This review aims to summarize current evidence regarding the bidirectional relationship between gut microbiota and thyroid disorders, with particular emphasis on dysbiosis, immune regulation, micronutrient metabolism, and autoimmune thyroid disease. Cite this article as: Beyhan YE, Işık Ş. Gut microbiota and thyroid diseases. Eurasian J Med. 2026, 58(3), 1232, doi: 10.5152/eurasianjmed.2026.251232."
107,"The hypothalamus, through its expression and interaction with various neurotransmitters, pituitary hormones and orexigenic and anorexigenic signals, regulates appetite. Leptin and insulin, released in response to food intake, act as anorexigenic stimuli whereas ghrelin, released in fasting, is orexigenic. Imbalance in these signals can lead to disorders in appetite regulation with cardiovascular implications. Glucose, through multiple mechanisms, shows an addictive potential and interacts and affects the hypothalamic regulation of appetite and energy metabolism. The concept of Carbothalamus integrates the hypothalamic function in response to carbohydrate craving and proves opportune to identify the individual maladaptation and an approach to manage the same. This simple concept helps understand, as well as address, obesity in an easy and effective manner."
108,"Erdheim-Chester disease (ECD) is a rare, sporadic, non-Langerhans cell histiocytosis with multiorgan involvement. Less than half of patients present with central nervous system (CNS) involvement, usually affecting the hypothalamic-pituitary axis (HPA), meninges, and brain parenchyma. CNS-only involvement is extremely rare and can lead to challenges in both diagnosis and management. Clinical course of the disease is varied, ranging from indolent to disabling and life-threatening forms. We report a case of a 55-year-old woman who presented with panhypopituitarism and central diabetes insipidus (DI) in 2016 and was found to have a rapidly enlarging suprasellar mass with non-specific radiologic features. Transcortical biopsy at the time of presentation was inconclusive, and high-dose corticosteroid therapy with close clinical follow-up was initiated. Over a period of six months, the patient had progressive disease with involvement of the hypothalamus and profound tracking cytotoxic edema. Surgical management in the form of endonasal, extended transsphenoidal resection was performed. Final pathology demonstrated a histiocytic neoplasm positive for BRAF V600E mutation (VE1) by immunohistochemistry, consistent with ECD. This case highlights the diagnostic challenges associated with ECD involving the CNS, particularly in anatomically complex regions where tissue sampling may be limited and histologic findings non-specific. While BRAF-targeted therapies were not routinely available at the time of the patient's presentation, identification of BRAF mutations has significant therapeutic implications, enabling the use of targeted therapies in patients with unresectable or progressive disease. This case underscores the importance of maintaining a high index of suspicion in patients presenting with central DI with indeterminate suprasellar lesions."
109,"Climate change, pollution, and deteriorating water quality have emerged as major threats to aquaculture and fish reproduction. <i>Anabas testudineus</i> were exposed to multiple abiotic stressors such as arsenic, ammonia toxicity, low pH, and elevated temperature, which disrupt endocrine regulation, impair reproductive hormones, reduce sperm quality, and ultimately decrease reproductive efficiency. These stressors adversely affect the hypothalamic-pituitary-gonadal axis, resulting in hormonal imbalance and poor gamete quality of fish. The present investigation aims to protect the fish against endocrine disruption and improve reproductive hormones by using cobalt nanoparticles diets (Co-NPs). An experiment was conducted for 115 days in <i>Anabas testudineus</i> of five hundred and four (504) with an average weight of 9.54 ± 0.25 g. The experiment was designed with twelve treatments in triplicate. The experiment was conducted in the triplicate. Cobalt nanoparticles (Co-NPs) were synthesized using green approach and formulated fish diet at 0.2, 0.4, 0.6 and 0.8 mg kg-1 diet. The arsenic (1/10<sup>th</sup> LC<sub>50</sub>, 2.05 mg L<sup>-1</sup>), ammonia (1/10<sup>th</sup> of LC<sub>50</sub> 2.3), low pH (6.5), and elevated temperature (34 °C) were maintained throughout the experiment for 115 days. The endocrine disruption, reproductive hormones and milt quality were evaluated. Reproductive hormones in both male and female fish such as gonadotropin-releasing hormone (GnRH), progesterone, 11-keto-testosterone (11-KT), follicle-stimulating hormone (FSH), luteinizing hormone-releasing hormone (LH-RH), vitellogenin (Vt), and estradiol (in females) were significantly improved with Co-NP supplementation at 0.4 and 0.6 mg kg<sup>-</sup>¹ under both control and As+NH<sub>3</sub>+pH+T exposure conditions. Co-NPs supplementation also protects from endocrine disruption in the present study. Furthermore, milt/sperm characteristics were evaluated under multiple abiotic stressors and dietary Co-NP treatments. Milt count, milt motility, straight-line velocity (VSL), curvilinear velocity (VCL), progressive motility, average path velocity, linearity (%), and straightness (%) were substantially enhanced by dietary Co-NPs at 0.4 and 0.6 mg kg<sup>-</sup>¹, with or without stress exposure. Dietary supplementation of Co-NPs at 0.4 and 0.6 mg kg<sup>-</sup>¹ demonstrated strong potential to improve reproductive efficiency in <i>A. testudineus</i> under combined abiotic stress conditions (As+NH<sub>3</sub>+pH+T)."
110,"Combined modulation of the hypothalamic-pituitary-thyroid (HPT) and hypothalamic-pituitary-adrenal (HPA) axes is known to play a critical role in maintaining physiological stability in response to stress. In this study, stress induced modulation of these axes was examined using 20 pigs/treatment either weaned (WN), weaned with feed/water restriction 9 h (FR), transported 9 h (TRANS), or remaining with sow (SOS) and euthanized at 32 or 56 h post-weaning. Serum cortisol, thyroxine (T4), and triiodothyronine (T3) were measured before weaning and after 24, 32, and 56 h with no difference in cortisol concentrations among treatments at any timepoint. However, both T3 and T4 decreased post-weaning in FR, TRANS, and WN compared to SOS. Expression of 23 genes of interest was evaluated across the hypothalamus, pituitary, thyroid, and adrenal glands of TRANS and SOS pigs at 56 h to understand the underlying mechanism. TSHB, DIO3, and POMC expression was decreased in the pituitary while DIO3 in the thyroid was increased, with upregulation in MC2R also observed. Collectively, these results suggest acute stressors in swine can induce type I allostasis within the HPT axis and modulate sensitivity within the HPA."
111,"Glucagon-like peptide-1 (GLP-1) in the brain is synthesized by preproglucagon neurons and released through axonal projections to extensive regions such as the arcuate nucleus, hypothalamic paraventricular nucleus (PVN), rostral ventrolateral medulla, and dorsomedial medulla. It is involved in functional activities including substance metabolism, neuroendocrine regulation, and autonomic nerve control. The GLP-1 receptor (GLP-1R) is highly expressed in the PVN and plays an important role in stress responses and cardiovascular activities. However, the mechanism by which GLP-1 influences the activity of magnocellular neurosecretory cells (MNCs) in the hypothalamic PVN remains unclear. In this study, we used whole-cell patch-clamp recording in acute hypothalamic slices, biotin staining, double immunofluorescence staining, and neuropharmacology methods to investigate the regulatory mechanism of GLP-1 on the activity of the hypothalamic PVN MNCs <i>in vitro</i> in rats. Under current-clamp conditions, perfusion with GLP-1 (100 nmol/L) resulted in a significant decrease in the spontaneous firing frequency of PVN MNCs accompanied with a membrane potential hyperpolarization. Blocking ionotropic glutamate receptors and GABA<sub>A</sub> receptors either alone or simultaneously did not affect the inhibitory effect of GLP-1 on the firing frequency of PVN MNCs. GLP-1 had no significant impact on the half-width, rise constant, or decay constant of action potentials, but it significantly increased the after-hyperpolarization (AHP) and inwardly rectifying potassium currents of PVN MNCs. The results of double immunofluorescence showed that GLP-1 significantly reduced the expression of c-fos in arginine vasopressin (AVP)-ergic neurons. These results indicate that GLP-1 activates postsynaptic inwardly rectifying potassium channels, reduces the excitability of PVN MNCs, and decreases their firing frequency and c-fos expression. These findings suggest that GLP-1 reduces the secretion and release of AVP by inhibiting the functional activity of PVN MNCs in rats."
112,"Minipuberty is a transient activation of the hypothalamic-pituitary-gonadal axis in infancy that contributes to the postnatal development of sexual organs. Its course has been shown to be influenced by maternal hypothyroidism. This study aimed to evaluate the reproductive axis and genital development in infant girls born to women with euthyroid autoimmune thyroiditis. The study involved three groups of infants: two groups were daughters of euthyroid women with autoimmune thyroiditis, while the third group (control) consisted of daughters of women without thyroid disease during pregnancy. Half of the mothers with thyroiditis received additional vitamin D and selenium supplementation during pregnancy, whereas the other half did not. During the first 18 months of life, periodic assessments were conducted of gonadotropin concentrations in urine, as well as salivary levels of estradiol, progesterone, testosterone, androstenedione, and DHEA-S. Additionally, ovarian volume, uterine length, and breast diameter were measured in the infants. Daughters of women with autoimmune thyroiditis who did not receive supplementation during pregnancy exhibited lower levels of LH, estradiol, and progesterone, as well as a more rapid decline in LH and estradiol to below detectable levels, compared with daughters of healthy women. These hormonal differences were accompanied by smaller uterine length and breast diameter in this group. No differences were observed between the offspring of non-supplemented women with thyroiditis and daughters of healthy women regarding the levels of other hormones or ovarian volume. The dynamics of all assessed hormone levels and organ measurements did not differ between daughters of euthyroid women with thyroiditis who received vitamin D and selenium supplementation and daughters of healthy women. LH and progesterone levels showed inverse correlations with anti-thyroid peroxidase antibody titers, whereas uterine and breast dimensions positively correlated with estradiol levels. These findings suggest that maternal euthyroid autoimmune thyroiditis can affect the progression of female minipuberty, while supplementation with vitamin D and selenium during pregnancy may mitigate this effect."
113,"Leptin (LEP) is an adipocyte-derived cytokine that integrates nutritional status, metabolism, and reproduction in cattle, with particular relevance for modern high-producing dairy cows. In ruminants, LEP and its receptors are widely expressed in metabolic and reproductive tissues, including adipose tissue, liver, hypothalamus, pituitary, ovary, uterus, and placenta, where LEP modulates energy homeostasis, neuroendocrine function, and local tissue responses. Changes in circulating LEP concentrations during the transition period reflect changes in body fat reserve, insulin and GH-IGF-1 dynamics, thyroid hormones, and inflammation and contribute to coordinated metabolic adaptations supporting the onset of lactation. At the reproductive level, LEP influences the hypothalamic-pituitary-gonadal axis, affects the pulsatility of luteinizing hormone (LH) under nutritional stress, and exerts direct effects on ovarian steroidogenesis, folliculogenesis, oocyte competence, embryo development, and uterine immune function. New evidence also links LEP profiles to major peripartum disorders, including subclinical ketosis, insulin resistance, postpartum ovarian inactivity, and uterine inflammatory diseases, and emphasises its potential as part of a panel evaluating the risk of metabolic and reproductive disorders. Furthermore, polymorphisms within the bovine LEP gene and its signalling network have been associated with milk production, feed efficiency, body condition, and fertility traits, suggesting opportunities to incorporate markers into genomic selection schemes aimed at improving robustness and reproductive performance. This review summarises current knowledge on LEP biology in cattle, with an emphasis on dairy cows, and discusses perspectives on translating this information into practical tools for nutritional management, health monitoring, and genetic improvement in bovine production systems."
114,"Primary adrenal insufficiency (PAI) is a severe and potentially life-threatening condition characterised by the inability of the adrenal cortex to produce enough glucocorticoids and/or mineralocorticoids. The clinical signs of PAI are primarily due to deficient steroid hormone synthesis and include weight loss, orthostatic hypotension secondary to dehydration, hyponatremia, hyperkalaemia, and hypoglycaemia. In the paediatric population, PAI is most commonly associated with inherited monogenic disorders, particularly enzyme deficiencies. X-linked adrenal hypoplasia congenita (AHC) is a rare condition caused by deletions or single-nucleotide variants in the NR0B1 (DAX1) gene, which encodes the DAX1 protein expressed in the adrenal cortex, gonads, hypothalamus and pituitary gland. Although molecular genetics has significantly expanded our understanding of the aetiology of PAI, clinical diagnosis remains challenging when the initial hormonal findings are atypical, often delaying recognition and treatment. Pathogenic variants of DAX1 can lead to a spectrum of phenotypes, ranging from isolated adrenal insufficiency (AI) to complex syndromic presentations combining AI with hypogonadotropic hypogonadism and impaired spermatogenesis. Here, we report a case of a male patient with AI due to a de novo pathogenic variant in the NR0B1 gene. Furthermore, we provide a non-systematic review of the available literature on the diagnostic challenges facing and clinical variability in AHC, with a particular focus on the paediatric population. This case highlights the importance of a stepwise, comprehensive diagnostic approach to suspected PAI, particularly when initial biochemical and genetic testing is inconclusive. Considering rare causes-such as NR0B1 pathogenic variants in men-can be crucial for establishing a definitive diagnosis, with significant implications for the management of patients and their families."
115,"Professional soccer imposes substantial physiological demands eliciting complex neuroendocrine responses. This review synthesizes evidence on hormonal adaptations in professional soccer players, with emphasis on ethnic and national differences and underlying pathophysiological mechanisms. We analyzed 21 key studies investigating testosterone, cortisol, the testosterone-to-cortisol (T:C) ratio, growth hormone (GH), and insulin-like growth factor-1 (IGF-1) responses to training and competition. Acute cortisol elevations that may persist for up to 72 h post-match in some professional populations and T:C ratio reductions following congested fixture periods are reported across available studies, while somatotropic responses vary considerably across studies. Preliminary evidence suggests that ethnic and geographic background may influence circulating testosterone and urinary steroid excretion profiles, with UGT2B17 genetic polymorphisms identified as one contributing factor; however, the evidence base is limited and requires replication. Approximately 7.4% of elite junior cohorts-though not necessarily professional adult populations-develop non-functional overreaching (NFOR), characterized by blunted GH and ACTH responses. Pathophysiological mechanisms involve hypothalamic-pituitary--adrenal (HPA) and hypothalamic-pituitary-gonadal (HPG) axis dysregulation producing anabolic-catabolic imbalance. Individualized, longitudinal T:C monitoring and post-match load moderation may be warranted; future research should establish ethnicity-specific normative values and investigate links between hormonal dysregulation and injury risk."
116,"Life is a self-organizing and self-sustaining process that involves energy transformation, primarily regulated by the brain. The brain's main structure consists of terminally differentiated, postmitotic, non-replaceable cells, whose proper functioning and longevity depend solely on glucose-based energy metabolism. Glucose serves as the primary substrate for cellular respiration and anaerobic processes, which are essential for maintaining proper neuronal function, homeostasis, and cell repair. Research indicates that brain aging and neurodegenerative changes result from an age-related decline in glucose metabolism, largely due to a deficiency in nicotinamide adenine dinucleotide (NAD). This deficiency is particularly harmful to brain structures that contain neurons with the highest energy demands. The first signs of brain aging typically appear in the hypothalamus, as well as in the GABAergic and glutamatergic structures of the cerebral cortex and subcortical nuclei. Early symptoms of senile brain changes often manifest as systemic metabolic disorders like insulin resistance and type 2 diabetes. These are accompanied by alterations in brain energy metabolism, leading to neurological and psychiatric disorders that correspond to the affected brain regions. Over time, these changes gradually impact the brain's regions with the highest energy consumption. Current clinical studies suggest that early supplementation with NAD precursors may help slow the aging and neurodegeneration processes. However, this protective therapy appears to be less effective once the disease is fully developed."
117,"Traumatic brain injury (TBI) induces complex molecular and neuroendocrine alterations that extend beyond the site of injury. The hypothalamic-pituitary-adrenal (HPA) axis, a hierarchically organized neuroendocrine system composed of the hypothalamus, pituitary gland, and adrenal glands, plays a central role in coordinating stress and metabolic homeostasis. Despite its critical importance, the temporal transcriptional mechanisms underlying HPA axis dysregulation following TBI remain poorly understood, particularly in relation to coordinated neuronal injury and regeneration processes. This study aimed to investigate the time-dependent transcriptional dynamics of genes associated with neuronal injury and regeneration within the HPA axis following experimental TBI. Moderate-to-severe TBI was induced in Sprague-Dawley rats using a controlled cortical impact (CCI) model. Animals were allocated into sham, acute (24 h), and chronic (30 days) groups. Transcript profiles of 24 HPA axis- and neuroregeneration-related genes were analyzed in hypothalamic, pituitary, and adrenal tissues using quantitative real-time PCR, with normalization to a housekeeping gene and statistical evaluation of differential expression across time points. TBI induced distinct, tissue-specific, and time-dependent transcriptional alterations across the HPA axis. In the acute phase, stress-response genes showed divergent regulation between central and peripheral tissues, whereas the chronic phase was characterized by transcriptional reorganization involving neurotrophic, metabolic, and neuroendocrine pathways. Key regulators such as <i>Hif1a</i>, <i>Rad18</i>, <i>Avp</i>, <i>Gata3</i>, and <i>OxtR</i> exhibited significant and region-specific expression changes. These findings demonstrate that TBI triggers coordinated yet heterogeneous transcriptional responses within the HPA axis, linking central injury to systemic endocrine adaptation. This study provides novel insight into the molecular basis of neuroendocrine dysfunction and recovery after TBI and identifies candidate targets for future therapeutic strategies."
118,"The comorbidity of obesity and anxiety represents a complex condition with substantial health implications, exacerbating metabolic burden while compromising psychological well-being. Neurons in the lateral hypothalamus (LH) synthesize orexin-A and orexin-B, neuropeptides that orchestrate feeding behavior and energy expenditure, thereby directly regulating energy homeostasis and associated behaviors. Functioning as integrative modulators, orexins coordinate autonomic, neuroendocrine, arousal, reward, and stress circuits. Dysregulation of orexin signaling is strongly implicated in metabolic disorders, particularly obesity, as well as in psychiatric conditions including anxiety and depression, highlighting its central role in their comorbidity. This review provides a comprehensive overview of recent advances in understanding orexin-A neural circuits in feeding regulation, emphasizing mechanistic insights into the interplay between orexin signaling, energy balance, and anxiety-obesity comorbidity. Furthermore, it critically evaluates sources of heterogeneous therapeutic outcomes and outlines future strategies for precise modulation of the orexin system to restore metabolic and emotional homeostasis."
119,"Carbon monoxide (CO) is a gasotransmitter generated by heme oxygenase (HO) isoforms during heme catabolism. The inducible HO-1 produces CO under conditions of redox imbalance, such as oxidative stress and inflammation. On the other hand, HO-2 constitutively generates CO, primarily during the physiological turnover of heme. Extensive evidence indicates that CO exerts autocrine effects by targeting hemoproteins, including soluble guanylyl cyclase, cyclooxygenase, and cytochromes. Furthermore, CO regulates many biological processes within the brain, including mitochondrial biogenesis, potassium channel activity, mitogen-activated protein kinase and phosphatidylinositol-3-kinase/Akt signaling. It also controls the activity of transcription factors, such as hypoxia-inducible factor-1 and peroxisome proliferator-activated receptor-γ. Through these mechanisms, CO modulates inflammatory gene expression, promotes anti-apoptotic signaling, and contributes to local stress responses. Conversely, CO produced in the hypothalamus inhibits the stress-induced release of corticotropin-releasing hormone and arginine vasopressin under pro-inflammatory conditions, resulting in reduced adrenocorticotropin hormone release and cortisol secretion from the anterior pituitary and adrenal cortex, respectively. Moreover, hypothalamic CO acts in a paracrine manner to modulate glucocorticoid release during psychological stress, including restraint or water deprivation. Together, these findings support the view that endogenous CO is a key modulator of the stress axis, exerting pleiotropic effects that integrate neuroendocrine, immune, and metabolic responses."
120,"BackgroundDepressive symptoms frequently co-occur with cognitive impairment in older adults. Although depression and cognition interact in brain activity, the underlying functional connectivity mechanisms in mild cognitive impairment (MCI) remains unclear.ObjectiveTo investigate how depressive symptoms modulate the relationship between cognition and amygdala/hippocampus functional connectivity in MCI.MethodsThis study included 138 participants (45 healthy controls and 93 MCI patients) who underwent resting state functional magnetic resonance imaging (rs-fMRI) and neuropsychological assessment using the Montreal Cognitive Assessment-Basic (MoCA-B) for cognitive function and Hamilton Depression Rating Scale (HAMD) for depressive symptoms. Seed-based functional connectivity analysis was performed using bilateral amygdala and hippocampus as seed regions to quantify the HAMD × MoCA-B non-monotonic interactions on whole-brain connectivity. Simple slopes analyses were conducted to characterize directionality changes across depression severity levels.ResultsWhole-brain analyses revealed significant HAMD × MoCA-B interaction effects (cluster p value < 0.05, voxel p value < 0.01, GRF corrected) demonstrating symptom-dependent reorganization of cognition-FC relationships. Amygdala connectivity decreased to anterior/middle cingulate and precuneus but increased to triangular part of inferior frontal gyrus (IFGtri), medial superior frontal gyrus, and cerebellar lobule IX. Hippocampal connectivity decreased to cuneus, insula, thalamus, and caudate but increased to opercular part of inferior frontal gyrus (IFGop), orbitofrontal cortex, and cerebellar lobule VIII.ConclusionDepressive symptoms alter amygdala and hippocampal FC relationships with cognition in MCI. Depression-dependent hippocampal/amygdala connectivity changes with the frontoparietal network (FPN-A)-particularly IFGop/IFGtri and cerebellum-suggest their role as critical hubs for emotional-cognitive integration, highlighting them as potential neuromodulation targets for cognitive and depressive symptoms in MCI."
121,"The Pipeline Vantage 21 flow diverter is a 4th generation 48-braid stent recently introduced in the United States that is intended for small parent vessel diameter (<3.5 mm) wide-necked aneurysm treatment. We report our clinical and angiographic outcomes in an initial case series. Twenty patients with 22 aneurysms (6 pericallosal, 13 anterior communicating, 2 V4, and 1 middle cerebral) underwent Vantage 21 treatment using 22 stents between April 2024 and January 2026. All procedures were performed via transfemoral triaxial access with platelet function testing on day of procedure. Mean aneurysm size was 3.7±1.5 mm. Aneurysm occlusion status was reported by modified Raymond Roy classification (mRRC). Vantage 21 deployed successfully in all cases with excellent vessel wall apposition. Median clinical follow-up at 12 months (patients, n = 20) revealed one symptomatic stroke and two asymptomatic strokes. Median 4-month follow-up angiography for 20/22 stents revealed complete occlusion (mRRC 1) in 16/20 evaluated aneurysms (80%), accompanied by in-stent luminal stenosis (ISS) in 10/20 stents (50%), exceeding ≥ 50% (severe) in 7/20 stents (35%). All 10 cases of ISS had intimal hyperplasia, and two cases had fishmouth braid deformity with concurrent intimal hyperplasia. Of a total 38 arterial branches covered by Vantage 21 stents with DSA follow-up, 6 progressed to occlusion, and 21/38 (55.3%) demonstrated significant caliber reduction on cone-beam computer tomography angiography with maintained antegrade patency, resulting in two asymptomatic caudate infarcts on follow-up MRI with evidence of narrowed or occluded ipsilateral artery of Heubner. This early US-based single-center series noted rapid aneurysm involution rates for the Pipeline Vantage 21 flow diverting stent. However, this is accompanied by a robust intimal hyperplastic vascular response in small parent vessels leading to frequent ISS and side-branch attenuation warranting longer-term clinical follow-up and caution if considering coverage of critical branch vessels. Larger samples with longer term follow-up are needed to validate these findings."
122,"Abnormal cognitive aging is characterized by memory decline beyond normal age-related physiological changes. Nevertheless, the intrinsic mechanisms driving individual memory heterogeneity during aging remain poorly elucidated. Given the critical roles of brain interstitial fluid (ISF) dynamics and extracellular space (ECS) transport in maintaining neural homeostasis, the present study aimed to explore whether ECS compartmentalization and ISF drainage disturbance contribute to interindividual variations in memory performance during aging. Aged rats were stratified according to their memory performance. A multi-modal strategy combining behavioral assessment, microdialysis, metabolomics, and electrophysiological recording was applied to detect structural and functional deficits in ECS barrier integrity and ISF drainage, with the assistance of MRI-based tracer imaging, fluorescence imaging, and ultrastructural observation. The results demonstrated that memory-impaired aged rats exhibited region-specific neurotransmitter imbalance in the caudate nucleus and thalamus, which was closely associated with age-related ECS barrier dysfunction. Such barrier dysfunction induced ISF drainage disturbance, thereby reducing local neurotransmitter concentrations in the caudate nucleus and impairing thalamocortical oscillations during non-rapid eye movement sleep, and ultimately disturbing memory consolidation. Further tracer imaging and electron microscopy examinations confirmed that compromised myelin integrity in the internal capsule served as the structural basis for age-related ISF drainage disturbance. Collectively, these findings reveal that ISF drainage disturbance induced by age-related ECS barrier alterations acts as a non-degenerative mechanism underlying memory heterogeneity in cognitive aging. This work highlights ECS compartment integrity as a promising biomarker and therapeutic target for intervening age-related cognitive decline."
123,"This study investigated the associations of modifiable lifestyle factors with incident dementia, dementia subtypes, and structural brain changes, examined whether these associations differed across KDIGO-defined kidney function risk categories. We analyzed 304,369 participants from the UK Biobank. Kidney function was classified using the KDIGO risk framework, with participants grouped into low- and increased-risk categories. A composite lifestyle score, derived from the American Heart Association Life's Essential 8 framework, was constructed based on eight modifiable components: diet quality, physical activity, smoking status, sleep duration, body mass index, blood lipid, blood glucose, and blood pressure. Outcomes included incident dementia and total and regional brain volumes. Among participants at increased KDIGO-defined risk, those in the intermediate and highest tertiles of the lifestyle score had a lower risk of dementia compared with those in the lowest tertile (hazard ratios, 0.826 [95% CI, 0.689-0.990] and 0.749 [95% CI, 0.585-0.958], respectively). Associations differed by dementia subtype: higher lifestyle scores were consistently associated with a lower risk of vascular dementia, whereas no overall association was observed with Alzheimer's disease. Higher lifestyle scores were also associated with larger total grey matter volume and greater volumes of subcortical structures, including caudate, pallidum, putamen, and thalamus, as well as lower volumes of total, deep, and periventricular white matter hyperintensities. Similar associations were observed in the low-risk group. A healthier lifestyle was associated with a lower risk of dementia, particularly vascular dementia, and with more favorable structural brain characteristics, with similar associations across KDIGO risk groups."
124,"Alzheimer's disease is the most common cause of dementia in humans and has been the subject of intense study for decades. Despite these efforts, the precise underlying cause or causes of Alzheimer's disease have remained elusive. Here we implement novel analysis of mass-spectrometry derived proteomics data to examine an understudied phenomenon related to Alzheimer's disease, isomerization of the protein tau. Isomerization is a spontaneous chemical modification that occurs in long-lived proteins and evolves most rapidly at aspartic acid. Recent results have demonstrated that isomerization of tau is more prevalent in Alzheimer's disease relative to healthy controls. To further map out the importance of tau isomerization in neurodegeneration, we examined its prevalence in several additional diseases by mining publicly available datasets and our own results, allowing for examination of Parkinson's disease, Lewy body dementia, vascular brain injury, and chronic traumatic encephalopathy. To evaluate the extent of tau isomerization in various locations within the brain in Alzheimer's disease, we examined samples from the frontal cortex, anterior cingulate gyrus, inferior parietal lobule, and caudate. Interestingly, our results demonstrate that significant isomerization of tau occurs only in individuals with Alzheimer's disease. In terms of localization, tau was easily detected in all regions of the brain, and tau isomerization was detected for Alzheimer's disease in all regions except the caudate. Importantly, tau isomerization can be easily and rigorously quantified from proteomics data. Comparison of the extent of tau isomerization with pre-mortem performance on the Mini-Mental State Examination revealed strong correlation. In addition to minimal abundance in other forms of neurodegeneration, tau isomerization was also low for a small number of the individuals designated to have Alzheimer's disease in our study, however consideration of other factors such as genetic predisposition, age, and mental acuity also differentiates these individuals. Importantly, the amount of tau isomerization observed in our studies does not correlate in any meaningful way with tau aggregation. Collectively, these observations suggest that tau isomerization derives from a different pathogenesis than other neurodegenerative markers, one that is only prevalent in Alzheimer's disease and may offer means for delineating the underlying causes of the disease."
125,"Alzheimer's disease (AD) is a progressive neurodegenerative disorder characterized by amyloid-beta plaques and tau tangles, with significant pathological changes occurring in subcortical brain regions. While previous research has focused primarily on volumetric reductions in areas such as the hippocampus, thalamus, and caudate, emerging evidence suggests that their fine-grained shape deformations may offer greater sensitivity to early disease pathology. Moreover, understanding how these shape alterations influence brain functional connectivity (FC) networks could provide critical insights into the neurobiological mechanisms underlying the progression of AD. In this context, we propose a novel statistical approach, the Connectivity-on-Shape Regression (COSR) model, designed to investigate the spatially varying impact of brain subcortical shape on FC, accounting for the intrinsic modularity of functional networks. Under a Bayesian framework, COSR employs a relaxed-thresholded Gaussian process prior model to promote feature selection and integrates a stochastic block model to capture the unknown modular organization of FC. To facilitate the practical application of COSR with vertex-level shape measurements, we develop a computationally efficient variational inference approach to achieve posterior inference. Extensive simulations demonstrate the superiority of COSR over existing alternatives in accurately uncovering connectivity-to-shape associations and identifying neurobiological signals. Applying COSR to data from the Anti-Amyloid Treatment in Asymptomatic Alzheimer's study, we discover meaningful neural structural-functional relationships in amyloid-positive individuals, highlighting the potentially complex interplay between structural and functional brain alterations during this crucial preclinical stage of AD."
126,"Measures of nucleotide sequence conservation across species are useful for identifying functional genomic loci, but can fail when regulatory function is maintained, often in a cell type-specific manner, even when sequence is not. We introduce CTACIT, the Cell Type-Aware Conservation Inference Toolkit, to identify trait-associated regulatory variants. CTACIT integrates sequence conservation scores with cell type-specific open chromatin data collected from a few mammalian species to impute function for hundreds more. Applying CTACIT to neuropsychiatric trait loci identifies higher heritability enrichment and more fine-mapped variants than nucleotide conservation and human chromatin data alone. Our <i>in vivo</i> reporter assays validate predictions for enhancers with risk variants near the <i>DRD2</i> schizophrenia risk locus. By integrating genome conservation and multi-species open chromatin data, CTACIT prioritizes variants within regions of conserved regulatory function for <i>in vivo</i> characterization and addresses a major challenge in translating disease associations to mechanistic understanding. Regulatory functions conserved across mammals underlying caudate cell type evolution reveal functions of human risk variants."
127,"Neuropathological and biomarker evidence implicates tau dysregulation as a downstream component of Huntington's disease (HD) pathobiology, yet its in vivo distribution has not been characterised using second-generation tau-PET tracers. We aimed to define the regional organisation, stage dependence and clinical relevance of tau-sensitive PET signal across the HD disease spectrum. Fifty-four participants (13 healthy controls, 9 premanifest mutation carriers and 32 manifest carriers) underwent 60-minute dynamic [¹⁸F]PI-2620 PET imaging. Tau-PET signal was quantified using distribution volume ratios (DVR) derived from reference-tissue kinetic modelling. Analyses combined region-of-interest and whole-brain mapping with threshold-based positivity profiling, modelling of cumulative genetic disease burden (CAP), and clinico-anatomical association analyses. Tau-PET abnormalities showed a spatially ordered pattern dominated by subcortical involvement. The globus pallidus exhibited the strongest effect, with marked DVR increases and high positivity rates emerging in premanifest carriers and approaching saturation in manifest HD. Additional subcortical changes involved the putamen, whereas caudate DVR decreased in manifest disease. Cortical effects were more modest and selectively involved posterior associative regions. CAP modelling supported predominantly monotonic subcortical stage-related profiles, while limbic and cortical regions showed heterogeneous cross-sectional patterns. Clinico-anatomical analyses linked subcortical tau-PET signal with genetic burden and motor severity and limbic signal with psychiatric symptoms. Tau-sensitive PET signal represents a spatially ordered and stage-dependent feature of HD and identifies a reproducible pallidal signature linked to disease burden, supporting its potential as a biomarker for patient stratification and mechanistic monitoring in therapeutic studies targeting downstream pathological processes. NCT07503743."
128,"Alcohol use disorder (AUD) affects over 28 million people in the U.S and is associated with neurobiological alterations, including in the basal ganglia. Within the basal ganglia, the caudate nucleus (caudate) and putamen are implicated in AUD due to their roles in ethanol reinforcement. The caudate receives inputs from cortico-associative areas, and the putamen receives inputs from somatosensory areas, supporting goal-directed and habitual behaviors, respectively. These distinct behavioral roles are supported by dopamine signaling, including phasic dopamine, which is involved in assessing action-outcome associations, and tonic dopamine, which reflects ongoing dopaminergic tone that biases action initiation. Intrastriatal dopamine release is modulated by cholinergic interneurons via nicotinic acetylcholine receptors. Dysregulation of these mechanisms can contribute to the transition from occasional to habitual ethanol drinking. Here, we used in-vitro fast-scan cyclic voltammetry to measure dopamine signaling in male and female rhesus macaques following six months of ethanol self-administration. In the putamen, ethanol increased tonic dopamine in both sexes, with females exhibiting greater release and faster dopamine uptake rates than males. In the caudate, ethanol self-administration enhanced dopamine uptake rates only in males. Phasic dopamine release was enhanced by ethanol in the caudate of both sexes, but only in the putamen in males. Further, nAChR blockade revealed that phasic dopamine release in ethanol males, but not females, was dependent on cholinergic modulation. These results demonstrate that basal and sex-specific dopamine release and uptake are uniquely altered in rhesus macaque caudate and putamen in conjunction with chronic ethanol drinking."
129,"Coronavirus disease 2019 (COVID-19) was reported to persist long-term in the brain and leave several long-term neurologic sequelae. However, the causal relationship between COVID-19 and brain aging is still unknown. The genome-wide association study (GWAS) data on COVID-19 phenotypes (susceptibility, hospitalization, and severity), involving a total of 5,779,391 participants, were collected from the COVID-19 Host Genetics Initiative. In addition, GWAS data on longitudinal changes in 15 brain structures, assessed via magnetic resonance imaging across the lifespan, were sourced from the ENIGMA Consortium and involved 15,640 participants. Two-sample Mendelian randomization was conducted to infer the causal relationship between COVID-19 and longitudinal brain changes. Multi-trait GWAS meta-analysis, colocalization, and fine-mapping analyses were performed to identify shared genetic etiologies. H3K27me3 ChIP-seq was used to evaluate the regulatory effect of colocalized loci. Two-step Mendelian randomization was applied to explore potential mediating mechanisms across multi-omics layers, including proteomics, metabolomics, and immunomics. Our results showed that COVID-19 hospitalization (β = -262.405, P = .041) and severity (β = -177.676, P = .049) were genetically associated with atrophied volume of total brain during longitudinal change. This suggests that individuals with advanced COVID-19 may be more susceptible to accelerated global brain aging. Caudate was genetically affected by all COVID-19 phenotypes. Seven variants were shared between advanced COVID-19 and global brain aging. rs117169628 was colocalized between advanced COVID-19 and global brain aging, and exerted an inhibitory effect on CDH15 expression, further strengthening the causality. Six metabolites, 1 protein, and 1 immune trait were identified as potential mediators. Our study indicates that advanced COVID-19 might be genetically associated with accelerated brain aging. Brain health should be paid more attention in long COVID-19."
130,"To develop and validate an interpretable machine learning model based on multicenter T1-weighted MRI radiomics data for the three-way classification of Parkinson's disease (PD)-Normal (NM), early-stage, and mid-late-stage-and to clarify the diagnostic value of key cortical nuclear features, with further elucidation of the molecular basis through proteomic association analysis. A total of 200 patients from multiple centers were included and divided into a training set (n = 76), an internal validation set (n = 33), and an external validation set (n = 91). Six core nuclei, including the caudate nucleus (CN), putamen (PUT), globus pallidus (GP), red nucleus (RN), substantia nigra (SN), and nucleus accumbens (NAc), were segmented using the DKT template. A total of 107 radiomics features were extracted per nucleus. After a three-step dimension reduction (variance thresholding, univariate selection, and multi-class LASSO), key features were identified. Five machine learning models were constructed. Model performance was evaluated using micro/macro-AUC and accuracy (ACC). SHAP analysis was employed to reveal the contribution of specific features to the diagnostic process. Additionally, proteomic analysis was performed on a subset of patients from Center 1 to screen for differentially expressed proteins among groups, and correlation analysis between DEPs and key radiomic features was conducted to explore biological mechanisms. Nine key features were finally selected, predominantly consisting of gray-level non-uniformity within the PUT. The GBT model performed optimally, with macro-AUC/micro-AUC of 0.890/0.902 in the internal validation set and 0.876/0.869 in the external validation set, respectively. SHAP analysis indicated that the NM group primarily relied on texture features of the PUT and NAc; early-stage PD was characterized by structural changes in the GP and PUT; and mid-late-stage PD was correlated with features from the SN and RN. Proteomic analysis identified 514 DEPs between early PD and controls (411 upregulated, 103 downregulated), which were enriched in cytoskeletal and immune pathways (FDR < 0.05), and 123 DEPs between mid-to-late and early PD (26 upregulated, 97 downregulated), which were enriched in proteasome and neurodegeneration pathways (FDR < 0.05). Multiple significant correlations between key radiomic features and DEPs were identified (all FDR-corrected P < 0.01), including original_gldm_DependenceNonUniformity_PUT with HGFAC (r = 0.510), original_ngtdm_Contrast_GP with PLAT (r = 0.453), and original_glrlm_RunEntropy_GP_QSM with both ASPN (r = 0.62) and TFPI (r = - 0.58). Interpretable machine learning models based on multicenter T1-weighted nuclear radiomics features can accurately diagnose and stage PD. Integration of radiomics and proteomics enhances model interpretability by linking imaging features to underlying biological mechanisms, providing an objective imaging basis for clinical practice and exhibiting strong generalizability and potential for clinical translation."
131,"Klebsiella pneumoniae liver abscess (KLA) is an emerging public health concern in Asia. Involvement of the caudate lobe with concurrent inferior vena cava thrombosis is exceedingly rare but life-threatening. Timely diagnosis and management are critical but challenging. Multimodal ultrasound can play a pivotal role in both diagnosis and treatment guidance. A 66-year-old woman with diabetes presented with 10 days of fever and chills. Imaging revealed a caudate lobe liver abscess containing gas with extension to the inferior vena cava (IVC) and associated septic thrombosis. Contrast-enhanced ultrasound and CT confirmed a Klebsiella pneumoniae liver abscess. Ultrasound-guided percutaneous drainage was performed, and cultures identified an ESBL-producing Klebsiella pneumoniae. The patient was treated with broad-spectrum antibiotics, therapeutic anticoagulation, and catheter drainage. Despite an episode of septic shock during hospitalization, she gradually improved, and follow-up imaging showed near-complete resolution of the abscess and complete disappearance of the IVC thrombus. The caudate lobe KLA complicated by IVC thrombosis, particularly gas-containing septic thrombosis, is rare but life-threatening. Multimodal ultrasound plays an important role in the early diagnosis and interventional management of KLA complicated by IVC thrombosis. Timely ultrasound-guided drainage with targeted antimicrobial therapy and individualized anticoagulation can achieve effective source control and favorable outcomes without open surgery."
132,"Subthreshold depression (StD) is considered a significant precursor to major depressive disorder (MDD). MDD has been associated with abnormalities in dopamine-coupled brain regions, particularly a few specific subcortical structures, which are considered a key pathophysiological mechanism. However, the precise role that subcortical structures play in the pathophysiology of StD is still unclear. We compared the seed-based whole-brain static and dynamic functional connectivity (sFC/dFC) of subcortical regions between 50 individuals with StD and 50 healthy controls (HC). Static and dynamic subcortical networks were constructed for each group, followed by graph theory, network-based statistical (NBS), and K-means clustering analyses. Individuals with StD exhibited decreased sFC/dFC in the amygdala, caudate, putamen, pallidum, and brainstem, with primary involvement of the prefrontal cortex, precuneus, and supramarginal gyrus. The global topological properties of static subcortical networks, including small-world property and local efficiency, were reduced in StD. In dynamic subcortical networks, two recurring FC patterns were identified, exhibiting altered temporal properties in StD. Additionally, exploratory analyses further suggested that dynamics of subcortical structures, particularly the amygdala and caudate, were modestly associated with the severity of depressive symptoms and showed predictive value in distinguishing StD from HC. These findings offer new perspectives on the neural mechanisms underlying subcortical disruptions in StD, highlighting dysfunction within the amygdala and caudate as potentially core neurobiological features."
133,"Dopamine plays a central role in mediating addictive disorders (ADs), encompassing both substance-related and behavioral conditions. Some neurobiological alterations reflect trait-like vulnerability, while others are state-dependent, arising from intoxication and withdrawal. In this study, we examined striatal dopamine transporter (DAT) availability in individuals with alcohol use disorder (AUD) and gambling disorders (GD) to disentangle core mechanisms underlying addiction. The study involved individuals with AUD (n = 14), GD (n = 14), and healthy controls (HC; n = 25). DAT binding in the bilateral caudate and putamen was assessed using single-photon emission computed tomography (SPECT) with the radiotracer <sup>123</sup>I-FP-CIT. ADs participants underwent evaluation for addiction-specific and general psychopathological symptom severity. In the caudate, individuals with AUD showed higher DAT availability compared to those with GD (d = 2.234) and HC (d = 1.368). No lateralization effects were observed in any of the models. Across all ADs, DAT availability in the left putamen was significantly associated with the duration of abstinence over the past four weeks (rho = 0.444), after covarying for depression and irrespective of the diagnostic group. Our findings support a DAT-mediated involvement in core neurobiological processes underlying both substance-related and behavioral addictions. We propose that, in ADs, a predisposing striatal DAT deficiency may coexist with alcohol-induced upregulations (substance-specific) and with dynamic, time-sensitive fluctuations related to withdrawal processes (non-specific, addiction-related). Although a small sample size limits the generalizability of this study, these results may stimulate further research toward developing targeted therapeutic interventions."
134,"Here, we report the case of a 65-year-old man who presented to the emergency department with paresthesia, psychomotor retardation, and dysarthria. Contrast-enhanced brain MRI revealed a solitary, contrast-enhancing mass in the right head of the caudate nucleus with extensive perifocal edema, raising a primary differential diagnosis of glioblastoma versus metastasis, among other possibilities. Prior to surgical removal of the suspected glioblastoma, the patient underwent additional diffusion tensor imaging and research MRI, including multifrequency magnetic resonance elastography (MRE) to generate mechanical property maps of stiffness and tissue viscosity and to potentially differentiate between glioma, brain metastases, and benign masses based on tissue biomechanical properties. MRE revealed abnormally high values of stiffness and viscosity-a mechanical signature known to be associated with brain metastases or meningioma, but not glioblastoma, which typically exhibits soft tissue properties with reduced viscous dissipation. Histopathologic evaluation confirmed MRE by revealing a distant metastasis of squamous cell carcinoma, the primary tumor of which was detected by PET-CT within the right hilus of the lung. This case demonstrates the diagnostic value of the biomechanical properties of brain tumors and raises the prospect of applying MRE as an easy-to-use MRI contrast that can rule out glioma when the suspicious lesion exhibits stiff-viscous material properties."
135,"<b>Background/Objectives</b>: Antipsychotic dosing for behavioral and psychological symptoms of dementia (BPSD) in Alzheimer's disease remains empirical and variable. This study develops a deep learning model to predict individualized antipsychotic doses from structural MRI. <b>Methods</b>: A transfer learning approach with a cascaded ResNet (Cas-ResNet) was used. The model was first pre-trained on a large healthy aging dataset (CBMFM, <i>n</i> = 646) for brain age prediction, then fine-tuned on a BPSD dataset (SMHC, <i>n</i> = 86) to predict the defined daily dose (DDD) of antipsychotics. Model interpretability was performed using Grad CAM to identify predictive brain regions. <b>Results</b>: The proposed model achieved a mean absolute error of 0.19 and a Pearson correlation of 0.66 between predicted and actual doses, outperforming baseline 3DCNN, VGG, and DenseNet. Key contributing regions included the left inferior temporal gyrus, right parahippocampal gyrus, right putamen, left middle temporal gyrus, and left caudate. <b>Conclusions</b>: This proof-of-concept study demonstrates that deep learning can predict personalized antipsychotic doses from structural MRI, offering an objective tool to standardize BPSD pharmacotherapy and reduce empirical prescribing. The identified brain regions provide neurobiological insights into treatment response."
136,"BackgroundThe endocannabinoid system (ECS) is important for several neurophysiological functions, including the regulation of emotions and cognitive processes. The most abundant brain cannabinoid receptor is cannabinoid receptor type 1 (CB1R). Several preclinical studies in Parkinson's disease (PD) models suggest that modulating CB1R may impact cognitive processing. However, there are very limited studies of the relation between CB1R and cognitive processing in PD patients.ObjectiveTo explore the relationship between CB1R availability and cognitive dysfunction in PD with [18F]FMPEP-d2 positron emission tomography (PET).MethodsA total of 23 individuals with PD underwent [18F]FMPEP-d2 PET to measure cerebral CB1R availability. Cognitive symptoms were evaluated using a standardized neuropsychological test battery covering various cognitive domains, such as episodic and working memory, executive functioning, language function, visuospatial function and attention, and were correlated with CB1R availability using voxel-wise regression analysis corrected for multiple comparisons using false discovery rate (FDR) at p < 0.01.ResultsPD patients with poorer performance in episodic memory tests showed lower CB1R availability, particularly in the cingulate, temporal, and visual cortices, and thalami. Also, PD patients with poorer executive functioning showed lower CB1R availability predominantly in the insulae, caudate nuclei, thalami, brainstem, and temporal cortices. No relationship was found between CB1R availability and language function, visuospatial function, or working memory capacity.ConclusionsDecreased CB1R availability in PD patients is correlated with episodic memory impairment and executive dysfunction, suggesting that the ECS has a role in the pathophysiology of cognitive symptoms in PD."
137,"The brain-heart axis is central to vascular health, yet no imaging biomarkers capture integrated dysfunction across neural and coronary microvascular networks. Although coronary microvascular dysfunction links to cognitive decline, neural correlates connecting cerebral efficiency with coronary physiology remain unclear. To determine whether the Unified Structural and Functional Connectivity (USFC)-a multimodal magnetic resonance imaging (MRI) ""traffic map"" of brain network efficiency-predicts coronary endothelial function and cognition in women with ischemia and no obstructive coronary artery disease (INOCA). Thirty-three women with suspected INOCA from the Women's Ischemia Syndrome Evaluation (WISE) study (NCT03876223) underwent invasive coronary function testing, cardiac MRI, cognitive evaluation, and multimodal brain MRI. USFC, structural connectivity (SC), and functional connectivity (FC) were computed for predefined 10 backbone pathways. Support vector regression and logistic classification assessed predictive performance. USFC explained 16%-20% more variance in coronary endothelial function, myocardial perfusion reserve, and cognition than SC or FC alone (p < 0.05). Connectivity between the left caudate-superior medial orbital gyrus and right calcarine-inferior occipital gyrus emerged as robust predictors of crystallized cognition (r = -0.78, p<sub>FDR</sub> < 0.05) and coronary endothelial function (r = 0.70, p<sub>FDR</sub> < 0.05), respectively. USFC also best discriminated low versus high coronary blood flow (area under the ROC curve [AUC]: USFC 0.622 vs. SC 0.349 and FC 0.425; p < 0.05). USFC identifies neuro-cardiac pathways linking cerebral efficiency with coronary endothelial function. These results introduce a sensitive biomarker of systemic vulnerability, highlighting occipital and frontostriatal pathways as shared substrates of dysfunction. USFC offers a mechanistic framework for detecting vascular risk across metabolically demanding tissues. ClinicalTrials.gov identifier: NCT03876223."
138,"Growing evidence in preclinical and clinical models suggests that prenatal cannabis exposure (PCE) is associated with changes in brain functioning and behavior. This observational longitudinal study examines these associations using biological measures of PCE in a sample of Black mother-infant dyads (N = 42), who have historically been underrepresented in developmental neuroimaging studies. Maternal urine samples collected during pregnancy (8-14 weeks of gestation) were assayed for 11-nor-9-carboxy-Δ<sup>9</sup>-tetrahydrocannabinol (COOH-THC) metabolites, providing a biologically verified measure of prenatal cannabis exposure. Newborns (57% female) completed a resting-state fMRI scan and were assessed using the NICU Network Neurobehavioral Scale at approximately 1 month postpartum. We performed voxelwise seed connectivity analyses using seeds in the bilateral hippocampus, insula, and caudate. We found that COOH-THC levels in early pregnancy were significantly associated with altered connectivity patterns in the hippocampus, insula, and caudate in infants. These functional connectivity patterns, however, were not correlated with indices of newborn neurobehavior. These preliminary results suggest that cannabis exposure early in pregnancy may impact neural connectivity shortly after birth, with effects that withstand the influence of co-occurring maternal psychosocial factors."
139,"Wilson's disease is an autosomal recessive disorder of copper metabolism that primarily affects the liver and brain, with onset typically in early adulthood. Pediatric presentations are rare, and the atypical presentation of psychiatric symptoms can delay the diagnosis process in low-resource settings. Epidemiological data on the disease, particularly in Syria, remain scarce. Early diagnosis is necessary to prevent irreversible hepatic and neurologic damage. An eight-year-old Syrian child presented with psychiatric and neurologic symptoms, including increased aggressiveness, learning difficulties, dysarthria, drooling while eating and drinking, and difficulty speaking, followed by weight loss and jaundice. A dental examination revealed no temporomandibular joint deformities, prompting neurological consultation. The neurological examination revealed difficulty walking with limb tremors and speech impairment. Laboratory findings showed slightly elevated transaminases and total iron-binding capacity with low serum iron, indicating hepatic dysfunction. Serum ceruloplasmin was markedly reduced (3.1 mg/dl), and 24-h urinary copper excretion was elevated. MRI of the brain revealed increased T2-weighted signal intensity in the caudate and lentiform nuclei. An ophthalmologic exam found Kayser-Fleischer rings at the corneal limbus. Esophagogastroduodenoscopy showed distal esophageal varices, and an abdominal ultrasound showed hepatomegaly and splenomegaly. The patient was treated with copper chelator penicillamine, dietary copper restriction, and physical therapy. Follow-up showed marked clinical improvement with recovery of motor function, improved speech, and resolution of jaundice. This instance underscores the necessity of evaluating Wilson's illness in pediatric patients exhibiting early behavioral and neurological signs, particularly emphasizing that prominent psychiatric manifestations may precede hepatic signs even in young children. Early administration of chelation therapy can lead to excellent outcomes even in resource-limited settings. Atypical presentations require increased awareness that may facilitate earlier detection and the prevention of irreversible organ damage."
140,"It is hypothesized that internet gaming disorder (IGD) shares psychological and neurobiological mechanisms with substance use disorders and behavioral addictions. However, the mechanisms of appetitive conditioning, extinction, and extinction recall in gaming disorder remain underexplored. A total of 83 male participants were enrolled in the study. The sample included 25 individuals with IGD, 23 gaming-risky (GR), and 35 non-problematic individuals. They underwent a classical conditioning, extinction, and extinction recall paradigm, with gaming-related, pornographic, and monetary stimuli used as unconditioned stimuli. Skin conductance responses (SCR), subjective ratings, and BOLD responses were recorded across all phases. No effects of group assignment were found in SCR and ratings data. We found significantly increased activation in the caudate and vmPFC in the non-problematic relative to the IGD group during acquisition learning and anticipation of pornographic rewards, and relative to the GR group, significantly increased activation in the caudate and vACC. These results suggest that individuals with problematic gaming may be less sensitive to non-addiction-related rewards. During extinction, the GR group showed significantly increased activation in the dACC, and during extinction recall marginally significantly in the amygdala, both during anticipation of gaming stimuli and compared to non-problematic users. Moreover, we found significantly greater amygdala activation in the IGD group than in the GR group during extinction training and anticipation of gaming stimuli. No differences were found between the IGD and non-problematic groups during extinction and extinction recall. The results provide preliminary evidence of altered appetitive extinction processes in individuals with problematic gaming use."
141,"Internet gaming disorder (IGD) is a behavioral addiction characterized by compulsive gaming and impaired control over gaming behavior. Although the reward system is central to addiction, the specific neural mechanisms through which IGD affects intrinsic and extrinsic rewards processing remain poorly understood. We recruited 21 individuals with IGD and 23 recreational gaming users (RGU). Participants underwent functional magnetic resonance imaging (fMRI) while performing a cue-craving task with four types of stimuli: intrinsic reward, extrinsic reward, neutral, and gaming cues. Behavioral data (reaction time, subjective craving) were analyzed using repeated-measures ANOVA (stimulus type × group), and neural responses were analyzed using a general linear model and seed-based functional connectivity analysis. Compared to RGU, individuals with IGD exhibit faster responses to gaming cues, stronger cravings, and altered evaluations of intrinsic rewards. Neuroimaging analysis revealed excessive synchronization in the striatum-thalamus functional connectivity during processing of intrinsic rewards in the IGD group, particularly enhanced connectivity from the left thalamus to the right caudate nucleus. Furthermore, distinct patterns of brain connectivity emerged across stimulus conditions: under gaming cues, the IGD group exhibited significantly stronger connections between the default mode network and core nodes of the reward network (e.g., nucleus accumbens-prefrontal cortex) than the RGU group. Our findings indicate that IGD is associated with aberrant neural reward processing, including striatal-thalamic hyper-synchronization, which may underlie the hijacking of intrinsic reward mechanisms. These results support a 'self-efficacy-sensory drive' model of IGD, providing a neurobiological basis for targeted interventions."
142,"Cerebrospinal fluid (CSF) status is an indicator of pathological feature associated with metabolic waste clearance dysfunction in Alzheimer's disease (AD) progression. Magnetic resonance-based conductivity imaging provides novel contrast sensitive to ion concentration, mobility, and microstructural changes. We applied conductivity imaging to 5xFAD mice and age-matched wild-type controls using 9.4 T MRI, measuring regional conductivity in ventricular CSF, caudate putamen, cerebral cortex, thalamus, and hippocampus. AD mice showed ventricular enlargement with significantly elevated CSF conductivity, and increased hippocampal conductivity consistent with AD involvement, but no changes in other regions. These findings suggest conductivity imaging as a marker of fluid microenvironmental changes in AD."
143,"This study characterized longitudinal changes in regional brain functional activity after second-generation antipsychotic treatment in patients with schizophrenia (SZ) and examined their associations with clinical symptoms and cognition. Thirty-three patients with SZ received 12 weeks of second-generation antipsychotic treatment, and 37 healthy controls (HCs) were assessed at matched time points. All participants underwent resting-state functional MRI at baseline and at the 12-week follow-up. Regional spontaneous activity was assessed using amplitude of low-frequency fluctuation (ALFF), fractional ALFF (fALFF), and regional homogeneity (ReHo). Symptoms and cognition were evaluated with the Positive and Negative Syndrome Scale (PANSS) and MATRICS Consensus Cognitive Battery (MCCB). Analyses were adjusted for age, sex, and education. At baseline, patients showed increased ALFF in the left hippocampus and right caudate, increased fALFF and ReHo in the left precuneus, and decreased fALFF and ReHo in the right postcentral gyrus compared with HCs. At the 12-week follow-up after treatment, between-group comparisons showed increased ALFF in the right middle temporal pole and right medial orbitofrontal cortex, and decreased ReHo in the right insula and bilateral postcentral gyri. Brain-behavior analyses showed that left precuneus fALFF was positively associated with depressive symptoms, right postcentral gyrus fALFF was negatively associated with semantic fluency, and right middle temporal pole ALFF was positively associated with PANSS positive symptoms. SZ patients exhibited persistent and treatment-associated regional abnormalities in spontaneous brain activity, suggesting compensatory functional alterations and residual pathological processes after antipsychotic treatment."
144,"In this retrospective descriptive study, we aimed to evaluate magnetic resonance imaging (MRI) and magnetic resonance spectroscopy (MRS) findings alongside different ASPA gene mutations in patients to enhance understanding of the genetic backgrounds and to explore correlations between MRI findings and genetic mutations. Whole exome sequencing (WES) was used for molecular analysis in seven Iranian patients with clinical diagnosis of Canavan disease. MRI and MRS findings were assessed in these patients. Clinical data, biochemical findings, detailed anatomical MRI involvement, and metabolites in MRS were evaluated. The full spectrum of brain abnormalities on conventional MRI and MRS, as well as clinical outcomes were compared with molecular data to provide insights into the neuroimaging and molecular findings in these patients. WES identified pathogenic or likely pathogenic variants in the ASPA gene in the majority of cases. MRI revealed involvement of deep and subcortical white matter, along with the globus pallidus in all cases. Yet, the putamen, caudate, and claustrum were not involved. MRS analysis demonstrated a typical N-acetylaspartate (NAA) peak with increased NAA/Creatine and NAA/Choline ratios. Taken together, this study enhances our understanding of the genetic background of Canavan disease among the Iranian population. We propose functional assays or cohort studies for unresolved classifications."
145,"Animals integrate knowledge about how the state of the environment evolves to choose actions that maximise reward. Such goal-directed behaviour - or model-based (MB) reinforcement learning (RL) - can flexibly adapt choice to changes, being thus distinct from simpler habitual - or model-free (MF) RL - strategies. Previous inactivation and neuroimaging work implicates prefrontal cortex (PFC) and the caudate striatal region in MB-RL; however, details are scarce about its implementation at the single-neuron level. Here, we recorded from two PFC regions - the dorsal anterior cingulate cortex (ACC) and dorsolateral PFC (DLPFC), and two striatal regions, caudate and putamen - while two rhesus macaques performed a sequential decision-making (two-step) task in which MB-RL involves knowledge about the statistics of reward and state transitions. All four regions, but particularly the ACC, encoded the rewards received and tracked the probabilistic state transitions that occurred. However, ACC (and to a lesser extent caudate) encoded the key variables of the task - namely the interaction between reward, transition, and choice - which underlies MB decision-making. ACC and caudate neurons also encoded MB-derived estimates of choice values. Moreover, caudate value estimates of the choice options flipped when a rare transition occurred, demonstrating value update based on structural knowledge of the task. The striatal regions were unique (relative to PFC) in encoding the current and previous rewards with opposing polarities, reminiscent of dopaminergic neurons, and indicative of an MF prediction error. Our findings provide a deeper understanding of selective and temporally dissociable neural mechanisms underlying goal-directed behaviour."
146,"The neurobiological pathology of levodopa-induced dyskinesia (LID) remains unclear despite its prevalence. Emerging evidence suggests a critical interplay between dopaminergic and serotonergic systems in the development of LID. This study aimed to investigate longitudinal changes in striatal and midbrain SBRs and their association with LID development, with exploratory evaluation of midbrain-striatal monoaminergic coupling. A total of 169 drug-naïve PD patients from the PPMI database were followed over four years. I-123 FP-CIT SPECT imaging was used to measure specific binding ratios (SBRs) in the caudate, putamen, and midbrain. Patients were categorized into LID and non-LID groups at follow-up. Interregional correlation analysis assessed the correlation between midbrain and striatal subregions. The impact of levodopa-equivalent daily dose (LEDD) on correlation was also evaluated. The LID group exhibited significantly lower striatal SBRs at baseline and follow-up compared to the non-LID group. Midbrain SBRs declined more steeply in the LID group over time. In multivariable regression models adjusting for baseline clinical differences, the interaction between midbrain SBR and LID status for the 4-year putamen SBR showed a trend-level association (<i>p</i> = 0.09, <i>q</i> = 0.15). The regression slope for the midbrain-putamen association was numerically higher in the LID group (<i>β</i> = 1.1571) compared to the non-LID group (<i>β</i> = 0.5201) at 4 years. The midbrain-to-putamen ratio was higher in the LID group at baseline, indicating relatively preserved nonstriatal monoaminergic signal early in the disease course. After adjustment, LEDD and the midbrain × LEDD interaction were not independently associated with midbrain-putamen coupling. Our findings suggest a dynamic pattern in which early relative preservation of nonstriatal monoaminergic signals, reflected by midbrain SBR changes, may accompany dopaminergic loss in patients who develop LID. Midbrain SBR should be interpreted as a proxy of monoaminergic integrity rather than a direct serotonergic biomarker. LID appears to mark a phenotype of accelerated nigrostriatal degeneration characterized by lower baseline and faster longitudinal decline of putaminal SBR. Midbrain-striatal coupling patterns may reflect secondary monoaminergic network changes associated with disease progression rather than a causal serotonergic mechanism."
147,"Tourette syndrome is a neuropsychiatric disorder whose physiopathology is still poorly understood. It involves alterations in the dopaminergic system within the cortico-basal ganglia-thalamo-cortical loops although several hypotheses from the literature implicate the glutamatergic system. Our objective was to study the activity of NMDA receptors (NMDARs) in vivo in patients with Tourette syndrome compared to healthy controls. PET imaging was used in patients with Tourette syndrome (<i>n</i> = 12) and healthy controls (<i>n</i> = 12) with a new radioligand, the [<sup>18</sup>F]-FNM, which binds to activated NMDARs. Clinical and behavioural assessments were also performed on patients to evaluate tics severity (YGTSS), obsessive-compulsive disorder (Y-BOCS), impulsivity (BIS-11) and anxio-depressive state (HAD). PET activity was compared between groups in different ROIs. Correlations were made between PET activity and clinical/behavioural scores in patients with Tourette syndrome. Significant differences in NMDAR activity were found between patients with Tourette syndrome and controls in the right and left ACC, the right caudate nucleus, the right olfactory cortex and the left paracentral lobule: patients with Tourette syndrome exhibited higher NMDAR activity in these ROIs. Moreover, this hyper-NMDAR activity in the ACC correlated positively and significantly with YGTSS scores in patients with Tourette syndrome. Patients with Tourette syndrome showed higher NMDAR activity in the ACC, caudate nucleus, paracentral lobule and olfactory cortex. This presumed hyper-glutamatergic activity may indicate a hyper-activation of the direct striatal pathway leading to the onset of tics, in addition to the supposed hypo-activation of the indirect striatal pathway related to hypo-GABAergic state reported in the literature. Tourette syndrome would therefore be associated with an imbalance between excitatory and inhibitory influences within the cortico-basal ganglia-thalamo-cortical circuit."
148,"In treatment-resistant schizophrenia, clozapine treatment has been associated with longitudinal reductions in subcortical volumes, ventricular enlargement, and widespread cortical thinning. However, it is unknown how these structural changes relate to clozapine's pharmacological profile and clinical efficacy. We combined five longitudinal datasets with MRI acquired before and on average 5 months after clozapine initiation in 143 individuals to quantify brain structural changes and their association with normative maps relating to neuroreceptor architecture and physiological systems, and improvement in symptom severity. Clozapine treatment was associated with grey matter volume reductions across multiple subcortical regions (including the amygdala, hippocampus, thalamus, caudate, putamen and nucleus accumbens), increases in pallidal volume, ventricular enlargement, and widespread cortical thinning. Cortical regions showing the greatest magnitude of thinning corresponded to areas with higher normative densities of serotonergic 5-HT<sub>1A</sub>, 5-HT<sub>2A</sub> and 5-HT<sub>4</sub> receptors. Changes in subcortical volume or cortical thickness during clozapine treatment were not associated with changes in total or positive symptom severity. In addition, baseline subcortical volume, cortical thickness, or gyrification prior to starting clozapine did not predict subsequent symptom improvement. Cortical thinning may partly reflect clozapine's activity at serotonergic receptors, which have been implicated in cortical network stabilisation and neuroplasticity, however structural remodelling during clozapine treatment may reflect a process independent from its clinical efficacy in improving core symptoms of psychosis."
149,"Seronegative autoimmune encephalitis (SNAE) is an increasingly recognized entity in pediatric neurology, yet quantitative neuroimaging data remain scarce. This study aimed to evaluate regional brain volumetric differences between children diagnosed with SNAE and age- and sex-matched healthy controls using automated MRI volumetry. Fifteen children with SNAE (median age 12 years; 9 males, 6 females) and 45 age- and sex-matched healthy controls were enrolled. Three-dimensional T1-weighted MRI data were processed using the volBrain automated brain volumetry pipeline. Whole brain, grey matter, white matter, and subcortical structure volumes (thalamus, putamen, caudate, pallidum, hippocampus, amygdala, cerebellum, and brainstem) were compared between groups. Receiver operating characteristic (ROC) curve analysis was performed to determine the discriminative value of significantly different volumetric parameters. Patients with SNAE demonstrated significantly lower absolute grey matter, thalamus, putamen, and pallidum volumes compared with healthy controls after Bonferroni correction. Following ICV-normalization, only putamen and pallidum volumes remained significantly reduced in the patient group. ROC analyses demonstrated significant discriminative performance for several volumetric parameters, with putamen showing the numerically highest AUROC among absolute volumetric measures (AUROC = 0.875) and pallidum showing the highest AUROC among ICV-normalized measures (AUROC = 0.769). Pairwise DeLong comparisons revealed that the ROC performances of these parameters were statistically indistinguishable within this sample. Automated brain volumetry may provide quantitative information complementary to conventional MRI evaluation in pediatric SNAE. Larger prospective studies are needed to validate the clinical significance of these findings."
150,"Spinocerebellar ataxia type 3 (SCA3) shows marked phenotypic heterogeneity and clinico-radiological dissociation, wherein macrostructural atrophy often fails to fully account for clinical severity. Although structural and functional connectivity abnormalities are well recognized, their potential interaction and neurobiological mechanisms remain poorly understood. This study aimed to identify potential biomarkers for SCA3 by linking structural connectivity-functional connectivity (SC-FC) coupling to mitochondrial function, neurotransmitter distribution, and gene expression. This dual-center study included discovery (117 SCA3, 165 healthy controls [HC]) and independent validation (24 SCA3, 48 HC) cohorts. Participants underwent multimodal 3 T magnetic resonance imaging (MRI) and clinical assessments (Scale for the Assessment and Rating of Ataxia [SARA]; International Cooperative Ataxia Rating Scale [ICARS]; Montreal Cognitive Assessment [MoCA]; Hamilton Depression Rating Scale [HAMD]). Regional and network-level SC-FC coupling was quantified using multiple regression and compared across disease-duration strata. Coupling alterations were spatially mapped to biological atlases (Allen Human Brain Atlas, MitoBrainMap, and positron emission tomography [PET]-based neurotransmitter receptor atlases) using bootstrapped Spearman's correlations (false discovery rate [FDR]-corrected). Gene enrichment analysis was implemented to characterize enriched biological pathways. SCA3 patients exhibited significant, atrophy-independent SC-FC decoupling in the bilateral dorsolateral putamen (dlPu), which correlated with ICARS scores. This decoupling pattern spatially aligned with mitochondrial complex II, 5-HT2A/5-HT4 receptors densities, and genes enriching for synaptic regulation and cellular homeostasis. By integrating SC-FC coupling with biological atlases, this study reveals the pathological underpinnings of clinico-radiological dissociation in SCA3 and identifies dlPu decoupling as a promising early-stage candidate imaging marker, providing an early and objective target for future neuroprotective trials. Chinese Clinical Trial Registry (ChiCTR): 1800019901, 2000039434. © 2026 International Parkinson and Movement Disorder Society."
151,"Diet quality during early life may influence neurodevelopmental trajectories, but the associations between ultra-processed food (UPF) intake and neurocognitive outcomes has not been broadly examined. To examine whether cumulative UPF intake from infancy through early childhood is associated with cognitive performance at 24 and 72 months and with subcortical brain volumes at 72 months. In this prospective birth cohort study, multiple 24-hour dietary assessments were used to calculate the percentage of UPF-calorie intake, using the Nova classification system. Cumulative UPF intake from 6 to 24 and from 6 to 72 months was summarized as the area under the curve. Cognitive performance was assessed at 24 and 72 months, and subcortical brain volumes were derived from T1-weighted MRI scans at 72 months. Associations were examined using multiple univariate linear regressions with false discovery rate (FDR) correction. Cumulative UPF intake was not associated with cognitive performance at either 24 months (n=144, 57% girls) or 72 months (n=93, 59% girls). In contrast, cumulative UPF intake from 6 to 72 months (n=79, 58% girls) was inversely associated with the volumes of the bilateral accumbens, left amygdala, bilateral pallidum, left putamen, and bilateral thalamus (all FDR-adjusted p < 0.05). On average, a 10% higher proportion of cumulative UPF intake was associated with a 1.92% lower subcortical volume (CI95% -3.29, -0.58). Associations were consistent across exposure windows (6-24 months compared with 72 months) and UPF subtypes (e.g., snacks, fast food). Greater cumulative UPF intake from infancy through early childhood was associated with differences in neurodevelopment at age six years. These findings highlight this period as a potentially relevant window for nutrition-focused prevention efforts. Future studies are needed to clarify specific windows, neurobiological mechanisms, identify specific nutritional factors, and define long-term implications."
152,"This study investigated the associations of modifiable lifestyle factors with incident dementia, dementia subtypes, and structural brain changes, examined whether these associations differed across KDIGO-defined kidney function risk categories. We analyzed 304,369 participants from the UK Biobank. Kidney function was classified using the KDIGO risk framework, with participants grouped into low- and increased-risk categories. A composite lifestyle score, derived from the American Heart Association Life's Essential 8 framework, was constructed based on eight modifiable components: diet quality, physical activity, smoking status, sleep duration, body mass index, blood lipid, blood glucose, and blood pressure. Outcomes included incident dementia and total and regional brain volumes. Among participants at increased KDIGO-defined risk, those in the intermediate and highest tertiles of the lifestyle score had a lower risk of dementia compared with those in the lowest tertile (hazard ratios, 0.826 [95% CI, 0.689-0.990] and 0.749 [95% CI, 0.585-0.958], respectively). Associations differed by dementia subtype: higher lifestyle scores were consistently associated with a lower risk of vascular dementia, whereas no overall association was observed with Alzheimer's disease. Higher lifestyle scores were also associated with larger total grey matter volume and greater volumes of subcortical structures, including caudate, pallidum, putamen, and thalamus, as well as lower volumes of total, deep, and periventricular white matter hyperintensities. Similar associations were observed in the low-risk group. A healthier lifestyle was associated with a lower risk of dementia, particularly vascular dementia, and with more favorable structural brain characteristics, with similar associations across KDIGO risk groups."
153,"Neuropathological and biomarker evidence implicates tau dysregulation as a downstream component of Huntington's disease (HD) pathobiology, yet its in vivo distribution has not been characterised using second-generation tau-PET tracers. We aimed to define the regional organisation, stage dependence and clinical relevance of tau-sensitive PET signal across the HD disease spectrum. Fifty-four participants (13 healthy controls, 9 premanifest mutation carriers and 32 manifest carriers) underwent 60-minute dynamic [¹⁸F]PI-2620 PET imaging. Tau-PET signal was quantified using distribution volume ratios (DVR) derived from reference-tissue kinetic modelling. Analyses combined region-of-interest and whole-brain mapping with threshold-based positivity profiling, modelling of cumulative genetic disease burden (CAP), and clinico-anatomical association analyses. Tau-PET abnormalities showed a spatially ordered pattern dominated by subcortical involvement. The globus pallidus exhibited the strongest effect, with marked DVR increases and high positivity rates emerging in premanifest carriers and approaching saturation in manifest HD. Additional subcortical changes involved the putamen, whereas caudate DVR decreased in manifest disease. Cortical effects were more modest and selectively involved posterior associative regions. CAP modelling supported predominantly monotonic subcortical stage-related profiles, while limbic and cortical regions showed heterogeneous cross-sectional patterns. Clinico-anatomical analyses linked subcortical tau-PET signal with genetic burden and motor severity and limbic signal with psychiatric symptoms. Tau-sensitive PET signal represents a spatially ordered and stage-dependent feature of HD and identifies a reproducible pallidal signature linked to disease burden, supporting its potential as a biomarker for patient stratification and mechanistic monitoring in therapeutic studies targeting downstream pathological processes. NCT07503743."
154,"Alcohol use disorder (AUD) affects over 28 million people in the U.S and is associated with neurobiological alterations, including in the basal ganglia. Within the basal ganglia, the caudate nucleus (caudate) and putamen are implicated in AUD due to their roles in ethanol reinforcement. The caudate receives inputs from cortico-associative areas, and the putamen receives inputs from somatosensory areas, supporting goal-directed and habitual behaviors, respectively. These distinct behavioral roles are supported by dopamine signaling, including phasic dopamine, which is involved in assessing action-outcome associations, and tonic dopamine, which reflects ongoing dopaminergic tone that biases action initiation. Intrastriatal dopamine release is modulated by cholinergic interneurons via nicotinic acetylcholine receptors. Dysregulation of these mechanisms can contribute to the transition from occasional to habitual ethanol drinking. Here, we used in-vitro fast-scan cyclic voltammetry to measure dopamine signaling in male and female rhesus macaques following six months of ethanol self-administration. In the putamen, ethanol increased tonic dopamine in both sexes, with females exhibiting greater release and faster dopamine uptake rates than males. In the caudate, ethanol self-administration enhanced dopamine uptake rates only in males. Phasic dopamine release was enhanced by ethanol in the caudate of both sexes, but only in the putamen in males. Further, nAChR blockade revealed that phasic dopamine release in ethanol males, but not females, was dependent on cholinergic modulation. These results demonstrate that basal and sex-specific dopamine release and uptake are uniquely altered in rhesus macaque caudate and putamen in conjunction with chronic ethanol drinking."
155,"To develop and validate an interpretable machine learning model based on multicenter T1-weighted MRI radiomics data for the three-way classification of Parkinson's disease (PD)-Normal (NM), early-stage, and mid-late-stage-and to clarify the diagnostic value of key cortical nuclear features, with further elucidation of the molecular basis through proteomic association analysis. A total of 200 patients from multiple centers were included and divided into a training set (n = 76), an internal validation set (n = 33), and an external validation set (n = 91). Six core nuclei, including the caudate nucleus (CN), putamen (PUT), globus pallidus (GP), red nucleus (RN), substantia nigra (SN), and nucleus accumbens (NAc), were segmented using the DKT template. A total of 107 radiomics features were extracted per nucleus. After a three-step dimension reduction (variance thresholding, univariate selection, and multi-class LASSO), key features were identified. Five machine learning models were constructed. Model performance was evaluated using micro/macro-AUC and accuracy (ACC). SHAP analysis was employed to reveal the contribution of specific features to the diagnostic process. Additionally, proteomic analysis was performed on a subset of patients from Center 1 to screen for differentially expressed proteins among groups, and correlation analysis between DEPs and key radiomic features was conducted to explore biological mechanisms. Nine key features were finally selected, predominantly consisting of gray-level non-uniformity within the PUT. The GBT model performed optimally, with macro-AUC/micro-AUC of 0.890/0.902 in the internal validation set and 0.876/0.869 in the external validation set, respectively. SHAP analysis indicated that the NM group primarily relied on texture features of the PUT and NAc; early-stage PD was characterized by structural changes in the GP and PUT; and mid-late-stage PD was correlated with features from the SN and RN. Proteomic analysis identified 514 DEPs between early PD and controls (411 upregulated, 103 downregulated), which were enriched in cytoskeletal and immune pathways (FDR < 0.05), and 123 DEPs between mid-to-late and early PD (26 upregulated, 97 downregulated), which were enriched in proteasome and neurodegeneration pathways (FDR < 0.05). Multiple significant correlations between key radiomic features and DEPs were identified (all FDR-corrected P < 0.01), including original_gldm_DependenceNonUniformity_PUT with HGFAC (r = 0.510), original_ngtdm_Contrast_GP with PLAT (r = 0.453), and original_glrlm_RunEntropy_GP_QSM with both ASPN (r = 0.62) and TFPI (r = - 0.58). Interpretable machine learning models based on multicenter T1-weighted nuclear radiomics features can accurately diagnose and stage PD. Integration of radiomics and proteomics enhances model interpretability by linking imaging features to underlying biological mechanisms, providing an objective imaging basis for clinical practice and exhibiting strong generalizability and potential for clinical translation."
156,"Subthreshold depression (StD) is considered a significant precursor to major depressive disorder (MDD). MDD has been associated with abnormalities in dopamine-coupled brain regions, particularly a few specific subcortical structures, which are considered a key pathophysiological mechanism. However, the precise role that subcortical structures play in the pathophysiology of StD is still unclear. We compared the seed-based whole-brain static and dynamic functional connectivity (sFC/dFC) of subcortical regions between 50 individuals with StD and 50 healthy controls (HC). Static and dynamic subcortical networks were constructed for each group, followed by graph theory, network-based statistical (NBS), and K-means clustering analyses. Individuals with StD exhibited decreased sFC/dFC in the amygdala, caudate, putamen, pallidum, and brainstem, with primary involvement of the prefrontal cortex, precuneus, and supramarginal gyrus. The global topological properties of static subcortical networks, including small-world property and local efficiency, were reduced in StD. In dynamic subcortical networks, two recurring FC patterns were identified, exhibiting altered temporal properties in StD. Additionally, exploratory analyses further suggested that dynamics of subcortical structures, particularly the amygdala and caudate, were modestly associated with the severity of depressive symptoms and showed predictive value in distinguishing StD from HC. These findings offer new perspectives on the neural mechanisms underlying subcortical disruptions in StD, highlighting dysfunction within the amygdala and caudate as potentially core neurobiological features."
157,"Dopamine plays a central role in mediating addictive disorders (ADs), encompassing both substance-related and behavioral conditions. Some neurobiological alterations reflect trait-like vulnerability, while others are state-dependent, arising from intoxication and withdrawal. In this study, we examined striatal dopamine transporter (DAT) availability in individuals with alcohol use disorder (AUD) and gambling disorders (GD) to disentangle core mechanisms underlying addiction. The study involved individuals with AUD (n = 14), GD (n = 14), and healthy controls (HC; n = 25). DAT binding in the bilateral caudate and putamen was assessed using single-photon emission computed tomography (SPECT) with the radiotracer <sup>123</sup>I-FP-CIT. ADs participants underwent evaluation for addiction-specific and general psychopathological symptom severity. In the caudate, individuals with AUD showed higher DAT availability compared to those with GD (d = 2.234) and HC (d = 1.368). No lateralization effects were observed in any of the models. Across all ADs, DAT availability in the left putamen was significantly associated with the duration of abstinence over the past four weeks (rho = 0.444), after covarying for depression and irrespective of the diagnostic group. Our findings support a DAT-mediated involvement in core neurobiological processes underlying both substance-related and behavioral addictions. We propose that, in ADs, a predisposing striatal DAT deficiency may coexist with alcohol-induced upregulations (substance-specific) and with dynamic, time-sensitive fluctuations related to withdrawal processes (non-specific, addiction-related). Although a small sample size limits the generalizability of this study, these results may stimulate further research toward developing targeted therapeutic interventions."
158,"<b>Background/Objectives</b>: Antipsychotic dosing for behavioral and psychological symptoms of dementia (BPSD) in Alzheimer's disease remains empirical and variable. This study develops a deep learning model to predict individualized antipsychotic doses from structural MRI. <b>Methods</b>: A transfer learning approach with a cascaded ResNet (Cas-ResNet) was used. The model was first pre-trained on a large healthy aging dataset (CBMFM, <i>n</i> = 646) for brain age prediction, then fine-tuned on a BPSD dataset (SMHC, <i>n</i> = 86) to predict the defined daily dose (DDD) of antipsychotics. Model interpretability was performed using Grad CAM to identify predictive brain regions. <b>Results</b>: The proposed model achieved a mean absolute error of 0.19 and a Pearson correlation of 0.66 between predicted and actual doses, outperforming baseline 3DCNN, VGG, and DenseNet. Key contributing regions included the left inferior temporal gyrus, right parahippocampal gyrus, right putamen, left middle temporal gyrus, and left caudate. <b>Conclusions</b>: This proof-of-concept study demonstrates that deep learning can predict personalized antipsychotic doses from structural MRI, offering an objective tool to standardize BPSD pharmacotherapy and reduce empirical prescribing. The identified brain regions provide neurobiological insights into treatment response."
159,"The optimal treatment strategy for acute ischemic stroke due to intracranial atherosclerotic disease (ICAD-AIS) has not been established. The Tigertriever (Rapid Medical, Yokneam, Israel) is a unique stent retriever (SR) that allows manual adjustment of radial expansion force, a feature that may be advantageous for the treatment of ICAD-AIS. We report a case of ICAD-AIS successfully treated with SR angioplasty using the Tigertriever. A 71-year-old man developed sudden-onset left hemiplegia and was transported to our hospital 38 min after symptom onset. The National Institutes of Health Stroke Scale score was 13. MRA demonstrated occlusion of the right M1 segment of the middle cerebral artery (MCA), and diffusion-weighted imaging (DWI) showed faint hyperintensity in the posterior corona radiata. DSA revealed occlusion of the distal right M1 segment with good leptomeningeal collateral flow to the MCA territory. Given the patient's multiple atherosclerotic risk factors, the occlusion was clinically suspected to be associated with ICAD. After administration of aspirin (200 mg) and prasugrel (20 mg), SR angioplasty was performed using a Tigertriever 17. Postprocedural DSA demonstrated residual stenosis of approximately 50%; however, no recoil or re-occlusion was observed. The puncture-to-recanalization time was 23 min. Postprocedural DWI showed only a small hyperintense lesion in the right putamen, with no evidence of re-occlusion. The patient was discharged home on day 11 with a modified Rankin Scale (mRS) of 0. The post-procedure antiplatelet regimen was aspirin (100 mg) plus prasugrel (3.75 mg) for 1 month, followed by aspirin (100 mg) plus cilostazol (200 mg) until 6 months, and aspirin (100 mg) alone thereafter. During the 9-month follow-up, the mRS remained 0 without re-occlusion of the stenotic lesion. The Tigertriever may enable effective angioplasty for intracranial atherosclerotic stenotic lesions by allowing controlled adjustment of radial expansion force. This device may represent a promising therapeutic option for the treatment of ICAD-AIS."
160,"Trust requires balancing potential mutual gain against possible betrayal. This decision depends not only on personal vulnerability to loss (risk) but also on the partner's incentive to betray (temptation) and whether the betrayal is committed intentionally (partner's agency). Previous research-limited by categorical behavioral designs and a neuroimaging focus on pathological mistrust-leaves it unclear how the brain systematically represents personal risk, partner's temptation, and partner's agency during typical trust decisions. We used functional magnetic resonance imaging with a parametric binary trust game to disentangle the effects of these factors. Thirty-one participants made binary trust decisions while these factors were systematically varied. Behaviorally, trust declined with increasing risk and with the risk × temptation interaction, owing to self-centered heuristics, while agency had no reliable effect. Neurally, risk was encoded in a decision-dependent manner: increasing risk in trust engaged the salience network (anterior mid-cingulate cortex), whereas in non-trust it recruited striato-motor circuits (putamen, motor cortex). Temptation, in interaction with risk, was represented independently of choice, expressed as increased activity in Calcarine but reduced activity in the medial prefrontal hub of the default mode network. Agency was distinguished neurally in the dorsomedial prefrontal cortex despite absent behavioral effects. Exploratory analyses showed that trust versus non-trust engaged distinct large-scale networks, with trust recruiting the central-executive and salience networks and non-trust the posterior default-mode network. These findings reveal distinct neural signatures for vulnerability, partner incentives, and partner agency in trust decisions, highlighting how self- and other-focused factors are encoded differently across large-scale brain networks."
161,"Synaptoporin (SPO; synaptophysin II) has classically been described as a presynaptic vesicle protein enriched in the hippocampal mossy fiber pathway, distinguishing it from the ubiquitously expressed synaptophysin I (SYP). However, its distribution and synapse-type specificity in the human brain have not been studied yet. Here, we comprehensively mapped SPO protein expression across multiple human brain regions using immunofluorescence staining of post mortem tissue and biochemical analysis of brain lysates. We identified high SPO protein expression in the hippocampus, cerebral cortex, and dorsal horn of the spinal cord; moderate expression in the cerebellum and amygdala; and low levels in the putamen. The analyzed brainstem regions and the thalamus were devoid of SPO. Notably, SPO was present in distinct components of the human auditory pathway, mirroring rodent patterns. Colocalization analyses revealed largely separate distributions of SPO and SYP, challenging the concept of SYP as 'pan-synaptic' marker. In the cerebral cortex, a region with pronounced SPO expression, SYP-based synapse quantification underestimated total synapse numbers by up to 35%, a result replicated across independent brain tissue sources. SPO puncta were associated with both excitatory and inhibitory synaptic markers, reflecting the highly heterogeneous human synaptome. Collectively, these findings demonstrate that SYP-only assays overlook a substantial subset of synapses and they highlight the combinatorial complexity of vesicle protein expression in the human brain. This work establishes SPO as a critical determinant of synaptic diversity and can serve as reference to identify vulnerable synaptic subtypes in neurodegenerative diseases."
162,"Cerebrospinal fluid (CSF) status is an indicator of pathological feature associated with metabolic waste clearance dysfunction in Alzheimer's disease (AD) progression. Magnetic resonance-based conductivity imaging provides novel contrast sensitive to ion concentration, mobility, and microstructural changes. We applied conductivity imaging to 5xFAD mice and age-matched wild-type controls using 9.4 T MRI, measuring regional conductivity in ventricular CSF, caudate putamen, cerebral cortex, thalamus, and hippocampus. AD mice showed ventricular enlargement with significantly elevated CSF conductivity, and increased hippocampal conductivity consistent with AD involvement, but no changes in other regions. These findings suggest conductivity imaging as a marker of fluid microenvironmental changes in AD."
163,"In this retrospective descriptive study, we aimed to evaluate magnetic resonance imaging (MRI) and magnetic resonance spectroscopy (MRS) findings alongside different ASPA gene mutations in patients to enhance understanding of the genetic backgrounds and to explore correlations between MRI findings and genetic mutations. Whole exome sequencing (WES) was used for molecular analysis in seven Iranian patients with clinical diagnosis of Canavan disease. MRI and MRS findings were assessed in these patients. Clinical data, biochemical findings, detailed anatomical MRI involvement, and metabolites in MRS were evaluated. The full spectrum of brain abnormalities on conventional MRI and MRS, as well as clinical outcomes were compared with molecular data to provide insights into the neuroimaging and molecular findings in these patients. WES identified pathogenic or likely pathogenic variants in the ASPA gene in the majority of cases. MRI revealed involvement of deep and subcortical white matter, along with the globus pallidus in all cases. Yet, the putamen, caudate, and claustrum were not involved. MRS analysis demonstrated a typical N-acetylaspartate (NAA) peak with increased NAA/Creatine and NAA/Choline ratios. Taken together, this study enhances our understanding of the genetic background of Canavan disease among the Iranian population. We propose functional assays or cohort studies for unresolved classifications."
164,"Animals integrate knowledge about how the state of the environment evolves to choose actions that maximise reward. Such goal-directed behaviour - or model-based (MB) reinforcement learning (RL) - can flexibly adapt choice to changes, being thus distinct from simpler habitual - or model-free (MF) RL - strategies. Previous inactivation and neuroimaging work implicates prefrontal cortex (PFC) and the caudate striatal region in MB-RL; however, details are scarce about its implementation at the single-neuron level. Here, we recorded from two PFC regions - the dorsal anterior cingulate cortex (ACC) and dorsolateral PFC (DLPFC), and two striatal regions, caudate and putamen - while two rhesus macaques performed a sequential decision-making (two-step) task in which MB-RL involves knowledge about the statistics of reward and state transitions. All four regions, but particularly the ACC, encoded the rewards received and tracked the probabilistic state transitions that occurred. However, ACC (and to a lesser extent caudate) encoded the key variables of the task - namely the interaction between reward, transition, and choice - which underlies MB decision-making. ACC and caudate neurons also encoded MB-derived estimates of choice values. Moreover, caudate value estimates of the choice options flipped when a rare transition occurred, demonstrating value update based on structural knowledge of the task. The striatal regions were unique (relative to PFC) in encoding the current and previous rewards with opposing polarities, reminiscent of dopaminergic neurons, and indicative of an MF prediction error. Our findings provide a deeper understanding of selective and temporally dissociable neural mechanisms underlying goal-directed behaviour."
165,"The neurobiological pathology of levodopa-induced dyskinesia (LID) remains unclear despite its prevalence. Emerging evidence suggests a critical interplay between dopaminergic and serotonergic systems in the development of LID. This study aimed to investigate longitudinal changes in striatal and midbrain SBRs and their association with LID development, with exploratory evaluation of midbrain-striatal monoaminergic coupling. A total of 169 drug-naïve PD patients from the PPMI database were followed over four years. I-123 FP-CIT SPECT imaging was used to measure specific binding ratios (SBRs) in the caudate, putamen, and midbrain. Patients were categorized into LID and non-LID groups at follow-up. Interregional correlation analysis assessed the correlation between midbrain and striatal subregions. The impact of levodopa-equivalent daily dose (LEDD) on correlation was also evaluated. The LID group exhibited significantly lower striatal SBRs at baseline and follow-up compared to the non-LID group. Midbrain SBRs declined more steeply in the LID group over time. In multivariable regression models adjusting for baseline clinical differences, the interaction between midbrain SBR and LID status for the 4-year putamen SBR showed a trend-level association (<i>p</i> = 0.09, <i>q</i> = 0.15). The regression slope for the midbrain-putamen association was numerically higher in the LID group (<i>β</i> = 1.1571) compared to the non-LID group (<i>β</i> = 0.5201) at 4 years. The midbrain-to-putamen ratio was higher in the LID group at baseline, indicating relatively preserved nonstriatal monoaminergic signal early in the disease course. After adjustment, LEDD and the midbrain × LEDD interaction were not independently associated with midbrain-putamen coupling. Our findings suggest a dynamic pattern in which early relative preservation of nonstriatal monoaminergic signals, reflected by midbrain SBR changes, may accompany dopaminergic loss in patients who develop LID. Midbrain SBR should be interpreted as a proxy of monoaminergic integrity rather than a direct serotonergic biomarker. LID appears to mark a phenotype of accelerated nigrostriatal degeneration characterized by lower baseline and faster longitudinal decline of putaminal SBR. Midbrain-striatal coupling patterns may reflect secondary monoaminergic network changes associated with disease progression rather than a causal serotonergic mechanism."
166,"In treatment-resistant schizophrenia, clozapine treatment has been associated with longitudinal reductions in subcortical volumes, ventricular enlargement, and widespread cortical thinning. However, it is unknown how these structural changes relate to clozapine's pharmacological profile and clinical efficacy. We combined five longitudinal datasets with MRI acquired before and on average 5 months after clozapine initiation in 143 individuals to quantify brain structural changes and their association with normative maps relating to neuroreceptor architecture and physiological systems, and improvement in symptom severity. Clozapine treatment was associated with grey matter volume reductions across multiple subcortical regions (including the amygdala, hippocampus, thalamus, caudate, putamen and nucleus accumbens), increases in pallidal volume, ventricular enlargement, and widespread cortical thinning. Cortical regions showing the greatest magnitude of thinning corresponded to areas with higher normative densities of serotonergic 5-HT<sub>1A</sub>, 5-HT<sub>2A</sub> and 5-HT<sub>4</sub> receptors. Changes in subcortical volume or cortical thickness during clozapine treatment were not associated with changes in total or positive symptom severity. In addition, baseline subcortical volume, cortical thickness, or gyrification prior to starting clozapine did not predict subsequent symptom improvement. Cortical thinning may partly reflect clozapine's activity at serotonergic receptors, which have been implicated in cortical network stabilisation and neuroplasticity, however structural remodelling during clozapine treatment may reflect a process independent from its clinical efficacy in improving core symptoms of psychosis."
167,"Drinks with low-no-calorie sweeteners (LNCS) do not contribute to energy intake but still provide a hedonic experience through sweetness. LNCS can have differential effects on brain areas involved in food intake and reward compared to sugars. To determine changes in brain activity and the effect on physiological markers following the ingestion of flavored waters sweetened with the sugar sucrose or LNCS. 30 healthy individuals participated in a randomized crossover study with six treatments. Participants were scanned after an overnight fast using magnetic resonance imaging, including arterial spin labelling to measure cerebral blood flow (CBF), before and after ingestion of 500-ml drinks: Water, or equisweet flavored waters with 25 g sucrose, sucralose, stevia extract, allulose+stevia extract or monk fruit extract. CBF was measured at baseline, 5 and 30 min; gastric content volume at baseline, 25 and 45 min. Serum insulin and glucose were measured and participants rated their appetite and thirst throughout each visit. Data were analyzed with linear mixed models. Primary: Hypothalamus CBF was not differentially affected by any of the drinks. In the ventral tegmental area (midbrain), treatment effects differed, with lower ΔCBF after Sucrose compared to Water, Sucralose and Monk fruit drink ingestion at 30 min (difference ∼8±3 %, all P<sub>FDR</sub><0.05). Exploratory whole-brain analyses showed increased CBF after consumption for Allulose+stevia (amygdala) and Stevia (putamen) compared to Sucrose (P<sub>FWE</sub><0.05). Despite its low energy content, Allulose+stevia delayed gastric emptying similar to Sucrose, while only Sucrose increased glucose and insulin concentrations. Although flavored waters with LNCS mostly elicit similar neural and gastrointestinal responses as water, they have some distinct effects on the brain compared with 25 g of sucrose, particularly in reward-related brain areas. Further exploration of the neural and physiological effects of allulose and stevia and dose-dependent investigations are warranted. Clinical Trial Registry number and website where it was obtained NCT05575687, https://clinicaltrials.gov/study/NCT05575687."
168,"Seronegative autoimmune encephalitis (SNAE) is an increasingly recognized entity in pediatric neurology, yet quantitative neuroimaging data remain scarce. This study aimed to evaluate regional brain volumetric differences between children diagnosed with SNAE and age- and sex-matched healthy controls using automated MRI volumetry. Fifteen children with SNAE (median age 12 years; 9 males, 6 females) and 45 age- and sex-matched healthy controls were enrolled. Three-dimensional T1-weighted MRI data were processed using the volBrain automated brain volumetry pipeline. Whole brain, grey matter, white matter, and subcortical structure volumes (thalamus, putamen, caudate, pallidum, hippocampus, amygdala, cerebellum, and brainstem) were compared between groups. Receiver operating characteristic (ROC) curve analysis was performed to determine the discriminative value of significantly different volumetric parameters. Patients with SNAE demonstrated significantly lower absolute grey matter, thalamus, putamen, and pallidum volumes compared with healthy controls after Bonferroni correction. Following ICV-normalization, only putamen and pallidum volumes remained significantly reduced in the patient group. ROC analyses demonstrated significant discriminative performance for several volumetric parameters, with putamen showing the numerically highest AUROC among absolute volumetric measures (AUROC = 0.875) and pallidum showing the highest AUROC among ICV-normalized measures (AUROC = 0.769). Pairwise DeLong comparisons revealed that the ROC performances of these parameters were statistically indistinguishable within this sample. Automated brain volumetry may provide quantitative information complementary to conventional MRI evaluation in pediatric SNAE. Larger prospective studies are needed to validate the clinical significance of these findings."
169,"Alzheimer's disease (AD) involves early disruptions in brain connectivity, yet how AD risk markers relate to resting-state dynamic functional connectivity (rs-dFC) remains unclear. We examined associations of AD pathology, genetic risk, and blood-based biomarkers (BBMs) of neurodegeneration with local and distant rs-dFC in cognitively normal older adults and explored links with cognitive performance. Baseline data from 86 cognitively normal older adults in the AGUEDA trial (NCT05186090) were analyzed. Participants underwent amyloid-beta (Aβ)-PET, APOE4 genotyping, and plasma BBM quantification (Aβ42/40, BD-tau, GFAP, NfL, p-tau181, and p-tau217). rs-fMRI was used to compute voxel-wise local and distant rs-dFC using a stepwise connectivity framework. Models tested associations between AD markers and rs-dFC adjusting for age, sex, and education; secondary models examined extracted cluster values and six cognitive domains. Aβ-positive individuals and APOE4 carriers showed lower local connectivity in frontal regions. APOE4 carriers also exhibited higher distant connectivity in the superior motor area, inferior frontal gyrus, and anterior insula. Among BBMs, only NfL was associated with both lower local (insula and cingulate) and higher distant (precuneus, putamen, thalamus, supramarginal, and superior motor area) connectivity. Secondary analyses suggested additional cluster-cognition associations. Across AD risk markers, higher risk (Aβ-positivity, APOE4 carriage, and higher NfL) converged on a consistent rs-dFC signature characterized by reduced local and increased distant connectivity. This local-to-distant shift may serve as a candidate functional marker of early AD-related network vulnerability in cognitively normal aging and could support risk monitoring and stratification pending longitudinal validation."
170,"Diabetes Mellitus (DM) has been recognized as a potential risk factor and disease-modifier in Parkinson's Disease (PD), being associated with worse motor and cognitive outcomes, and altered susceptibility of neural pathways. This study investigated the impact of DM on nigrostriatal dopaminergic vulnerability independently of disease severity in drug-naïve PD patients. This study analyzed two independent cohorts of PD patients (multi-center PPMI n = 174, single-center UniBS n = 95). Patients with and without DM were first compared and then matched for age, sex, and clinical severity. All patients underwent baseline <sup>123</sup>I-FP-CIT imaging to quantify dopamine transporter binding. Dopaminergic binding, neural reserve index and molecular connectivity patterns were compared between severity-matched groups. Patients with DM were older, predominantly male, and exhibited worse non-motor and cognitive symptoms. After severity matching, PD-DM exhibited more preserved nigrostriatal dopamine uptake compared to PD-n. PD-DM also showed fewer nigrostriatal dopaminergic connectivity alterations (10% vs. 21%) and reduced neural reserve index in the left putamen and - only in the single-center cohort- whole striatum. In drug-naïve PD patients, comorbid diabetes is associated with comparable clinical severity despite milder dopaminergic loss. This suggests an increased dopamine system vulnerability linked to DM, reducing the efficiency and compensatory mechanisms of nigrostriatal dopaminergic networks in PD."
171,"Expression of calbindin D28K (CB) and parvalbumin (PV) distinguishes matrix and core type thalamic neurons, respectively, in primates. Whether the nice correspondence of intracellular calcium binding proteins and matrix/core neuron types translates to mouse remains unknown. Sixty reconstructed 3D mediodorsal thalamic nuclear neurons (MD<sup>Calb1</sup> neurons), defined by calb1, the gene encoding CB in mouse MD, were mapped onto Allen Mouse Brain Common Coordinate Framework (CCFv3). Most MD<sup>Calb1</sup> neurons (54/60) were isocortex-projecting ones, possessing collateral connections with caudate putamen (CP). Collectively, MD<sup>Calb1</sup> neuron ensemble linked 93 anatomically-defined brain structures/regions with their axons; and of these 93 axon-connected structures/regions, the single MD<sup>Calb1</sup> neurons had projection areas (receiving ≥ 2 axon terminals) ranging from 3 to 34 in number. Distinct projectomic profiles defined roughly 8 neuron subgroups, which differed from each other in composition of axon targets involving cortical and subcortical regions. Isocortical areas in prefrontal and sensorimotor cortices such as agranular insular cortex (AI), secondary motor cortex (MOs) and orbital cortex (ORB) etc., as well as structures of striatopallidal and olfactory systems such as CP, nucleus accumbens (ACB) and main olfactory bulb (MOB), among others, constituted the main axonal projection targets. Intriguingly, some proximal axon branches from over a dozen MD<sup>Calb1</sup> neurons (14/60) were seen to be spatially confined to MD, most frequently within dendritic territories of their source neurons, suggesting intra-MD innervation. For thalamocortical connectivity, most neurons (49/54, i.e., about 91%) had widespread, tangentially distributed axons terminating in layers 1-3 (L1-3) of multiple cortical areas. Thus, these neurons were of thalamic matrix type, per core-matrix-intralaminar classifying framework. Our morphometric data support the role of MD<sup>Calb1</sup> neurons for coordinated signal processing in networks integrating broad cortical areas, as well as subcortical structures, to fulfil emotion/cognition-related executive behaviors."
172,"We introduce a quantitative pipeline for region-level explanations of an Alzheimer's prediction model using four post hoc explainable AI (XAI) methods (DeepLIFT, Layer Gradient × Activation, Occlusion sensitivity analysis, and XGrad-CAM). Explanations are mapped to anatomical regions of interest using Freesurfer and summarized as the percentage of volume per region that is deemed relevant by the XAI method. We validate the pipeline in a cross-sectional ADNI cohort, where the explanations (except XGrad-CAM) converged on hippocampus/amygdala as most discriminative for CN, whereas relevant regions for AD were method-dependent. In longitudinal data from subjects converting from cognitively normal to Alzheimer's disease, the relevance of caudate/putamen/pallidum increased across most XAI methods, with FDR-corrected significant trends for three of four methods. In amyloid-positive MCI subjects, attribution profiles were intermediate between AD and CN groups. We additionally evaluated XAI fidelity using perturbation analyses and quantified cross-modal correspondence by correlating regional MRI relevance with amyloid and tau positron emission tomography (PET) standardized uptake value ratios. We observed weak correlations between XAI maps and PET across cortical and subcortical regions, suggesting that MRI and PET provide complementary information. Our findings show that XAI results are method- and class-dependent for AD classification. Still, all methods might convey relevant complementary information that can be used by end users to better understand the biological processes behind the patterns used to classify AD subjects. Thus, we suggest applying different XAI methods for AD classification."
173,"Non-suicidal self-injury (NSSI) is highly prevalent in adolescents with major depressive disorder (MDD), elevating suicide risk and indicating poor prognosis. While neuroimaging studies have examined NSSI and MDD separately, systematic reviews focusing on major depressive disorder with non-suicidal self-injury (nsMDD) remain scarce. In accordance with PRISMA guidelines, this study systematically reviewed 24 neuroimaging studies (2013-2025) involving 2379 participants (mean age ≤23 years) from PubMed, PsycInfo, and Embase. Using the Newcastle-Ottawa scale for quality assessment, we found 20 functional magnetic resonance imaging (resting-state fMRI and task fMRI) and 4 structural magnetic resonance imaging (MRI) studies. Key findings identified distinct neural signatures specific to nsMDD that differentiate it from depression without NSSI, including: suppression of the frontal gyrus, reduced volume of the putamen, abnormal activation of the lingual gyrus, midline cortical structures, and the prefrontal-limbic-mesencephalic circuit. In terms of neural networks, the default mode network exhibits enhanced connectivity with other neural networks, while the frontoparietal network shows abnormal suppression. Despite limitations including cross-sectional designs, gender imbalance, and scarce multimodal data, these findings provide a basis for targeted intervention that require longitudinal validation of their clinical utility."
174,"To investigate volumetric alterations of the basal ganglia and thalamus in patients with Parkinson's disease (PD) and to evaluate the relationships between regional brain volumes, motor symptom severity, and cognitive performance. 60 patients with PD (20 females, 40 males) and 51 age-matched healthy control participants (26 females, 25 males) were included. Patients with PD were classified according to initial motor phenotype (tremor-dominant vs. bradykinetic-rigid) and cognitive status based on Mini-Mental State Examination (MMSE) scores (21-26 indicating cognitive impairment; ≥27 indicating normal cognition). High-resolution three-dimensional T1-weighted SPGR MRI data were analyzed using the VolBrain automated segmentation pipeline to obtain volumetric measurements of the putamen, caudate nucleus, globus pallidus, and thalamus. All volumetric measures were normalized to total intracranial volume (TIV). Associations between regional brain volumes and Unified Parkinson's Disease Rating Scale (UPDRS) sub-scores were assessed. The mean age of the PD group was 61.2 ± 11.2 years, compared with 60.4 ± 12.0 years in the control group. Right (p = 0.001), left (p = 0.002), and total (p = 0.004) putamen volumes were significantly reduced in patients with PD relative to controls. No significant differences were observed in thalamic volumes between groups (p > 0.05). Within the PD cohort, individuals with MMSE-defined cognitive impairment exhibited significantly smaller thalamic volumes than cognitively normal patients (right: p = 0.002; left: p = 0.001; total: p = 0.001). UPDRS-III scores showed significant negative correlations with putamen volumes (right: r = -0.42, p = 0.001; left: r = -0.43, p = 0.001; total: r = -0.42, p = 0.001), while UPDRS-I scores were negatively correlated with thalamic volumes (right: r = -0.31, p = 0.016; left: r = -0.29, p = 0.041; total: r = -0.30, p = 0.015). Putamen volume reduction is associated with motor dysfunction in PD, whereas thalamic volumetric changes are more closely related to cognitive impairment. TIV-normalized automated MRI volumetry may provide complementary neuroimaging biomarkers for assessing disease severity and monitoring clinical progression. · Basal ganglia and thalamic volumes show distinct patterns in Parkinson's disease.. · Putamen volume reduction is associated with motor symptom severity.. · Thalamic volume changes are associated with cognitive impairment in PD.. · TIV-normalized VolBrain-based volumetric MRI analysis may support clinical disease assessment.. · Yıldız H, Atalay B, özdilek b. Basal Ganglia and Thalamic Volumes as MRI Markers of Motor and Cognitive Dysfunction in Parkinson's Disease. Rofo 2026; DOI 10.1055/a-2871-1475."
175,"Neurofibromatosis type 1 (NF1) is a multisystem disorder with wide-ranging clinical presentations. Patients with NF1 may manifest with macrocephaly, strokes, and cognitive deficits, abnormal neural development, and other neurologic symptoms. This study used an atlas-based approach to quantitatively examine structural and physiologic changes of the brain in children with NF1. Children evaluated for NF1 over a 9-year period at a children's hospital were retrospectively reviewed (n = 34). Children with intracranial tumors or prior strokes were excluded. Patients received diffusion-weighted imaging (DWI) and arterial spin labeling (ASL) perfusion imaging on a 3T MRI scanner. Using an atlas-based approach, quantitative assessment of regional brain volumes, median apparent diffusion coefficient (ADC), and cerebral blood flow (CBF) was performed for the cerebral cortex, thalamus, caudate, putamen, globus pallidus, hippocampus, amygdala, nucleus accumbens, brainstem, and cerebral white matter. Differences were tested between NF1 patients and 100 typically developing controls. Compared to controls, children with NF1 demonstrated significantly increased volume measurements in all brain regions (p < 0.001), significantly higher median ADC values in all structures except for the putamen and nucleus accumbens (p < 0.001), and significantly lower median CBF most notable in the cerebral white matter (p < 0.001), globus pallidus (p < 0.001), hippocampus (p < 0.001), amygdala (p < 0.001), and brainstem (p = 0.001). This study measured microstructural and physiologic brain changes in children with NF1 compared to typically developing children. Further studies are needed to elucidate the cellular and molecular basis for these differences. With further refinement, atlas-based quantitative MRI brain signatures may serve as useful biomarkers of neural development, cognitive dysfunction, and risks for vasculopathy-related strokes in children with NF1."
176,"Non-pharmacological somatic interventions can modulate brain function via body-brain communication, yet the underlying neurobiological mechanisms remain unclear. This study used resting-state fMRI and JuSpace spatial correlation to investigate how meridian-sinew therapy affects regional brain function and its spatial coupling with neurotransmitter systems in healthy volunteers. Forty-two healthy volunteers underwent resting-state fMRI and a 2-back working memory task before and after a 50 min meridian-sinew therapy session. We quantified changes in local brain activity using ALFF and ReHo. JuSpace was applied to examine spatial correlations between functional alteration maps and neurotransmitter receptor/transporter density atlases. Post-intervention reaction time in the 2-back task was significantly reduced. Neuroimaging revealed increased ALFF and ReHo in the prefrontal cortex, and decreased ReHo in the left putamen and insula. Spatial correlation analyses showed that ALFF changes were significantly correlated with 5-HT2a, CB1, mGluR5, DAT, NAT, NMDA, SERT, and VAChT distributions, while ReHo changes correlated only with SERT. Meridian-sinew therapy modulates regional brain physiology by enhancing prefrontal neural activity and suppressing subcortical interoceptive processing, accompanied by improved working memory efficiency. These functional changes show consistent spatial associations with multiple neurotransmitter systems. Our findings provide multimodal neuroimaging evidence for understanding how somatic interventions shape brain function through body-brain communication pathways."
177,"Parkinson's disease (PD) and multiple system atrophy parkinsonian subtype (MSA-P) are clinically similar α-synucleinopathies, making differential diagnosis challenging. This study aimed to identify distinct regional dopaminergic dysfunction patterns using quantitative <sup>18</sup>F-DOPA PET to differentiate the two disorders. We prospectively recruited 20 PD patients, 12 MSA-P patients, and 9 healthy controls. All underwent <sup>18</sup>F-DOPA PET imaging. Images were normalized using an adaptive probabilistic brain atlas. Voxel-wise and region-of-interest (ROI) analyses were performed with Statistical Parametric Mapping 12, controlling for age, sex, and disease duration. ROI comparisons used ANCOVA with Bonferroni post-hoc tests. Both patient groups showed severe putaminal dopaminergic loss compared to controls. A key differentiator was caudate nucleus involvement: SUVR was significantly lower in MSA-P than in PD (<i>P</i> = 0.031) and controls (<i>P</i> = 0.006), while PD did not differ from controls. Cerebellar SUVR was also significantly reduced in MSA-P compared to PD (<i>P</i> = 0.026) and controls (<i>P</i> = 0.007), despite no clinical cerebellar signs in MSA-P patients. Putamen uptake did not differentiate PD from MSA-P. Voxel-wise analysis confirmed reduced uptake in bilateral caudate, posterior cerebellar lobes, and vermis in MSA-P vs PD. No significant correlations between SUVR and clinical severity were found after correction for multiple comparisons. <sup>18</sup>F-DOPA PET reveals distinct topographic patterns: PD shows predominant putaminal impairment with caudate sparing, whereas MSA-P is characterized by concurrent caudate and cerebellar dopaminergic dysfunction. Caudate and cerebellar <sup>18</sup>F-DOPA uptake are potential imaging biomarkers for differentiating MSA-P from PD."
178,"Functional Magnetic Resonance Imaging (fMRI) is a powerful modality for investigating changes in healthy brains and those with disorders. Anosmia, an olfactory disorder, is commonly associated with traumatic brain injury, particularly in patients suffering from severe trauma. In this study, we aimed to utilize Resting-State fMRI (rs-fMRI) to examine changes in Functional Connectivity (FC) networks between Healthy Controls (HCs) and patients with Post-Traumatic Anosmia (PTA). In this retrospective study, we performed rs-fMRI on forty-four PTA patients and forty-three HCs. The Sniffin' Sticks test was used to assess olfactory function. Seed-based Analysis (SBA) and Independent Component Analysis (ICA) were conducted using MATLAB-based imaging software. PTA patients showed lower Threshold-Discrimination-Identification (TDI) scores compared to HCs. SBA revealed increased FC correlations in the anterior cingulate cortex, piriform, insular cortex, and prefrontal area in PTA patients. Using ICA on the whole brain network, we found increased FC in the right frontal pole, cerebellum, right putamen, anterior cingulate cortex, postcentral gyrus, orbitofrontal cortex, and amygdala in PTA compared to HCs. In PTA patients, global efficiency of the entire brain network showed a significant association with olfactory performance. This study suggests that neural-level olfactory deficits following head trauma are most accurately characterized through SBA and ICA analyses in higher-order regions outside the primary olfactory cortex."
179,"Nonketotic hyperglycemic hemichorea, also known as diabetic striatopathy, is a rare but reversible neurological complication of poorly controlled diabetes mellitus that can mimic acute cerebrovascular events. We report a case of an elderly woman with poorly controlled type 2 diabetes mellitus (glycated hemoglobin (HbA1c) 12.6%) who presented with a 2-week history of progressive, involuntary movements involving the left upper and lower extremities. The movements were continuous, non-suppressible, and consistent with hemichorea. Laboratory evaluation revealed severe hyperglycemia (glucose >500 mg/dL), normal serum osmolality (295 mOsm/kg), and negative ketones, confirming a nonketotic state. Non-contrast computed tomography of the head demonstrated hyperdensity of the right caudate and putamen. Magnetic resonance imaging showed T1-weighted hyperintensity involving the right basal ganglia. The differential diagnosis included acute stroke and neurodegenerative etiologies; however, clinical and radiologic findings supported diabetic striatopathy. The patient was treated with intravenous fluids and insulin therapy, resulting in rapid glycemic control and significant improvement in symptoms without the need for neuroleptic agents. At the three-month follow-up, she demonstrated near-complete clinical resolution, with repeat imaging confirming near-complete resolution of prior abnormalities. This case highlights nonketotic hyperglycemic hemichorea as a reversible stroke mimic and underscores the importance of early recognition and glycemic control. It also emphasizes how behavioral factors, such as needle phobia, can contribute to poor disease control and lead to significant neurological complications."
180,"Levodopa-induced dyskinesia (LID) is a major complication of advanced Parkinson's disease (PD) and may limit optimal dopaminergic therapy. Although deep brain stimulation (DBS) is the standard surgical treatment for medically refractory motor complications, pallidotomy remains a relevant alternative in resource-limited settings where access to DBS is constrained. We report 2 Filipino women with PD who developed disabling, medically refractory LID and were not candidates for DBS because of financial limitations. Both underwent unilateral posteroventral pallidotomy (PVP) targeting the globus pallidus internus. In Case 1, left-sided PVP was associated with an estimated 50%-80% reduction in dyskinesia affecting the right extremities, with corresponding functional improvement, although standardized pre- and postoperative motor scores were not consistently documented. In Case 2, right-sided PVP was associated with an approximately 60% reduction in dyskinesia at 7 months, with improvement in bradykinesia and rigidity; total Unified Parkinson's Disease Rating Scale score improved from 71 preoperatively to 17 postoperatively. Both patients were discharged without adverse effects. Although DBS generally confers greater, more durable, and adjustable improvements in motor symptoms and levodopa-induced dyskinesia, our cases demonstrate that unilateral PVP remains capable of producing clinically meaningful reductions in both dyskinesia and motor disability. In settings where DBS is inaccessible or not feasible, pallidotomy continues to represent a relevant and practical therapeutic option for carefully selected patients. Moreover, the sustained benefit observed in both LID and overall Parkinson's disease motor symptoms further supports its role as an alternative to the current advanced treatment armamentarium."
181,"Pseudohypoparathyroidism (PHP) is a heterogeneous group of disorders defined by resistance to parathyroid hormone (PTH), typically stemming from GNAS locus abnormalities. This report describes an unusual case of a 32-year-old Han Chinese male with sporadic PHP Type 1B (PHP1B) who presented with paroxysmal numbness and significant hypokalemia. Despite elevated PTH levels, the patient maintained normocalcemia and showed no evidence of globus pallidus calcification on brain imaging. Diagnosis was confirmed using methylation-specific multiplex ligation-dependent probe amplification, which identified characteristic GNAS imprinting defects: a gain of methylation at the NESP55 exon and loss of methylation at the AS, XL, and A/B exons. With a normal copy number, no detectable GNAS mutations, and a negative family history, the case was classified as sporadic PHP1B. This rare presentation highlights the broad phenotypic spectrum of PHP and emphasizes the clinical importance of monitoring diverse electrolyte disturbances, such as hypokalemia, even when calcium levels appear normal."
182,"Cortical and subcortical alterations in brain intrinsic function have been widely reported in Parkinson's disease (PD). However, sex differences in brain intrinsic function in PD are poorly understood. This study aimed to examine sex differences in spontaneous brain intrinsic function in PD and their associations with neuropsychological measurements. Using Parkinson's Progression Markers Initiative (PPMI) resting-state fMRI, we compared amplitude of low-frequency fluctuations (ALFF) between male and female PD patients in substantia nigra (SN), globus pallidus (GP) and whole-brain. Subgroup analysis was performed, matching demographics with equal sample sizes. ALFF correlations with behavior were assessed by sex. Female PD patients demonstrated higher ALFF in the right SN compared to males in the primary analysis. This sex difference achieved statistical significance in the demographics-matched subgroup analysis. Bilateral premotor ALFF was significantly elevated in female patients relative to males, independent of brain structure. Furthermore, right premotor ALFF showed a preliminary positive trend associated with visuospatial function exclusively in female PD patients. Female PD patients exhibit distinct functional signatures, primarily involving elevated premotor fluctuations and a preliminary premotor-visuospatial association. Preliminary SN alterations were also noted. These findings highlight the necessity of sex-stratified neuroimaging and provide preliminary support for premotor ALFF as a potential sex-divergent functional signature associated with cognitive profiling in female patients with PD."
183,"MRI-guided stereotaxy provides high accuracy but is limited by the need for an interventional/intraoperative MRI environment and associated workflow complexity. ClearPoint Software v3.0 extends an established stereotactic workflow to a conventional operating room using intraoperative CT (iCT) imaging. To evaluate stereotactic accuracy and operative metrics of the ClearPoint frameless iCT image-guided system for deep brain stimulation (DBS) lead implantation. We performed a multi-center retrospective review of consecutive DBS lead placement procedures supported by ClearPoint Neuro Navigation System Software Version 3.0 across 7 sites during a limited market release (February 1, 2025-May 1, 2025). Primary outcomes were radial targeting error (distance between planned trajectory endpoint and final device tip position in X-Y) and operative duration (skin incision to closure). Twenty-three procedures were analyzed. Median age was 67 years (range 39-89). Most cases were bilateral (87%, n=20). Targets included subthalamic nucleus (39%, n=9), ventral intermediate nucleus (39%, n=9), and globus pallidus internus (22%, n=5). Targeting accuracy was high, with median radial error of 0.20 mm on the left (range 0-1.60) and 0.20 mm on the right (range 0-1.0). Median operative duration was 203 minutes (range 125-330). Median intraoperative scans were 6, and procedures required a median of 2 adjustments per side. In this first multi-institution report of ClearPoint Software v3.0 for DBS lead placement, the frameless iCT workflow demonstrated consistent submillimeter accuracy with favorable operative metrics in a standard operating room setting."
184,"Dystonia is characterized by involuntary intermittent or sustained abnormal movements or postures. Deep brain stimulation (DBS) is an effective treatment, and response has been shown to vary across body regions but literature depicting this pattern is conflicting. Our study analyzes dystonia response to DBS by body distribution using the Burke-Fahn-Marsden Rating Scale motor (BFMRS-M) score and the Global Dystonia Rating Scale (GDRS). We reviewed standardized videos of patients with isolated non-acquired dystonia obtained at baseline and post-DBS of unilateral or bilateral globus pallidus interna between 2008 and 2020. BFMRS-M and GDRS were scored using blinded assessment by two movement disorders neurologists. Mean baseline and post-DBS scores were compared using a paired t-test. Ten male and 10 female patients were included, with average age at surgery 49 years. Post-DBS total BFMRS-M scores demonstrated improvement (20.5 ± 3.6 vs 11.9 ± 2.6) and there was significant improvement in neck sub-scores (4.9 ± 0.6 vs 2.5 ± 0.4). All patients demonstrated an improved total GDRS score post-DBS (21.6 ± 3.7 vs 11.1 ± 2.1), with significant improvements in GDRS sub-scores of the neck (5.9 ± 0.6 vs 2.6 ± 0.4) and shoulder & proximal arms (4.7 ± 1.1 vs 1.6 ± 0.5). Efficacy of DBS varies by distribution of dystonia and should be considered in treatment planning discussions. GDRS is a more sensitive outcome measurement for dystonia compared to BFMRS-M and should be more routinely integrated into studying treatment response. This study shows that pallidal deep brain stimulation yields differential improvement across dystonia body regions, with greatest benefit in the neck and proximal arms. These results highlight that the Global Dystonia Rating Scale is more sensitive to regional outcomes compared to the commonly utilized Burke-Fahn-Marsden Rating Scale."
185,"Neuropathological and biomarker evidence implicates tau dysregulation as a downstream component of Huntington's disease (HD) pathobiology, yet its in vivo distribution has not been characterised using second-generation tau-PET tracers. We aimed to define the regional organisation, stage dependence and clinical relevance of tau-sensitive PET signal across the HD disease spectrum. Fifty-four participants (13 healthy controls, 9 premanifest mutation carriers and 32 manifest carriers) underwent 60-minute dynamic [¹⁸F]PI-2620 PET imaging. Tau-PET signal was quantified using distribution volume ratios (DVR) derived from reference-tissue kinetic modelling. Analyses combined region-of-interest and whole-brain mapping with threshold-based positivity profiling, modelling of cumulative genetic disease burden (CAP), and clinico-anatomical association analyses. Tau-PET abnormalities showed a spatially ordered pattern dominated by subcortical involvement. The globus pallidus exhibited the strongest effect, with marked DVR increases and high positivity rates emerging in premanifest carriers and approaching saturation in manifest HD. Additional subcortical changes involved the putamen, whereas caudate DVR decreased in manifest disease. Cortical effects were more modest and selectively involved posterior associative regions. CAP modelling supported predominantly monotonic subcortical stage-related profiles, while limbic and cortical regions showed heterogeneous cross-sectional patterns. Clinico-anatomical analyses linked subcortical tau-PET signal with genetic burden and motor severity and limbic signal with psychiatric symptoms. Tau-sensitive PET signal represents a spatially ordered and stage-dependent feature of HD and identifies a reproducible pallidal signature linked to disease burden, supporting its potential as a biomarker for patient stratification and mechanistic monitoring in therapeutic studies targeting downstream pathological processes. NCT07503743."
186,"To develop and validate an interpretable machine learning model based on multicenter T1-weighted MRI radiomics data for the three-way classification of Parkinson's disease (PD)-Normal (NM), early-stage, and mid-late-stage-and to clarify the diagnostic value of key cortical nuclear features, with further elucidation of the molecular basis through proteomic association analysis. A total of 200 patients from multiple centers were included and divided into a training set (n = 76), an internal validation set (n = 33), and an external validation set (n = 91). Six core nuclei, including the caudate nucleus (CN), putamen (PUT), globus pallidus (GP), red nucleus (RN), substantia nigra (SN), and nucleus accumbens (NAc), were segmented using the DKT template. A total of 107 radiomics features were extracted per nucleus. After a three-step dimension reduction (variance thresholding, univariate selection, and multi-class LASSO), key features were identified. Five machine learning models were constructed. Model performance was evaluated using micro/macro-AUC and accuracy (ACC). SHAP analysis was employed to reveal the contribution of specific features to the diagnostic process. Additionally, proteomic analysis was performed on a subset of patients from Center 1 to screen for differentially expressed proteins among groups, and correlation analysis between DEPs and key radiomic features was conducted to explore biological mechanisms. Nine key features were finally selected, predominantly consisting of gray-level non-uniformity within the PUT. The GBT model performed optimally, with macro-AUC/micro-AUC of 0.890/0.902 in the internal validation set and 0.876/0.869 in the external validation set, respectively. SHAP analysis indicated that the NM group primarily relied on texture features of the PUT and NAc; early-stage PD was characterized by structural changes in the GP and PUT; and mid-late-stage PD was correlated with features from the SN and RN. Proteomic analysis identified 514 DEPs between early PD and controls (411 upregulated, 103 downregulated), which were enriched in cytoskeletal and immune pathways (FDR < 0.05), and 123 DEPs between mid-to-late and early PD (26 upregulated, 97 downregulated), which were enriched in proteasome and neurodegeneration pathways (FDR < 0.05). Multiple significant correlations between key radiomic features and DEPs were identified (all FDR-corrected P < 0.01), including original_gldm_DependenceNonUniformity_PUT with HGFAC (r = 0.510), original_ngtdm_Contrast_GP with PLAT (r = 0.453), and original_glrlm_RunEntropy_GP_QSM with both ASPN (r = 0.62) and TFPI (r = - 0.58). Interpretable machine learning models based on multicenter T1-weighted nuclear radiomics features can accurately diagnose and stage PD. Integration of radiomics and proteomics enhances model interpretability by linking imaging features to underlying biological mechanisms, providing an objective imaging basis for clinical practice and exhibiting strong generalizability and potential for clinical translation."
187,"Deep brain stimulation (DBS) of the globus pallidus internus (GPi) is an established therapy for medically refractory childhood dystonia. Achieving optimal outcomes requires repeated programming by experienced multidisciplinary teams in specialized centers. Geographic distance, travel burden, and access to expertise pose major barriers to families long-term care. This review summarizes literature and clinical experience on remote DBS programming for pediatric dystonia through March 2026 identified using targeted searches of PubMed and Embase. Telemedicine-enabled platforms allow clinicians to adjust stimulation parameters through secure interfaces while conducting real-time video assessments. Feasibility studies and early clinical applications indicate that remote programming is technically achievable, safe, and capable of delivering meaningful therapeutic adjustments without in-person visits. For children, who often require early programming, remote care can reduce travel, minimize disruption to school and family life, and facilitate therapy optimization. Challenges remain, including regulatory requirements, infrastructure needs, and development of standardized pediatric protocols. Remote DBS programming is a promising strategy to expand access to specialized care for children with dystonia. As telemedicine technologies, digital motor assessments, and neuromodulation platforms advance, remote programming has potential to become an integral component of long-term pediatric DBS management, improving outcomes and easing families' burden."
188,"Deep brain stimulation (DBS) modulates neural elements in the target region but can cause involuntary muscle contractions through unintended internal capsule activation. We characterized upper and lower limb motor evoked potentials (MEPs) produced by DBS to determine how stimulation location and orientation affect responses. Low-frequency DBS was delivered in the globus pallidus internus (GPi, 17 hemispheres) and subthalamic nucleus (STN, 8 hemispheres). MEPs were identified by stimulus-triggered averaging of surface electromyography (sEMG) from nine contralateral muscles. MEPs were most robust in distal upper limb muscles, with larger magnitudes and higher incidence than proximal or lower limb muscles (p < 0.001). Onset latencies did not differ between GPi and STN targets (p > 0.14). MEP incidence decreased from distal (ring 1) to proximal (ring 4) lead contacts (p < 0.003). A consistent recruitment hierarchy was observed: the thenar muscle was the most sensitive responder. Thenar MEP absence was associated with MEP absence in all other muscles in 96 % of cases.. In GPi, larger MEPs correlated with posterior-medial stimulation and proximity to the posterior border. sEMG-recorded MEPs are a robust indicator of stimulation spread to internal capsule and provide the means to observe and quantify unwanted stimulation effects. This study establishes a predictable hierarchy of MEPs during deep brain stimulation, identifying distal upper limb muscles, specifically the thenar, as the most sensitive indicators of internal capsule activation. These findings provide a robust physiological framework for quantifying and avoiding stimulation-induced side effects in patients with Parkinson's disease."
189,"BackgroundDeep brain stimulation (DBS) for Parkinson's disease (PD) primarily improves motor symptoms but leaves non-motor symptoms (NMS) largely unattended. Neurophysiological markers associated with specific symptoms could improve DBS programming. We systematically reviewed the evidence linking basal ganglia local field potentials (LFP) to NMS in PD.MethodsThe literature search (Medline, Embase, Scopus, and Web of Science) on August 20, 2024 yielded 1066 records. Studies were included if they focused on patients with idiopathic PD treated with DBS of the subthalamic nucleus (STN) or globus pallidus interna (GPi) and reported on the relationship between LFP data and NMS. The study risk of bias was evaluated using the Prediction Model Risk of Bias Assessment Tool (PROBAST). A narrative synthesis of results was provided.ResultsTwenty-one studies were included, focusing on impulse control disorders (n = 8), sleep-wake disorders (n = 5), depressive symptoms (n = 4), cognitive dysfunction (n = 3), hypomania (n = 1) and lower urinary tract symptoms (n = 1). Seven studies had a high risk of bias. Theta and alpha power in the STN were frequently associated with neuropsychiatric symptoms and cognitive function. Beta power in the STN and GPi was linked to sleep-wake disorders and urinary dysfunction.ConclusionsOverall, evidence on basal ganglia physiomarkers of NMS in PD remains limited. Further research is essential to develop patient-specific stimulation paradigms targeting NMS, which could significantly improve the quality of life of individuals with PD.OtherThis systematic review was registered with the International Prospective Register of Systematic Reviews (CRD42024495284). There was no specific funding for this study."
190,"In this retrospective descriptive study, we aimed to evaluate magnetic resonance imaging (MRI) and magnetic resonance spectroscopy (MRS) findings alongside different ASPA gene mutations in patients to enhance understanding of the genetic backgrounds and to explore correlations between MRI findings and genetic mutations. Whole exome sequencing (WES) was used for molecular analysis in seven Iranian patients with clinical diagnosis of Canavan disease. MRI and MRS findings were assessed in these patients. Clinical data, biochemical findings, detailed anatomical MRI involvement, and metabolites in MRS were evaluated. The full spectrum of brain abnormalities on conventional MRI and MRS, as well as clinical outcomes were compared with molecular data to provide insights into the neuroimaging and molecular findings in these patients. WES identified pathogenic or likely pathogenic variants in the ASPA gene in the majority of cases. MRI revealed involvement of deep and subcortical white matter, along with the globus pallidus in all cases. Yet, the putamen, caudate, and claustrum were not involved. MRS analysis demonstrated a typical N-acetylaspartate (NAA) peak with increased NAA/Creatine and NAA/Choline ratios. Taken together, this study enhances our understanding of the genetic background of Canavan disease among the Iranian population. We propose functional assays or cohort studies for unresolved classifications."
191,"To determine the clinical features and trends of occurrence of bilirubin encephalopathy in preterm infants (pBE) in Japan. We conducted a third retrospective nationwide questionnaire-based survey (2024) on pBE in Japan. We performed a two-step questionnaire survey similar to the previous two nationwide surveys. The initial survey determined the number of children born after 2000 who were newly diagnosed with pBE after the 2021 survey. Using a structured questionnaire, the secondary survey clarified the clinical manifestations and characteristics of children with pBE, including demographic data, neurological symptoms, and magnetic resonance imaging (MRI) and auditory brainstem response (ABR) findings. Results were then compared between the three surveys (2017, 2021, and 2024). An initial survey identified 11 patients with pBE from six institutions. After excluding one patient included in previous studies, clinical information was collected from 10 patients (six boys and four girls) during the secondary survey. The median gestational age was 27 weeks and the median birth weight was 1028 g. Head control and functional gait were observed in 50% and 20% of the patients, respectively. Purposeful hand use and verbal communication were observed in 30% and 40% of patients, respectively. MRI showed T2 hyperintensities in the globus pallidus in nine of nine patients. ABR abnormalities were present in four of four patients. None of the variables differed significantly between the 2017, 2021, and 2024 surveys. The clinical characteristics of pBE were consistent across the three surveys. Infants with pBE had severely impaired gross motor function but relatively preserved manual function and verbal communication. MRI and ABR findings can aid in the diagnosis of pBE."
192,"Deep brain stimulation (DBS) has been shown to provide benefits for dystonia beyond 15 years. However, the long-term biological response to chronically implanted DBS hardware and its structural integrity over such extended periods remain poorly characterized. Pathological examination of explanted leads and especially those implanted for over a decade or more has been rarely performed. The aim was to document the pathological findings of bilaterally explanted globus pallidus pars interna (GPi) DBS leads after 15 years of continuous therapy in a patient with DYT-1 dystonia. We present the case of a 23-year-old woman with genetically confirmed DYT-1 dystonia who underwent bilateral GPi DBS implantation at the age of 8. After 15 years of stable therapeutic benefit, she experienced progressive functional decline despite extensive reprogramming attempts. Bilateral lead revision was performed, and the explanted DBS leads were examined macroscopically and microscopically. The explanted leads demonstrated striking macroscopic abnormalities, including membrane coating and mild contact degradation. Microscopic examination revealed extensive fibrous tissue encapsulation and adherent coagulated brain tissue, suggestive of a mild chronic foreign body response. The left DBS lead revealed a decreased electrical impedance, and this was correlated with contact degradation. Despite lead revision, no definitive symptom improvement occurred after 9 months. These findings suggest that DBS leads may maintain therapeutic function despite significant biological and structural changes over a 15-year period. Hardware integrity in this case did not correlate with clinical effectiveness."
193,"To systematically characterize the phenotypic spectrum, neuroimaging features, heteroplasmy-phenotype correlation, and prognosis of the m.10191 T > C mutation. We collected and analyzed data from 52 patients (14 newly recruited; 38 from literature). Phenotypes were pre-classified as Leigh syndrome (LS), Leigh-like syndrome (LLS), MELAS/LS overlap syndrome, and MELAS-like syndrome. Neuroimaging data were subjected to statistical analysis to explore inter-lesional associations and lesion-symptom correlations. Heteroplasmy level underwent k-means clustering and latent class analysis (LCA) to define data-driven subgroups and model genotype-phenotype correlations. Prognostic factors were evaluated through Bayesian logistic regression, and survival analysis was conducted. The cohort exhibited phenotypic heterogeneity, dominated by LS (46.2%). Key features included epilepsy, developmental delay, and dystonia. Globus pallidus involvement frequently co-occurred with midbrain and pontine lesions. Heteroplasmy level differed significantly across phenotypes. LCA identified three classes corresponding to clinical phenotypes. High heteroplasmy level, medullary involvement, and severe hyperlactatemia were associated with disease progression. Survival analysis indicated a 5 year survival rate of 80.0%, with high heteroplasmy level, hypotonia, and cerebellar lesions predicting poorer survival. The m.10191 T > C mutation is linked to a continuous clinical spectrum correlated with heteroplasmy level. Specific clinical and neuroimaging features serve as valuable biomarkers for phenotypic classification and prognostic assessment."
194,"Manganese (Mn) toxicity is a relatively uncommon neurotoxic condition characterized by neuropsychiatric symptoms and parkinsonism. We describe a 46-year-old woman with end-stage renal disease due to congenital obstructive uropathy, status post deceased-donor kidney transplantation (2021), who presented with one month of worsening tremors, gait instability, intermittent aphasia, and altered awareness. Brain magnetic resonance imaging demonstrated persistent but improved T1 hyperintensity of the globus pallidus compared to prior imaging, consistent with Mn deposition. Serum Mn was markedly elevated at 14.9 µg/L (reference range 0.5-1.2 µg/L). Chelation therapy with calcium disodium ethylenediaminetetraacetic acid was initiated but discontinued early due to decline in renal function. Despite early cessation, treatment resulted in biochemical improvement and partial clinical recovery. Kidney allograft biopsy, performed due to a rise in creatinine during the hospital course, demonstrated severe chronic changes without evidence of acute rejection. Thorough history taking and evaluation of environmental factors did not identify a clear source of Mn exposure. The patient's history was notable for Budd-Chiari syndrome with portal hypertension status post transjugular intrahepatic portosystemic shunt, which likely contributed to impaired Mn clearance. To our knowledge, Mn toxicity occurring in a functioning kidney transplant recipient has not previously been reported. This case underscores the diagnostic and therapeutic challenges of Mn toxicity."
195,"Parkinson's disease management is often complicated by motor fluctuations and dyskinesia. Although deep brain stimulation addresses these symptoms, its use is limited by invasiveness, potential device failure, and the need for ongoing maintenance. Magnetic resonance-guided focused ultrasound (MRgFUS) provides incisionless, image-guided ablation as an alternative. However, the benefits and harms of staged, bilateral MRgFUS pallidothalamic tractotomy have not been evaluated systematically in prospective multicentre studies. In this prospective, multicentre, single-arm study, adults with idiopathic, levodopa-responsive Parkinson's disease and motor complications (Movement Disorders Society Unified Parkinson's Disease Rating Scale [MDS-UPDRS] part IV item 4.2 or 4.4 score ≥2) were enrolled at nine investigational centres (six in the USA, two in Spain, and one in Taiwan). Participants underwent unilateral MRgFUS pallidothalamic tractotomy to the symptom-dominant side. Contralateral pallidothalamic tractotomy followed a minimum of 6 months later for participants meeting prespecified criteria. The primary efficacy endpoint was percent change from baseline to 3 months after the second procedure in the summed MDS-UPDRS part III off-medication upper and lower extremity (ULE) motor scores. Safety outcomes were incidence, severity, and persistence of treatment-related adverse events in the 12 months after each procedure. Safety and efficacy of unilateral treatment were evaluated in the unilateral intention-to-treat (ITT) and safety populations, defined as all patients receiving one or more sonications during the first procedure. The primary outcome and safety of bilateral treatment were evaluated in the bilateral modified ITT (mITT) and safety populations, which required one or more sonications during the second procedure, a baseline motor assessment, and at least one post-bilateral motor assessment. This trial is registered at ClinicalTrials.gov, NCT04728295 and is active, not recruiting. Between July 12, 2021, and Nov 1, 2023, 54 patients received unilateral treatment and 40 proceeded to bilateral treatment (63 [67%] were male and 31 [33%] were female) and were included in the primary analysis; 36 completed 12-month follow-up after the second procedure. Median bilateral ULE motor scores decreased from 33·0 points (IQR 28·0-40·5) at baseline to 21·0 points (15·0-25·5) at month 3 post-bilateral treatment, a median within-patient change of 10·5 points (5·7-20·0), representing a 32% (18-52) improvement (p<0·0001). Benefits became apparent within 1 month of the first procedure and lasted through to 12 months after the second procedure. Treatment-related adverse events occurred in 21 (39%) of 54 patients after unilateral treatment; one (2%) had a persistent moderate adverse event at 6 months. After bilateral treatment, 22 (55%) of 40 patients had treatment-related adverse events; ten (25%) had persistent moderate or severe adverse events at 12 months, mainly affecting speech, gait, and balance. One (3%) patient developed severe persistent anarthria. Unilateral MRgFUS pallidothalamic tractotomy demonstrated safety and efficacy for Parkinson's disease motor complications; however, bilateral treatment offered small motor gains while increasing persistent moderate or severe adverse events. Post-bilateral treatment complications in speech, gait, and balance are consistent with historical data for bilateral ablative procedures for movement disorders. Although unilateral MRgFUS pallidothalamic tractotomy was beneficial in our study, bilateral procedures demand rigorous patient selection and counselling regarding cumulative risks. Insightec."
196,"Neurodegeneration with brain iron accumulation (NBIA) encompasses a set of rare disorders that present a diagnostic challenge due to their genetic and clinical diversity, with treatment options currently limited to symptom alleviation. One subtype, β-Propeller Associated Neurodegeneration (BPAN), results from pathogenic variants in the WDR45 gene on the X chromosome. This condition is marked by iron accumulation in the globus pallidus and substantia nigra, alongside early onset developmental delays, seizures, and motor impairments. The WDR45 gene produces the WDR45 protein, which plays a key role in the creation and maturation of autophagosomes-crucial components of the autophagy process, a cellular mechanism vital to the organism's proper function. In BPAN, reduced autophagy correlates with mitochondrial dysfunction, impaired antioxidant defenses, elevated lipid peroxidation, buildup of lipofuscin granules, and disrupted iron metabolism. However, the precise relationships between these pathological issues remain unclear. There is no curative treatment for BPAN, therefore care focuses on palliation and symptom management through a multidisciplinary approach. Nonetheless, research into various therapeutic strategies is ongoing, including gene therapy to correct the genetic anomaly and methods to influence pathological pathways like autophagy deficiency, lipid peroxidation, and iron accumulation. A novel approach has recently been suggested, aimed at reactivating the inactive X chromosome in females with BPAN."
197,"The aim of the study was to investigate the use of magnetic resonance diffusion tensor imaging (DTI) in children with neurodevelopmental disorders, particularly the value of fractional anisotropy (FA) in assessing neurological dysfunction. In total, 91 children with neurodevelopmental disorders and 21 children without neurodevelopmental disorders were enrolled and underwent DTI. The FA values were significantly (P < 0.05) decreased in both the globus pallidus and the posterior limb of the internal capsule in the neurodevelopmental disorder groups (193.08 ± 31.10 and 480.02 ± 29.08 in the mild-moderate, 183.26 ± 21.89 and 469.54 ± 27.02 in the severe, and 161.28 ± 16.13 and 407.18 ± 42.27 in the extremely severe subgroups, respectively) compared to the control group (206.12 ± 12.05 for the globus pallidus and 487.12 ± 21.06 for the posterior limb). The FA values were significantly (P < 0.05) decreased in the globus pallidus (165.33 ± 19.02) and the posterior limb of the internal capsule (441.21 ± 51.23) in the neurodevelopmental disorder group compared with the control group (189.05 ± 29.20 for the globus pallidus and 492.57 ± 28.10 for the posterior limb). The use of DTI provides critical insights into neurodevelopmental disorders in children. Changes in FA in the globus pallidus and posterior limb of the internal capsule are closely associated with the severity of neurological dysfunction and may serve as effective biomarkers for assessment."
198,"To investigate volumetric alterations of the basal ganglia and thalamus in patients with Parkinson's disease (PD) and to evaluate the relationships between regional brain volumes, motor symptom severity, and cognitive performance. 60 patients with PD (20 females, 40 males) and 51 age-matched healthy control participants (26 females, 25 males) were included. Patients with PD were classified according to initial motor phenotype (tremor-dominant vs. bradykinetic-rigid) and cognitive status based on Mini-Mental State Examination (MMSE) scores (21-26 indicating cognitive impairment; ≥27 indicating normal cognition). High-resolution three-dimensional T1-weighted SPGR MRI data were analyzed using the VolBrain automated segmentation pipeline to obtain volumetric measurements of the putamen, caudate nucleus, globus pallidus, and thalamus. All volumetric measures were normalized to total intracranial volume (TIV). Associations between regional brain volumes and Unified Parkinson's Disease Rating Scale (UPDRS) sub-scores were assessed. The mean age of the PD group was 61.2 ± 11.2 years, compared with 60.4 ± 12.0 years in the control group. Right (p = 0.001), left (p = 0.002), and total (p = 0.004) putamen volumes were significantly reduced in patients with PD relative to controls. No significant differences were observed in thalamic volumes between groups (p > 0.05). Within the PD cohort, individuals with MMSE-defined cognitive impairment exhibited significantly smaller thalamic volumes than cognitively normal patients (right: p = 0.002; left: p = 0.001; total: p = 0.001). UPDRS-III scores showed significant negative correlations with putamen volumes (right: r = -0.42, p = 0.001; left: r = -0.43, p = 0.001; total: r = -0.42, p = 0.001), while UPDRS-I scores were negatively correlated with thalamic volumes (right: r = -0.31, p = 0.016; left: r = -0.29, p = 0.041; total: r = -0.30, p = 0.015). Putamen volume reduction is associated with motor dysfunction in PD, whereas thalamic volumetric changes are more closely related to cognitive impairment. TIV-normalized automated MRI volumetry may provide complementary neuroimaging biomarkers for assessing disease severity and monitoring clinical progression. · Basal ganglia and thalamic volumes show distinct patterns in Parkinson's disease.. · Putamen volume reduction is associated with motor symptom severity.. · Thalamic volume changes are associated with cognitive impairment in PD.. · TIV-normalized VolBrain-based volumetric MRI analysis may support clinical disease assessment.. · Yıldız H, Atalay B, özdilek b. Basal Ganglia and Thalamic Volumes as MRI Markers of Motor and Cognitive Dysfunction in Parkinson's Disease. Rofo 2026; DOI 10.1055/a-2871-1475."
199,"Neurofibromatosis type 1 (NF1) is a multisystem disorder with wide-ranging clinical presentations. Patients with NF1 may manifest with macrocephaly, strokes, and cognitive deficits, abnormal neural development, and other neurologic symptoms. This study used an atlas-based approach to quantitatively examine structural and physiologic changes of the brain in children with NF1. Children evaluated for NF1 over a 9-year period at a children's hospital were retrospectively reviewed (n = 34). Children with intracranial tumors or prior strokes were excluded. Patients received diffusion-weighted imaging (DWI) and arterial spin labeling (ASL) perfusion imaging on a 3T MRI scanner. Using an atlas-based approach, quantitative assessment of regional brain volumes, median apparent diffusion coefficient (ADC), and cerebral blood flow (CBF) was performed for the cerebral cortex, thalamus, caudate, putamen, globus pallidus, hippocampus, amygdala, nucleus accumbens, brainstem, and cerebral white matter. Differences were tested between NF1 patients and 100 typically developing controls. Compared to controls, children with NF1 demonstrated significantly increased volume measurements in all brain regions (p < 0.001), significantly higher median ADC values in all structures except for the putamen and nucleus accumbens (p < 0.001), and significantly lower median CBF most notable in the cerebral white matter (p < 0.001), globus pallidus (p < 0.001), hippocampus (p < 0.001), amygdala (p < 0.001), and brainstem (p = 0.001). This study measured microstructural and physiologic brain changes in children with NF1 compared to typically developing children. Further studies are needed to elucidate the cellular and molecular basis for these differences. With further refinement, atlas-based quantitative MRI brain signatures may serve as useful biomarkers of neural development, cognitive dysfunction, and risks for vasculopathy-related strokes in children with NF1."
200,"This study aimed to investigate the correlation between electrode location, volume of tissue activated (VTA), and clinical outcomes in patients with isolated generalized dystonia (IGD) undergoing deep brain stimulation (DBS) of the globus pallidus internus (GPi), and to identify predictors of treatment efficacy. A total of 17 IGD patients who received bilateral GPi-DBS at Beijing Tiantan Hospital from January 2016 to December 2021 and had complete follow-up data were enrolled. The follow-up duration ranged from 12 to 60 months. Preoperative 3.0T magnetic resonance imaging (MRI) and postoperative computed tomography (CT) were used for electrode localization. Clinical efficacy was evaluated using the Burke-Fahn-Marsden dystonia rating scale (BFMDRS), including the motor subscale (BFMDRS-M) and disability subscale (BFMDRS-D). Additionally, the Hamilton anxiety scale (HAMA), Hamilton depression scale (HAMD), montreal cognitive assessment (MOCA), and mini-mental state examination (MMSE) were used to assess anxiety, depression, and cognitive function. Demographic, clinical, psychological, and cognitive variables were included in statistical analyses. Results showed that postoperative BFMDRS-M and BFMDRS-D scores were significantly lower than preoperative scores (both <i>P</i> < 0.001), while no significant changes were observed in HAMA, HAMD, MOCA, or MMSE scores. In the Montreal Neurological Institute (MNI) space, the <i>Z</i>-axis coordinates of bilateral active electrode contacts were significantly correlated with the improvement rate of BFMDRS-M (left side: <i>P</i> = 0.004; right side: <i>P</i> = 0.041), with electrode positions closer to the ventral GPi associated with better therapeutic effects. No significant correlation was found between the VTA of the entire GPi or its subregions and BFMDRS-M improvement rate (all <i>P</i> > 0.05). Multivariate linear regression analysis identified preoperative HAMA score as an independent predictor of poor motor outcomes (<i>P</i> = 0.0189). GPi-DBS significantly improves motor function in IGD patients. Precise electrode targeting of the ventral GPi and preoperative assessment and intervention for anxiety symptoms are crucial for optimizing DBS treatment outcomes. This study provides clinical evidence for target selection and efficacy prediction in DBS treatment for IGD patients."
201,"Loss of brain signal complexity can indicate signs of diseases, yet standard scans often miss these patterns. Establishing a high-resolution benchmark of healthy temporal complexity is essential for developing early cerebral biomarkers. To construct a fractal normative reference map of brain complexity, we analyzed high-resolution 7T fMRI scans from 173 healthy adults. We used fractal dimension analysis to map the brain spatiotemporal organization and test its relationship with human intelligence. We discovered a robust physiological gradient, from the globus pallidus (GP) (hub of maximal ""healthy chaos"") to fronto-parietal cognitive networks (which prioritize stability). This architecture predicts fluid intelligence. This study establishes the globus pallidus as the engine of neural flexibility while cortical network underlying cognitive abilities exhibit more regular dynamics, linked with fluid intelligence. These results offer insights to detect the dynamic rigidity that often precedes structural damage in neurological diseases, a hypothesis that requires validation in future clinical studies."
202,"Dopamine D<sub>2/3</sub> receptors are expressed throughout the human brain, but synchronous receptor quantification in subcortical and cortical brain areas remains difficult to achieve with a single radioligand. Here, we assessed the suitability of a bolus plus constant infusion (B/I) paradigm for brain-wide dopamine D<sub>2/3</sub> receptor imaging with the agonist radioligand [<sup>11</sup>C]-(+)-PHNO. Five healthy male volunteers underwent two B/I [<sup>11</sup>C]-(+)-PHNO positron emission tomography (PET) scans combined with a mid-scan intravenous amphetamine challenge. Non-displaceable binding potentials (BP<sub>ND</sub>) were calculated using the equilibrium ratio method and an algorithmically constrained cerebellum as the reference region. Reproducible baseline BP<sub>ND</sub> values were obtained for the majority of regions examined, with intraclass correlation coefficients ranging from 0.5 to 0.93, and test-retest variability remaining below 10%. Moreover, amphetamine-induced decreases in receptor binding were observed in both scans in cortical and a number of subcortical regions. In the globus pallidus and ventral striatum, however, equilibrium had not been reached prior to amphetamine injection, suggesting that further optimization of the protocol might be needed to quantify amphetamine effects in D<sub>3</sub> receptor-rich regions. These results indicate that, within certain limitations, synchronous cortical and subcortical measurements of D<sub>2/3</sub> receptors at baseline and under challenge conditions can be achieved using the B/I approach and [<sup>11</sup>C]-(+)-PHNO PET."
203,"Huntington's disease (HD) is an autosomal dominant neurodegenerative disorder characterized by progressive motor, cognitive, and psychiatric symptoms. While early striatal degeneration is a well-established hallmark, emerging evidence points to broader network-level dysfunction involving the cerebellum and profound alterations in mitochondrial energy metabolism. However, in vivo studies systematically examining region-specific bioenergetic changes across disease stages are scarce. Using <sup>31</sup>Phosphorus magnetic resonance spectroscopic imaging (<sup>31</sup>P-MRSI), we quantified metabolite ratios and absolute concentrations of alpha adenosine triphosphate (ATP-α), phosphocreatine (PCr), and inorganic phosphate (Pi) in the anterior basal ganglia and cerebellum of 31 patients with HD (15 manifest, 16 premanifest) and 19 healthy controls without pathogenic HTT expansion (HC). Basal ganglia (ATP-α + PCr)/Pi and ATP-α/Pi were significantly elevated in premanifest (+10.0% and + 13.9%) and manifest patients (+16.4% and + 19.2%) compared to HC. High-energy phosphate (HEP) levels showed a stage-dependent pattern, with ATP-α PCr and ATP-α elevated in premanifest patients (+7.7% and + 3.9%) and reduced in manifest patients (-7.6% and -12.8%). All metabolite ratios showed no correlation with clinical scores but were inversely associated with subcortical atrophy, particularly in the caudate (rho = -0.327, p = 0.022), putamen (r = -0.372, p = 0.008), and globus pallidus (r = -0.327, p = 0.022). These findings reveal stage-dependent, region-specific alterations in HEP metabolism in patients with HD. The observed changes in the brain energy metabolism precede motor symptoms and are linked to structural atrophy rather than symptomatic burden, supporting the potential of <sup>31</sup>P-MRSI as a sensitive in vivo biomarker of bioenergetic dysfunction in HD."
204,"Zech-Boesch syndrome (DYT31 or DYT-AOPEP) is a rare autosomal recessive form of dystonia caused by bi-allelic loss-of-function variants in the AOPEP gene. It typically presents as early-onset, progressive, and frequently drug-resistant dystonia. Although Deep Brain Stimulation (DBS) of the Globus Pallidus internus (GPi) has demonstrated encouraging outcomes in other monogenic dystonias, evidence in DYT-AOPEP remains limited. We report the case of a patient with DYT-AOPEP, providing detailed clinical, genetic, and therapeutic characterization, along with long-term follow-up after DBS implant. A 38-year-old Moroccan man developed dystonia at age 12, initially involving the right lower limb and subsequently generalizing, with prominent cranio-cervical, axial, and appendicular involvement, as well as tremor and choreiform features. Pharmacological treatments proved ineffective, whereas bilateral GPi-DBS, performed at age 21, resulted in sustained motor improvement. Thirteen years later, a sudden clinical worsening due to device malfunction necessitated revision of the neurostimulation system. Following DBS replacement and reprogramming, the patient achieved renewed marked clinical improvement over a two-year follow-up period, with a 41.7% reduction in the Burke-Fahn-Marsden Dystonia Rating Scale motor score (BFMDRS-M), from 48 to 28. The most notable benefits were observed in limb and trunk dystonia; tremor resolved completely, and gait and functional autonomy improved. Genetic analysis identified a rare homozygous nonsense variant in AOPEP (c.617dup p.Tyr206∗). This case broadens the phenotypic spectrum of DYT-AOPEP and represents the first genetically confirmed patient of African origin. It also provides the longest reported follow-up of GPi-DBS, supporting its sustained long-term efficacy in AOPEP-related dystonia."
205,"<b>Background:</b> Parkinson's Disease (PD) is a multisystem neurodegenerative disorder associated with cognitive and emotional disturbances, including visuospatial deficits and alexithymia, which may substantially affect quality of life (QoL). The metabolic underpinnings of non-motor and emotional features within deep basal ganglia nuclei remain poorly understood. This exploratory proof-of-concept study aimed to examine <sup>1</sup>H-MRS-derived metabolite ratios in the substantia nigra (SN) and globus pallidus (GP) and to explore their preliminary associations with visuospatial-attentional abilities and alexithymia. <b>Methods:</b> Fifteen individuals with PD and 15 healthy controls (HCs) underwent Proton Magnetic Resonance Spectroscopy (<sup>1</sup>H-MRS) targeting the SN and GP bilaterally. Metabolite ratios were quantified with LCModel and analyzed as left, right, and hemisphere-averaged measures. PD participants completed a multidisciplinary assessment including motor severity, cognition, visuospatial abilities, mood and alexithymia. Multiple testing was controlled using false discovery rate (FDR). Given the between-group imbalance in age and education, exploratory covariate-adjusted sensitivity analyses were also performed. <b>Results:</b> PD participants were older, less educated, and showed lower global cognition than HCs, including significantly reduced MoCA scores (20.9 ± 6.6 vs. 28.7 ± 1.8; FDR-corrected <i>p</i> < 0.001). In uncorrected analyses, between-group metabolite comparisons showed lower myo-inositol (Ins) in the SN (<i>p</i> = 0.04) and higher glutamatergic signal in the right GP in PD relative to HCs (<i>p</i> = 0.03); however, these differences were not robust after adjustment for age, education and multiple testing. Within the PD group, an uncorrected right-left asymmetry was observed for pallidal Ins. Exploratory correlations suggested uncorrected associations between SN metabolites and alexithymia dimensions related to emotional awareness and verbalization, whereas GP metabolites were more frequently associated with selected visuospatial, attentional, language-related, and broader cognitive measures. None of these associations survived FDR correction. <b>Conclusions:</b> This exploratory proof-of-concept study provides preliminary feasibility data and effect-size estimates for future <sup>1</sup>H-MRS investigations of basal ganglia metabolites in PD. Given the small sample size, lack of cognitive matching, age and education imbalance, and absence of correction-surviving associations, the findings should not be interpreted as evidence of PD-specific neurometabolic markers. Larger, prospectively matched, and adequately powered studies are needed."
206,"The external segment of the globus pallidus contains distinct neuronal subtypes, primarily classified as prototypical and arkypallidal neurons, which exhibit different anatomical, electrophysiological, and functional properties. This cellular heterogeneity plays a central role in shaping basal ganglia activity under both physiological and pathological conditions, including neurodegenerative disorders such as Parkinson's disease. Alterations in intrinsic membrane conductances, particularly leak and hyperpolarization activated cyclic nucleotide-gated (HCN) currents, have been implicated in abnormal neuronal excitability and dysfunctional circuit dynamics. In this study, we used a Hodgkin-Huxley-like computational model to investigate how variations in leak ([Formula: see text]) and HCN ([Formula: see text]) conductances shape the intrinsic dynamics of these pacemaker neuronal subtypes. By systematically exploring the [Formula: see text] parameter space, we characterized key electrophysiological features, including firing rate, sag ratio, and trough potential, and constrained these responses using experimental benchmarks. We then introduced an intersection-based methodology to identify subsets of conductance values that simultaneously satisfy multiple physiological constraints. Within this constrained space, we uncovered a robust inverse relationship between [Formula: see text] and [Formula: see text], defining a low-dimensional solution manifold that captures coordinated interactions between these conductances. This manifold preserves physiological excitability through balanced adjustments in ion channel properties, consistent with experimental observations and the principle of ion channel degeneracy. Importantly, deviations from this regime provide a mechanistic framework to understand how imbalances in [Formula: see text] and [Formula: see text] may drive to abnormal excitability and pathological dynamics in basal ganglia circuits. Overall, this work establishes a quantitative link between intrinsic conductance regulation and neuronal function, offering a framework to investigate how disruptions in these mechanisms may contribute to neurodegenerative conditions."
207,"Precise intraoperative localisation of subcortical brain structures remains a critical challenge in deep brain stimulation, yet openly available microelectrode recording datasets are scarce. We present a dataset of 6,646 processed MER recordings from 132 patients with neurological disorders, including Parkinson's disease, dystonia, Huntington's disease, epilepsy and others, acquired during DBS procedures. Signals were band-pass filtered and cleaned using an automated machine learning-based artifact rejection pipeline; annotation quality was confirmed by independent review. In addition an experienced electrophysiologist annotated representative examples of three basal ganglia structures encountered along the electrode trajectories: striatum/putamen, external globus pallidus (GPe), and internal globus pallidus (GPi). The dataset, released together with the full processing pipeline and metadata, is intended to support semi-supervised subcortical structure classification, pathological neuronal activity analysis, and the development of novel DBS targeting methods."
208,"To delineate the developmental trajectories of basal ganglia nuclei in neonates using quantitative susceptibility mapping (QSM) and R2* imaging, and to dissect the respective contributions of gestational age (GA), postmenstrual age (PMA), and postnatal age (PNA) as well as the impact of prematurity. 115 neonates (66 preterm, 49 term) underwent MRI at PMA 36-44.1 weeks. QSM and R2* were extracted from basal ganglia nuclei. Associations between imaging metrics and PMA, GA, and PNA were analyzed. Preterm-term comparisons and preterm subgroup analyses were performed. QSM and R2* values in the caudate nucleus (CN), globus pallidus (GP), and putamen (PUT) showed positive correlations with GA but negative correlations with PNA in all neonates and preterm neonates. CN R2* was negatively correlated with PMA in all neonates. PUT and GP R2* were positively correlated with PMA in all neonates. Compared with term neonates, preterm neonates demonstrated lower QSM and R2* in the CN, PUT, and GP. Among preterm neonates, those born at GA ≤ 34 weeks had significantly lower CN R2* than those born at 34-37 weeks. Basal ganglia maturation demonstrates nucleus-specific and time-dependent characteristics. Prematurity represents not a simple developmental delay but an alteration of the normative maturational tempo."
209,"The pathophysiology of psychosis remains unclear. Preclinical, postmortem, and imaging evidence implicates iron and neuromelanin abnormalities, but the consistency and magnitude of effects are uncertain. The authors characterized brain iron and neuromelanin alterations in psychosis through a systematic review and meta-analysis of iron-sensitive MRI and neuromelanin-sensitive MRI (NM-MRI) studies. The authors searched Embase, PubMed, and PsycINFO from inception to October 31, 2025, for case-control studies using iron-sensitive MRI or NM-MRI in patients with psychosis. They used random-effects models to calculate effect sizes (Hedges' g) and meta-regressions to examine clinical confounders. The primary outcomes included effect sizes for NM-MRI and iron-sensitive MRI measures: transverse relaxation rate (R2), effective transverse relaxation rate (R2*), and quantitative susceptibility mapping (QSM). Twenty-seven reports including 879 individuals with psychosis and 813 control subjects were analyzed. Meta-analyses were conducted across the caudate nucleus, putamen, globus pallidus, thalamus, and substantia nigra. Patients with psychosis showed significantly lower R2* across all examined regions (g values, -0.40 to -0.27), lower QSM values in the substantia nigra (g=-0.61, 95% CI=-0.84, -0.38), lower R2 in the caudate nucleus (g=-0.30, 95% CI=-0.56, -0.04), and higher NM-MRI values in the substantia nigra (g=0.39, 95% CI=0.23, 0.55). However, this effect was correlated with antipsychotic dosage (β=0.001, 95% CI=0.0003, 0.0018). Psychosis is associated with lower subcortical iron-sensitive MRI values, most prominently in the substantia nigra, alongside higher nigral NM-MRI values, which index neuromelanin-bound iron in dopamine neurons. Antipsychotic exposure may contribute to higher NM-MRI values, but confounding by indication cannot be excluded, highlighting the need for longitudinal studies. These findings suggest that while subcortical iron is lower overall in psychosis, neuromelanin-bound iron is increased within dopamine neurons. Investigating the mechanisms underlying these iron alterations may provide new treatment targets."
210,"Parkinson's disease (PD) is a progressive neurodegenerative disorder with significant variability associated with substantial loss of dopaminergic neurons in the substantia nigra. Currently, there are limited opportunities for intervention. There is a lack of reliable biomarkers to identify patients with PD, which poses a challenge for clinicians. In this review, recent advances in PD biomarker research, including genomic, epigenomic, proteomic, and non-coding RNA, will be highlighted, with particular emphasis on integrating omics for precision medicine. In addition, the current understanding of PD pathogenesis will be covered, including the root cause of familial and sporadic PD, as well as other significant contributing pathogenic events such as the formation of α-synuclein aggregates, mitochondrial dysfunction, autophagy, oxidative stress, and neuroinflammation. Recent progress in proteomic biomarkers, including cerebrospinal fluid and blood biomarkers such as α-synuclein, Neurofilament-Light-Chain, and dopamine-associated proteomics, will be reviewed for their utility. Merging evidence on non-coding RNAs, including microRNAs, long non-coding RNAs, circular RNAs, and piRNAs, further supports the notion of non-coding RNAs' regulatory functions in PD pathogenesis and their potential as non-invasive biomarkers. Lastly, strategies that integrate multi-omics data through systems biology, machine learning, and artificial intelligence are presented as viable approaches to support improved patient diagnosis and stratification, as well as the identification of new drug targets for PD. However, challenges related to heterogeneity, reproducibility, and clinical translation continue to limit the implementation of multi-omics biomarkers in PD. Overall, integrative multi-omics approaches combined with advanced computational strategies may provide a more comprehensive framework for early diagnosis, patient stratification, and the development of disease-modifying therapies in PD."
211,"Cortical and subcortical alterations in brain intrinsic function have been widely reported in Parkinson's disease (PD). However, sex differences in brain intrinsic function in PD are poorly understood. This study aimed to examine sex differences in spontaneous brain intrinsic function in PD and their associations with neuropsychological measurements. Using Parkinson's Progression Markers Initiative (PPMI) resting-state fMRI, we compared amplitude of low-frequency fluctuations (ALFF) between male and female PD patients in substantia nigra (SN), globus pallidus (GP) and whole-brain. Subgroup analysis was performed, matching demographics with equal sample sizes. ALFF correlations with behavior were assessed by sex. Female PD patients demonstrated higher ALFF in the right SN compared to males in the primary analysis. This sex difference achieved statistical significance in the demographics-matched subgroup analysis. Bilateral premotor ALFF was significantly elevated in female patients relative to males, independent of brain structure. Furthermore, right premotor ALFF showed a preliminary positive trend associated with visuospatial function exclusively in female PD patients. Female PD patients exhibit distinct functional signatures, primarily involving elevated premotor fluctuations and a preliminary premotor-visuospatial association. Preliminary SN alterations were also noted. These findings highlight the necessity of sex-stratified neuroimaging and provide preliminary support for premotor ALFF as a potential sex-divergent functional signature associated with cognitive profiling in female patients with PD."
212,"Evidence links multiple environmental contaminants to an increased risk of Parkinson's disease (PD), yet the identification of PD-relevant pesticides, particularly their combined effects, remains largely unexplored. Herein, we found that subacute exposure to the macrocyclic lactone abamectin or emamectin benzoate via ingestion induced PD-like motor dysfunction and dopaminergic neurodegeneration in mice. These adverse effects were associated with excessive α-synuclein aggregation, dopamine depletion, dopaminergic neuron loss, mitochondrial degeneration, mitochondrial membrane depolarization, and inflammatory responses in the substantia nigra/striatum, and this pathological profile resembled that induced by the known PD toxicant rotenone. We therefore used SH-SY5Y cells to further examine the combined effect of their coexposures and observed potential synergistic/additive effects <i>in vitro</i>. Integrated Biomarker Responses version 2 (IBRv2) analysis identified mitochondrial dysfunction as a key event underlying combined cytotoxicity. Multiomics analyses of differentially abundant metabolites and proteins suggested that the combined cytotoxicity is associated with mitochondrial Ca<sup>2+</sup> overload, extracellular matrix-receptor interactions, ferroptosis, reactive oxygen species accumulation, and mitogen-activated protein kinase (MAPK) signaling, which may collectively contribute to oxidative stress and mitochondrial metabolic dysfunction. These findings offer updated insights into pesticide risks and guidance for pesticide reasonable application."
213,"Parkinson's disease (PD) is characterized by progressive degeneration of <i>substantia nigra pars compacta</i> (SNc) dopaminergic (DA) neurons and the development of motor and non-motor impairments. Mitochondrial dysfunction, exacerbated by aging and environmental exposures, is a central contributor to PD pathogenesis. Nicotinamide riboside (NR), a dietary precursor of nicotinamide adenine dinucleotide (NAD⁺), enhances cellular bioenergetics and mitochondrial health, yet its translational potential for PD remains insufficiently defined. We used a ""double-hit"" PD mouse model combining A53T α-synuclein overexpression in SNc DA neurons with chronic dietary benomyl exposure. Mice received continuous NR supplementation in drinking water. Motor behavior was monitored longitudinally using open-field and rotarod assays. Striatal dopamine dynamics were quantified using genetically encoded fluorescent dopamine sensors to measure tonic and optogenetically evoked dopamine release. In vivo ATP/ADP ratios were measured in DA neurons and striatal spiny projection neurons (SPNs) using fiber photometry of the ratiometric sensor PercevalHR. Chronic NR supplementation markedly improved motor performance in double-hit PD mice, despite failing to prevent SNc DA neuron degeneration. NR robustly increased both tonic and stimulus-evoked striatal dopamine release in control and PD mice. Additionally, NR elevated ATP/ADP ratios across multiple neuronal populations, indicating enhanced mitochondrial energetic capacity. NR supplementation enhances DA neurotransmission and mitochondrial bioenergetics in vivo, conferring functional benefits that occur independently of DA neuron survival. These findings identify metabolic augmentation via NR as a promising adjunctive strategy for mitigating PD-related functional deficits."
214,"Parkinson's disease (PD) is a progressive neurodegenerative disorder that severely affects motor and cognitive functions, making early and accurate diagnosis crucial for effective clinical management. This research introduces the high-frequency substantia nigra and ventral tegmental area fusion network (HF-SNVTA-FusionNet), a robust EEG-based PD detection framework. The system employs independent component analysis (ICA) for artifact removal, multi-domain feature extraction (time, frequency, and time-frequency), and principal component analysis (PCA) for dimensionality reduction, followed by a CNN-BiGRU-multi-head self-attention (MHSA) classification pipeline. Specifically, CNN captures local spatial patterns, BiGRU models bidirectional temporal dependencies, and MHSA refines salient features, enabling improved discrimination between PD and healthy EEG signals. Experiments on three benchmark datasets (UI, PDG, and USDRS) demonstrate superior performance, achieving accuracies of 100%, 98.89%, and 98.15% within the 50-70 Hz band using 64 PCA features. Comparative evaluation confirms its advantage over existing state-of-the-art models. The proposed system holds strong potential for real-world PD screening and can be extended to cognitive task-based EEG analysis and low-power hardware deployment."
215,"Although a differential vulnerability of dopaminergic neurons to degeneration based on their specific location within the dorsal and ventral tiers of the substantia nigra pars compacta (SNcD and SNcV, respectively) has long been postulated, the underlying mechanisms sustaining these tier-specific differences remain poorly understood. Here, upon inducing a viral-mediated enhancement of neuromelanin (NMel) accumulation within dopaminergic neurons in non-human primates, the distribution of Lewy body-like inclusions (LBs) was analyzed within identified SNcD and SNcV neurons, together with their intracellular NMel levels. Results showed that the vast majority of intracytoplasmic inclusions were found in SNcV neurons, and indeed correlated to higher pigmentation levels. By contrast, only very few LBs were found in calbindin-positive neurons of the SNcD, which in parallel exhibited very low levels of NMel accumulation. These results postulate an additive effect made of a tier-specific location of LB burden together with high pigmentation levels as synergistic drivers sustaining the preferential vulnerability of SNcV dopaminergic neurons. Moreover, the evidence obtained here supported that NMel accumulation beyond a given threshold triggers the aggregation of endogenous α-Syn in the form of LBs; therefore, approaches intended to reduce pigmentation levels in SNcV neurons would likely induce a neuroprotective effect by preventing the subsequent aggregation of α-Syn."
216,"Parkinson's disease (PD) still lacks therapies that can simultaneously improve symptoms and slow neurodegenerative progression, making the screening of natural products with well‑defined mechanisms of action a promising strategy. The biflavonoid amentoflavone (AMF), which is present in plants including Ginkgo biloba L., has been shown to exert neuroprotective effects in PD models. However, its direct protein target remains unidentified. This study aimed to investigate the anti‑parkinsonian activity of AMF and to elucidate its potential direct target and molecular mechanisms. A multidisciplinary integrated strategy was employed. The protective effects of AMF on motor function and dopaminergic neurons were evaluated in MPTP-induced zebrafish and mouse models of PD. Potential target identification and signaling pathway analysis were performed by integrating multi-source target prediction, machine-learning-based reverse virtual screening, and transcriptomic analysis of the substantia nigra (SN) from AMF-treated mice. Compound-target interactions were validated using molecular docking, molecular dynamics simulations, and biophysical techniques including cellular thermal shift assay (CETSA), solvent-induced precipitation (SIP), and fluorescence correlation spectroscopy (FCS). Furthermore, immunofluorescence staining was conducted on mouse substantia nigra brain sections, signaling pathway validation was carried out at the cellular level, and siRNA interference was employed for in vitro target validation. AMF significantly improved motor deficits, alleviated neuroinflammation, and protected dopaminergic neurons in the substantia nigra in both zebrafish (100, 200, and 400 µM) and mouse models (15, 30, and 60 mg/kg, i.p.). Integrated machine‑learning screening and transcriptomic correlation analysis identified the dopamine D3 receptor (D3R) as a key target of AMF, with the model showing excellent classification performance (Voting Classifier AUC: 0.99). Molecular docking and dynamics simulations revealed that AMF stably binds to the orthosteric pocket of D3R. CETSA, SIP, and FCS experiments confirmed the stable binding and specific antagonistic activity of AMF toward D3R, with Asp110 and Tyr373 identified as critical binding residues. Furthermore, transcriptomic analysis combined with GO and KEGG enrichment suggested that beyond direct D3R antagonism, AMF may exert synergistic neuroprotective effects by targeting the PI3K/Akt signaling axis. Critically, D3R knockdown abolished the protective effects of AMF against MPP⁺-induced injury in vitro. This study systematically demonstrates for the first time that the natural biflavonoid AMF is a structurally novel D3R antagonist with anti‑parkinsonian potential. The work establishes and validates an integrated ""computational prediction - experimental verification"" framework for natural product target discovery, providing a new lead compound and a methodological paradigm for PD drug development."
217,"Inflammatory bowel disease (IBD) predisposes to neuropsychiatric comorbidity and increases the risk of Parkinson's Disease (PD). Although the gut-immune-brain axis was proposed as a link between IBD and PD and a driver of PD immunopathogenesis, the regional pattern and single-cell landscape of the brain immune response during colitis and its contribution to PD pathology remain poorly defined. Here, we observe a loss of dopaminergic neurons and synuclein pathology in the substantia nigra pars compacta of adult mice with chronic colitis. By confocal microscopy and integrated multi-omics, we reveal a complex midbrain-specific immune response to chronic colitis. Single-cell mapping of the midbrain immune landscape showed an inflammatory shift of microglial clusters including an expansion of interferon-response microglia, CD8<sup>+</sup> T cell extravasation, and increased numbers of vessel-associated neutrophils. Selective myeloid cell depletion using a colony stimulating factor 1 receptor (Csf1r) inhibitor after colitis onset reduced midbrain microglia by 67% and led to a complete rescue of dopaminergic neuron loss, without affecting mucosal pathology or T cell and neutrophil migration to the midbrain. Collectively, within the complex midbrain immune response to chronic colitis, we demonstrate a causal role of Csf1r-dependent myeloid cells for dopaminergic neurodegeneration. Thus, Csf1r inhibition in IBD may not locally ameliorate colitis, but provide neuroprotection to dopaminergic neurons.These results reveal a novel cellular link between chronic gut-derived peripheral inflammation and midbrain vulnerability and thereby substantially enhance our understanding of the risk for PD related to the gut-immune-brain axis."
218,"To develop and validate an interpretable machine learning model based on multicenter T1-weighted MRI radiomics data for the three-way classification of Parkinson's disease (PD)-Normal (NM), early-stage, and mid-late-stage-and to clarify the diagnostic value of key cortical nuclear features, with further elucidation of the molecular basis through proteomic association analysis. A total of 200 patients from multiple centers were included and divided into a training set (n = 76), an internal validation set (n = 33), and an external validation set (n = 91). Six core nuclei, including the caudate nucleus (CN), putamen (PUT), globus pallidus (GP), red nucleus (RN), substantia nigra (SN), and nucleus accumbens (NAc), were segmented using the DKT template. A total of 107 radiomics features were extracted per nucleus. After a three-step dimension reduction (variance thresholding, univariate selection, and multi-class LASSO), key features were identified. Five machine learning models were constructed. Model performance was evaluated using micro/macro-AUC and accuracy (ACC). SHAP analysis was employed to reveal the contribution of specific features to the diagnostic process. Additionally, proteomic analysis was performed on a subset of patients from Center 1 to screen for differentially expressed proteins among groups, and correlation analysis between DEPs and key radiomic features was conducted to explore biological mechanisms. Nine key features were finally selected, predominantly consisting of gray-level non-uniformity within the PUT. The GBT model performed optimally, with macro-AUC/micro-AUC of 0.890/0.902 in the internal validation set and 0.876/0.869 in the external validation set, respectively. SHAP analysis indicated that the NM group primarily relied on texture features of the PUT and NAc; early-stage PD was characterized by structural changes in the GP and PUT; and mid-late-stage PD was correlated with features from the SN and RN. Proteomic analysis identified 514 DEPs between early PD and controls (411 upregulated, 103 downregulated), which were enriched in cytoskeletal and immune pathways (FDR < 0.05), and 123 DEPs between mid-to-late and early PD (26 upregulated, 97 downregulated), which were enriched in proteasome and neurodegeneration pathways (FDR < 0.05). Multiple significant correlations between key radiomic features and DEPs were identified (all FDR-corrected P < 0.01), including original_gldm_DependenceNonUniformity_PUT with HGFAC (r = 0.510), original_ngtdm_Contrast_GP with PLAT (r = 0.453), and original_glrlm_RunEntropy_GP_QSM with both ASPN (r = 0.62) and TFPI (r = - 0.58). Interpretable machine learning models based on multicenter T1-weighted nuclear radiomics features can accurately diagnose and stage PD. Integration of radiomics and proteomics enhances model interpretability by linking imaging features to underlying biological mechanisms, providing an objective imaging basis for clinical practice and exhibiting strong generalizability and potential for clinical translation."
219,"Parkinson's disease (PD) is a neurological condition with the fastest rise in prevalence globally; it affects over 10 million people and is currently incurable. Originally considered purely a disorder of the dopaminergic nigrostriatal pathway, PD is increasingly recognized as a complex pathology affecting different cell types and multiple brain regions beyond substantia nigra of midbrain. These findings call for new conceptual approaches to translational research in PD which would aim to restore functions of multiple cell types. We previously demonstrated a decrease in astrocytic connexin43 (Cx43) protein in human late-stage idiopathic PD, but its functional consequences remain unknown. In the present work we hypothesized that the key etiologies relevant to human idiopathic PD include inflammation and α-synuclein aggregation, which were applied to a number of model systems ranging from rat and human cultured astrocytes, co-cultures, and rat models of PD. We report that these challenges structurally and functionally disrupt astrocytic networks comprised of Cx43-containing gap junctions (GJs) in astrocytes from multiple brain regions and across species (rat, human), and that Cx43 is downregulated in α-synuclein pre-formed fibril-induced rat PD models. Causal rather than correlational roles of Cx43 dysfunction in PD pathology are suggested as experimental downregulation of Cx43 with shRNA dysregulates calcium signaling and exacerbates α-synuclein aggregation, while pharmacological preservation of GJs (and possible hemichannel closure) using a Cx43-modulating compounds danegaptide (GAP-134, ZP1609) reduces aspects of pathology induced by inflammation and α-synuclein in vitro and in vivo. Cx43 may therefore represent a new therapeutic target for disease modification in PD."
220,"Parkinson's disease (PD) is characterized by the progressive degeneration of dopaminergic neurons, leading to motor and non-motor symptoms. Current therapeutic options for PD have limited efficacy and cause significant side effects, necessitating the development of novel therapeutic strategies. In this study, we investigated the neuroprotective effects of cortex of Albizia julibrissin Durazzini (AC) and stems and branches of Uncariae rhynchophylla (Miq.) Miq. (UR), individually and in combination, in cellular and animal models of PD. We evaluated the neuroprotective effects of water extract of AC and UR individually in 6-OHDA-treated PC12 cells using MTT assay. Combination index (CI) analysis was employed to determine the optimal AC:UR ratio for synergistic effects. The bioactivity of individual herbs and their optimized combination was assessed in 6-OHDA-lesioned mice through behavioral tests (pole, rotarod, and apomorphine-induced rotation) and immunohistochemical analysis of dopaminergic neurons in the striatum and substantia nigra pars compacta. Both herbal remedies exhibited neuroprotective effects in 6-OHDA-treated PC12 cells. A 2:1 ratio of AC to UR yielded the most potent synergistic neuroprotective effect (CI = 0.38459), significantly improving motor function in 6-OHDA-lesioned mice. Immunohistochemical analysis revealed that the 2:1 AC-to-UR combination significantly protected dopaminergic neurons against 6-OHDA-induced neurodegeneration with efficacy comparable to or exceeding standard levodopa/benserazide treatment. Our findings establish a foundation for developing multi-target therapies based on natural products that may offer comprehensive neuroprotection with potentially fewer side effects than conventional pharmaceuticals."
221,"Aerobic exercise improves motor dysfunction in Parkinson's disease (PD), but the striatal cell-type-specific mechanisms underlying this effect remain incompletely understood. Here, we investigated whether altered total extracellular signal-regulated kinase (ERK) expression and Mapk1/3-associated functional changes in dorsolateral striatal dopamine D2 receptor-expressing medium spiny neurons (D2-MSNs) are associated with exercise-related functional recovery in 1-methyl-4-phenyl-1,2,3,6-tetrahydropyridine (MPTP)-induced parkinsonian mice. Mice underwent four weeks of moderate-intensity treadmill training, followed by behavioral assessment, tyrosine hydroxylase (TH) immunohistochemistry, ERK/PENK immunofluorescence, D2-Cre/DIO-shRNA-mediated Mapk1/3 knockdown, qRT-PCR, and whole-cell patch-clamp recordings. Compared with control mice, MPTP-treated mice showed reduced locomotor activity, shortened stride length, fewer TH-positive neurons in the substantia nigra pars compacta, increased total ERK/PENK double-positive cells in the dorsolateral striatum, and enhanced D2-MSN excitability and excitatory synaptic input. Compared with sedentary MPTP-treated mice, exercise improved open-field and gait performance, increased TH-positive neuronal counts, reduced ERK/PENK double-positive cells, and attenuated D2-MSN hyperexcitability and excessive spontaneous excitatory postsynaptic current frequency and amplitude. Cell-type-targeted Mapk1/3 knockdown reduced Mapk1 and Mapk3 mRNA expression and produced behavioral, histological, molecular, and electrophysiological effects similar to exercise. Combining Mapk1/3 knockdown with exercise did not further enhance these outcomes relative to exercise with scramble control, supporting a non-additive pattern consistent with overlapping Mapk1/3-associated functional mechanisms. Honokiol-based pharmacological perturbation provided additional supportive functional evidence, although these findings were interpreted cautiously because honokiol is pharmacologically pleiotropic and cannot be used to infer ERK activation. Together, these results suggest that modulation of total ERK expression and Mapk1/3-associated functional abnormalities in dorsolateral striatal D2-MSNs may contribute to exercise-associated motor improvement in MPTP-induced parkinsonian mice."
222,"Parkinson's disease (PD) is a progressive neurodegenerative disorder characterized by motor dysfunction. The main pathological manifestations are abnormal accumulation of α-synuclein (α-Syn) in substantia nigra neurons and loss of dopaminergic neurons (DAn). Gastrointestinal (GI) symptom is one of the common non-motor symptoms in PD. It is known that the brain and gut communicate via the parasympathetic nerves and the enteric nervous system (ENS), forming a bidirectional pathway called the gut-brain axis. Dysbiosis of the gut microbiota may be a key driver in the origin and pathological progression of PD, playing an important role in the spread of pathological α-Syn to the central nervous system (CNS) and thereby promoting the progression of PD. This article reviews the mechanism of gut microbiota dysbiosis in the pathogenesis and progression of PD, including its effects on intestinal barrier integrity, neuroinflammation, and pathological α-Syn transmission, and discusses the diagnosis and therapeutic strategies targeting the gut-brain axis, including microbiota transplantation, vagus nerve stimulation, Toll-like receptor 4 (TLR4) antagonists, exercise training, <i>etc</i>., providing new insights for the diagnosis and treatment of PD."
223,"The synaptic vesicle protein SV2C, predominantly found in the basal ganglia, has been associated with Parkinson's disease through genetic studies. It plays a crucial role in regulating dopamine release and has been shown to be disrupted in PD animal models and brain tissues from PD patients. In the context of PD-related synaptopathy, SV2C may serve as a potential imaging target for monitoring disease progression and response to treatment. [<sup>18</sup>F]UCB-F is a radioligand binding to SV2C developed by UCB. Preliminary autoradiography and PET studies in rats showed that [<sup>18</sup>F]UCB-F displays a brain distribution consistent with the expression of SV2C <i>in vitro</i> but does not display any specific binding <i>in vivo</i>. This study was therefore designed to further investigate the affinity and selectivity of [<sup>18</sup>F]UCB-F for SV2C and to examine the <i>in vitro</i> and <i>in vivo</i> properties of the radioligand in nonhuman primates. <i>In vitro</i> binding studies were performed to measure the affinity of UCB-F to SV2A, SV2B, and SV2C. In-silico modeling was used to assess the binding mode and energy of UCB-F. Autoradiography studies on rat and nonhuman primate (NHP) brain tissues were performed to confirm that [<sup>18</sup>F]UCB-F showed similar distribution in rat and NHP tissue. Finally, PET studied in NHPs were performed to examine the <i>in vivo</i> pharmacokinetic properties of [<sup>18</sup>F]UCB-F. [<sup>18</sup>F]UCB-F was successfully synthesized from the corresponding precursor with high yield. Autoradiography on brain slices from rats and NHPs demonstrated specific binding of [<sup>18</sup>F]UCB-F in the pallidum, striatum, substantia nigra, and brainstem, consistent with the known brain expression of SV2C. In NHPs, [<sup>18</sup>F]UCB-F rapidly crossed the blood-brain barrier, reaching peak uptake values of 2.8%ID in NHP1 and 2.1%ID in NHP2 at 4 min postinjection. The tracer was rapidly washed out from the brain, with no clear regional distribution. Radiometabolite analysis revealed the formation of only more polar radiometabolites, with approximately 15% of unchanged radioligand remaining in plasma at 15 min postinjection. <i>In vitro</i> and <i>in-silico</i> studies demonstrated that the affinity of [<sup>18</sup>F]UCB-F decreased by approximately one factor of magnitude with increase of temperature from 277 K (4 °C) to 310 K (37 °C). This temperature-related decrease of the affinity for SV2C together with rapid <i>in vivo</i> radiometabolism might explain the discrepancy between <i>in vitro</i> and <i>in vivo</i> performance of [<sup>18</sup>F]UCB-F. Overall, these findings suggest that [<sup>18</sup>F]UCB-F is not a suitable PET radioligand for imaging SV2C. Further research is needed to identify alternative candidates with improved in vivo stability and brain retention."
224,"Parkinson's disease (PD) is defined by the progressive degeneration of dopaminergic neurons within the substantia nigra and the pathological accumulation of α-synuclein (α-syn) aggregates. Beyond these intracellular hallmarks, the extracellular matrix (ECM) has emerged as an active regulator of synaptic dysfunction, neuroinflammation, and disease progression. Recent multi-omics evidence, including transcriptomic and proteomic profiling of post-mortem tissue and iPSC-derived neurons, demonstrates consistent dysregulation of ECM components across both sporadic and genetic PD subtypes-typified by downregulation of basement membrane collagens (COL4A) and integrin signaling (ITGB1), alongside upregulation of matrix metalloproteinases (MMPs). These alterations destabilize perineuronal nets (PNNs), allow prion-like α-syn propagation, and promote glial activation through TLR-mediated signaling. Circulating ECM-derived neoepitopes (C1M, C4M) may complement neurofilament light chain as prognostic biomarkers of disease progression, although prospective validation remains necessary. Pharmacological strategies targeting MMP activity (e.g., doxycycline), integrin-FAK signaling (ATN-161), and MMP-TIMP balance (mesenchymal stem cells) represent emerging therapeutic avenues, though clinical evidence in PD remains limited. This review synthesizes current evidence on ECM dysregulation in PD and discusses its implications for biomarker development and disease-modifying intervention."
225,"<b>Background/Objectives:</b> Rotenone (RT)-induced neurotoxicity is widely used to model Parkinsonism-like nigrostriatal injury and recapitulates several PD-relevant pathological features, including oxidative stress, mitochondrial dysfunction, neuroinflammation, and dopaminergic neurochemical disturbance. Loganin (LG), an iridoid glycoside isolated from <i>Cornus officinalis</i>, has been reported to possess antioxidant, anti-inflammatory, anti-apoptotic, and neuroprotective properties. However, its protective effects in a unilateral stereotaxic RT lesion model have not been fully elucidated. This study aimed to investigate the neuroprotective potential of LG against RT-induced Parkinsonism-like pathology in rats and to explore the possible involvement of antioxidant-related signaling mechanisms. <b>Methods:</b> Adult male Wistar rats were randomly assigned to twelve experimental groups (<i>n</i> = 8/group), including control, sham, RT, sham + LG, RT + LG, RT + trigonelline (TG) + LG, and RT + selegiline (SL). RT was stereotaxically injected once into the right substantia nigra pars compacta (SNpc) on Day 0 to induce unilateral nigrostriatal injury. LG was administered orally once daily from Day 1 to Day 21 at doses of 3, 10, and 30 mg/kg. TG was given intraperitoneally 30 min before LG treatment, while SL served as a reference antiparkinsonian drug. Behavioral assessments and biochemical analyses were conducted to evaluate motor dysfunction, oxidative and nitrosative stress, endogenous antioxidant status, mitochondrial dysfunction, inflammatory and apoptotic responses in the SNpc, and striatal catecholamine disturbances. <b>Results:</b> RT lesioning produced significant motor deficits, oxidative and nitrosative stress, depletion of endogenous antioxidant defenses, mitochondrial dysfunction, inflammatory and apoptotic activation in the SNpc, and abnormalities in striatal catecholamine levels. LG treatment significantly attenuated these pathological changes, with more pronounced protective effects observed at 10 and 30 mg/kg. Co-administration of TG partially weakened the beneficial effects of LG, suggesting the possible involvement of antioxidant defense-related signaling while not providing direct proof of a single pathway. SL also ameliorated RT-induced behavioral and biochemical abnormalities. <b>Conclusions:</b> These findings suggest that LG confers multi-target neuroprotective effects against RT-induced Parkinsonism-like features in rats. The protective actions of LG were associated with attenuation of oxidative stress, mitochondrial dysfunction, neuroinflammation, apoptosis, and catecholaminergic disturbances. Because the pathway analysis remains pharmacological and indirect, additional studies using direct molecular validation are warranted before LG can be considered a disease-modifying candidate for PD-related neurodegeneration."
226,"Environmental exposure to neurotoxicants during critical developmental windows may program long-term susceptibility to neurodegenerative diseases such as Parkinson's disease. Here, we investigated whether rotenone exposure during neurodevelopment induces a more severe Parkinsonian phenotype during aging than adult-onset exposure. Wistar rats were exposed to rotenone (1 mg/kg/day) either during gestation and lactation or from postnatal day 60 to 102. Motor performance was assessed longitudinally, and neurobiological analyses were conducted at 12 months of age. Developmental rotenone exposure induced persistent and severe motor deficits from early adulthood, whereas adult exposure resulted in a progressive phenotype. These alterations were accompanied by greater loss of tyrosine hydroxylase-positive dopaminergic neurons and a marked reduction in Nurr1 expression in the substantia nigra. Developmental exposure also increased cellular senescence, dendritic atrophy and spine loss in striatal medium spiny neurons, insoluble α-synuclein accumulation, and global DNA hypomethylation. Despite low residual serum rotenone levels, neurodegenerative alterations persisted, supporting a hit-and-run mechanism. These findings suggest that early-life rotenone exposure induces long-lasting epigenetic and cellular reprogramming that enhances nigrostriatal vulnerability and accelerates Parkinsonian neurodegeneration during aging."
227,"Inhibitory neurons of the substantia nigra pars reticulata (SNr) serve as a primary output through which the basal ganglia regulate behavior. Using a virally targeted optogenetic approach, combined with whole cell patch-clamp recordings of SNr neurons, we show that, in mice, projection neurons of both primary and secondary motor cortices (M1 and M2) form monosynaptic excitatory connections onto different subpopulations of GABAergic SNr neurons. Furthermore, photostimulation of these cortical axon terminals markedly increases SNr neuron firing rate. To investigate the spatial organization of cortical input to the SNr, we employed a transsynaptic viral-labelling approach to identify SNr neurons receiving monosynaptic input from either M1 or M2. We found a topographical organization of the M1 and M2 projections in SNr. Chemogenetic inhibition of M1- and M2-targeted SNr neurons induced opposing changes in spontaneous behavior. These findings reveal functional pathways by which the motor cortex can directly modulate basal ganglia output to downstream targets."
228,"Parkinson's disease (PD) presents a formidable therapeutic challenge rooted not in a singular pathogenic event but in the convergent failure of mitochondrial homeostasis, redox balance, α-synuclein proteostasis, autophagy-lysosomal integrity, and neuroinflammatory amplification within substantia nigra dopaminergic neurons. Existing dopaminergic pharmacotherapies address symptomatic deficits while leaving the underlying neurodegenerative cascade unchecked, underscoring the need for disease-modifying strategies with multi-target mechanistic reach. This review examines bacoside-A, the principal triterpenoid saponin complex of Bacopa monnieri (L.) Wettst., as a structurally distinctive, polypharmacological neuroprotective scaffold whose biological relevance emerges from convergence with core vulnerability pathways driving dopaminergic degeneration. Integrating in silico, in vitro, and in vivo evidence, we examine how bacoside-A engages molecular targets including α-synuclein aggregation intermediates, monoamine oxidase-B, LRRK2 kinase, PINK1-Parkin mitophagy regulators, and the redox sensor DJ-1, with computational predictions providing a coherent mechanistic framework for findings observed across MPP⁺-, rotenone-, and 6-OHDA-based preclinical models, including attenuation of mitochondrial dysfunction, oxidative amplification, and apoptotic signalling, and partial nigrostriatal preservation with motor improvement in vivo. This review reframes bacoside-A as a stress-buffering, network-active modulator most relevant during early, pre-degenerative disease stages. While no clinical trial has yet evaluated bacoside-A in PD, and findings from cognitive or other non-PD indications cannot be extrapolated as efficacy evidence, the convergent mechanistic, computational, and preclinical evidence presented here provides a strong rationale for advancing bacoside-A toward systems pharmacology-guided preclinical and clinical evaluation as an adjunct neuroprotective candidate."
229,"Parkinson's disease (PD) is a common neurodegenerative disease. Our previous single-cell sequencing results suggested that Transcription Factor E3 (TFE3) was only differentially expressed in microglia in the MPTP mouse model. However, the functional role of microglial TFE3 in PD pathogenesis remains unclear. First, motor function was assessed in MPTP mice following TFE3 overexpression in substantia nigra microglia. Second, RNA-seq was used to identify the function of TFE3 in microglia, and the molecular mechanism was verified both in vivo and in vitro. Finally, we investigated whether TFE3 nuclear translocation affects its transcriptional activity and subsequently influences microglia in vitro. Overexpression of TFE3 in substantia nigra microglia could alleviate PD-related phenotypes. RNA-seq revealed that TFE3 regulates microglial phagocytosis and inflammation. Mechanistically, TFE3 affects these functions by regulating the expression of Mer receptor tyrosine kinase (Mertk) and lysosomal-associated membrane protein 1 (Lamp1). Finally, Rapamycin could activate the nuclear translocation of TFE3 and enhance phagocytosis and alleviate inflammation of microglia. Our findings demonstrate that Rapamycin activates TFE3, which in turn upregulates the expression of Mertk and Lamp1 in the substantia nigra. This TFE3-mediated pathway plays a critical role in regulating microglial phagocytosis and inflammation in the PD model."
230,"Poly-ADP-ribosylation (PARylation), catalyzed by the enzyme PARP1, involves the addition of poly-ADP-ribose polymers (PAR) and has been associated with α-synuclein aggregation in Parkinson's disease (PD) models. This study aimed to unravel the role of PARylation in α-synuclein aggregation and neuronal cell death in the complex environment of post-mortem human PD brains. Using high-resolution imaging and 3D reconstruction analysis, we observed that PAR accumulate in the cytoplasm in regions affected by PD pathology, preceding the formation of α-synuclein oligomers. Additionally, we found that PAR and stress granules contribute to the formation of Lewy bodies. Increased colocalization of PAR with mitochondria in the substantia nigra of PD patients, along with the presence of PAR-positive condensed DNA, further suggests a role in neuronal cell death. Collectively, our findings reveal a critical involvement of PARylation in the pathological mechanisms underlying neurodegeneration in PD and position PARylation as a potential therapeutic target."
231,"Current treatments for Parkinson's disease (PD) fail to halt dopaminergic neurodegeneration and remain largely ineffective against cognitive impairment. Here, we developed IP@ALipo, a nanoplatform that co-delivers the clinical drug pramipexole (PPX) and PEGylated iron oxide nanozyme particles (PEG-IO) via Angiopep-2-modified liposomes capable of crossing the blood-brain barrier (BBB). In the PD mouse model, in vivo photometry showed that a single dose of IP@ALipo significantly enhanced dopaminergic signaling from the substantia nigra pars compacta (SNc) to the striatum (STr) via its PPX component. Facilitated by PEG-IO in IP@ALipo, repeated administration further suppressed cerebral ROS and promoted sustained dopaminergic recovery, resulting in improved motor function. Importantly, the PEG-IO component also preserved hippocampal neurons and restored synaptic architecture, yielding pronounced cognitive benefits. This study demonstrates a nanozyme-augmented strategy for clinical drugs that not only sustains nigrostriatal dopaminergic recovery but also provides cognitive improvements beyond conventional Parkinson's treatments, offering a comprehensive therapeutic approach."
232,"Recent evidence links gut dysbiosis and the gut-brain axis to the pathophysiology of Parkinson's disease (PD), which is considered one of the most common neurodegenerative illnesses and is characterized by motor symptoms and a gradual loss of nigral dopaminergic neurons. Canagliflozin (CANA), a sodium-glucose cotransporter-2 inhibitor with emerging anti-inflammatory and antioxidant properties, has recently gained attention for its neuroprotective effects beyond glycemic control. This research aimed to examine the neuroprotective potential of CANA in a rat model of PD, focusing on its potential effect on the gut-inflammasome-brain axis. Rats were treated with rotenone (ROT) (2 mg/kg, subcutaneous) and/or CANA (20 mg/kg, oral) for 30 consecutive days. Behavioral assessment (n = 13), biochemical assays (n = 6), and histological and immunohistochemical analysis (n = 3) were performed. Microbiome profiling (n = 3) using 16S rRNA amplicon sequencing was conducted using three pooled fecal samples/group, with each pool prepared from fecal material collected from three rats and fecal metabolomic profiling (n = 5) was performed to assess microbial metabolites. ROT intoxication caused significant motor impairments, including decreased locomotor activity, poor coordination, and increased catalepsy. Further histological examination demonstrated dopaminergic neuronal loss and α-synuclein aggregation in the substantia nigra and striatum. CANA treatment enhanced motor function, conserved neuronal integrity, and decreased α-synuclein accumulation. Moreover, ROT altered the gut microbiota with selective taxonomic shifts, including enriched abundance of Parabacteroides and Ruminococcaceae with depleted Prevotella-related taxa, in addition to fecal metabolite profile alteration. Consequently, it increased colonic oxidative stress and weakened tight junctions, all of which enhanced LPS translocation. This systemic endotoxemia generated oxidative stress, dyslipidemia, and NF-κB/NLRP3 inflammasome activation. Conversely, CANA restored gut microbial balance and their metabolites, and gut integrity, decreased LPS leakage, and reduced systemic and central oxidative stress and inflammation, preventing inflammasome activation and α-synuclein aggregation. Collectively, these findings suggest that CANA may exert neuroprotective effects in ROT-induced PD associated with modulating the gut-inflammasome-brain axis."
233,"Parkinson's disease (PD) is a complex neurodegenerative disorder characterised by the progressive loss of dopaminergic neurons in the substantia nigra, resulting in motor symptoms such as bradykinesia, resting tremor, rigidity, and postural instability. This study investigated the association between two single nucleotide polymorphisms of the nicotinic choline receptors α5 (<i>CHRNA5</i>), and the likelihood of developing PD among individuals from the Northern Han Chinese community. A retrospective case-control study included 400 PD patients and 400 age- and sex-matched healthy controls. We detected <i>CHRNA5</i> variants using polymerase chain reaction-restriction fragment length polymorphism and analysed the data with R(4.2.0). The rs680244 TT genotype was associated with an increased risk of PD (OR = 1.801, 95% CI: 1.050-3.089, nominal <i>p</i> = 0.031), with a similar association observed under the recessive model (OR = 1.786, 95% CI: 1.056-3.080, nominal <i>p</i> = 0.033). In the male subgroup (198 PD cases and 220 controls), the T allele was also associated with increased PD risk (OR = 1.356, 95% CI: 1.025-1.854, nominal <i>p</i> = 0.040). However, none of these associations remained statistically significant after multiple testing correction using the Bonferroni method. No statistically significant associations were observed for rs495090 in any of the analyses performed. The CHRNA5 rs680244 T allele showed a suggestive association with sporadic PD susceptibility in the Northern Han Chinese population. However, these findings should be interpreted with caution and require validation in larger cohorts across different ethnic populations and clinical settings, ideally with smoking-related data available."
234,"Striatal medium spiny neurons expressing D1 dopamine receptors (D1-MSNs) are a key component in the direct pathway of the basal ganglia and exhibit chronically suppressed activity in Parkinson's disease. To enable selective anatomical and functional interrogation of D1-MSNs, we developed an adeno-associated virus (AAV) toolkit that achieved robust and selective transgene expression in D1-MSNs through retrograde transduction of their substantia nigra axons. We first screened an AAV9 capsid insertion library and identified variants with markedly enhanced retrograde access to D1-MSNs. Next, we engineered a series of enhancers and demonstrate that they drive strong and specific gene expression in D1-MSNs after retrograde transduction in both mice and a macaque. Importantly, we demonstrate that our toolkit enables targeted modulation of the direct pathway, eliciting pathway-specific behaviors and rescuing motor deficits in a murine model of Parkinson's disease. These findings highlight the utility of our D1-MSN-targeting tools for basic and translational research."
235,"Sporadic Progressive Ataxia with Palatal Tremor (PAPT) is an extremely rare movement disorder syndrome with only three autopsy reports published in the literature to date. Previously described cases showed hypertrophic olivary degeneration with tau-positive neuronal inclusions, although differences were noted in tau isoforms and the presence of additional neurodegenerative pathology. We report an additional autopsy case with morphological similarities in pathology but without tau inclusions. To describe clinically, radiologically and neuropathologically a case of PAPT. Retrospective clinical data collection from electronic records, authorized video material and postmortem neuropathology study. A 74-year-old women presented with a gait ataxia and parkinsonism at the age 67, followed three years later by rhythmic chin and palatal tremor. Probable REM sleep behavior disorder was reported approximately ten years before symptom onset. MRI demonstrated bilateral T2/T2-FLAIR hyperintensity and enlargement of the inferior olivary nuclei. The clinical progression was dominated by the ataxia, and the tremor remained throughout the disease course. Neuropathological findings showed hypertrophic olivary degeneration with glomeruloid bodies, without tau pathology and occasional neuronal and dendritic p62 immunoreactivity. Focal neuronal loss and gliosis were observed in cerebellar dentate nucleus. There was substantia nigra neuronal loss with Lewy pathology in neocortical stage (Braak stage 5), but without involvement of inferior olivary nucleus or cerebellum. Our findings confirmed hypertrophic olivary degeneration as the pathologic substrate of PAPT. The absence of tau pathology distinguishes it from previously reported cases, indicating heterogeneity in the underlying pathophysiological disease mechanisms. Concomitant Lewy body pathology may have contributed to parkinsonism and REM sleep behavior disorder."
236,"Mitogen-activated protein kinase (MAPK) signaling is increasingly recognized as a central regulator in the pathogenesis of Parkinson's disease (PD). PD is a chronic neurodegenerative disorder characterized by the progressive loss of dopaminergic neurons in the substantia nigra pars compacta (SNpc), driven by a complex interplay of mitochondrial dysfunction, oxidative stress, and neuroinflammation. While basal MAPK activity is essential for neuroprotection and neuronal growth, its overactivation, specifically via the JNK and p38 cascades, accelerates neurodegeneration. This review explores the molecular landscape of MAPK signaling, detailing how its dysregulation promotes the accumulation of alpha-synuclein and the activation of microglia. Furthermore, it highlights critical crosstalk between MAPK and other vital pathways, including the inhibition of the neuroprotective PI3K/AKT and PP2A pathways and the detrimental activation of GSK-3β and PTEN signaling. Preclinical evidence strongly supports the use of MAPK inhibitors to mitigate dopaminergic neurotoxicity and reduce proinflammatory cytokine release. Despite promising results in experimental models and the development of highly selective inhibitors, clinical translation remains challenging due to potential systemic toxicities. This manuscript provides a comprehensive synthesis of mounting and mooting evidence, positioning MAPK inhibition as a potent, albeit complex, adjuvant strategy for delaying the onset and progression of PD neuropathology."
237,"Parkinson's Disease (PD) represents the second most prevalent neurodegenerative condition which leads to the progressive destruction of dopaminergic neurons in the substantia nigra through oxidative stress mechanisms. The research evaluated Gallic Acid (GA) as a natural polyphenol with proven antioxidant properties for its ability to protect cells from 1-methyl-4-phenylpyridinium (MPP⁺)-induced neurotoxicity in SH-SY5Y dopaminergic cell models. The research used SH-SY5Y cells which received 1 mM MPP⁺ treatment alongside different GA concentrations (25, 50 and 100 µM) for 24 and 48 h. The CCK-8 assay measured cell viability while flow cytometry evaluated apoptosis and SOD and MDA levels determined oxidative status through SOD and Catalase and NO measurements. The addition of MPP⁺ resulted in a 32.74% decrease in cell viability at 48 h while simultaneously decreasing SOD and Catalase and NO levels and increasing MDA levels. The addition of 25 µM GA protected cells from damage by increasing their viability to 86.53% at 48 h and decreasing apoptotic cell numbers. Our results revealed that co-treatment with 25-50 µM GA effectively mitigated oxidative damage by preventing the depletion of catalase and NO levels. Furthermore, GA successfully reduced lipid peroxidation; specifically, 25 µM GA decreased MDA levels from 21.18 to 9.64 nM/mg protein at 48 h, thereby restoring the cellular antioxidant defense system against MPP<sup>+</sup>-induced oxidative stress. In conclusion, the present study demonstrates that GA exerts a significant neuroprotective effect in an in vitro PD model by modulating the endogenous antioxidant network and alleviating lipid peroxidation. By effectively reversing the depletion of crucial enzymes and reducing apoptosis, GA shows potential therapeutic efficacy against oxidative stress-associated neurodegeneration. These findings suggest that GA is a promising phytochemical candidate warranting further in vivo evaluation to clarify its long-term bioavailability and translational value."
238,"Parkinson's disease is a neurodegenerative disorder characterized by degeneration of nigrostriatal dopamine neurons and basal ganglia dysfunction, with sex differences in risk and progression that are not yet fully understood. Here, we investigated how peripubertal loss of gonadal hormones influences nigrostriatal integrity, striatal synaptic architecture, and motor behavior in male mice. Using a castration model, we show that early androgen deprivation recapitulates key neuropathological and behavioral features of Parkinsonian hypodopaminergia, including reduced tyrosine hydroxylase-positive neurons in the substantia nigra pars compacta, impaired motor performance on the vertical pole and rotarod, and disrupted forelimb kinematics. At the circuit level, androgen loss markedly reduced mushroom spine density on both direct- and indirect pathway striatal spiny projection neurons, with a concomitant increase in immature spine classes, consistent with impaired synaptic maturation. These structural and behavioral deficits were accompanied by reduced striatal Tyrosine receptor kinase-B (TrkB) protein, suggesting attenuation of brain derived neurotrophic factor (BDNF)/TrkB trophic signaling. Testosterone replacement preserved nigral dopaminergic neurons, normalized motor behavior, prevented mushroom spine loss across both striatal pathways, and selectively increased long/thin spines on direct-pathway neurons, suggesting enhanced synaptic plasticity. Together, these findings support a hormone-trophic model in which androgen signaling maintains nigrostriatal integrity and striatal synaptic maturation through androgen receptor-dependent BDNF/TrkB mechanisms. Although Parkinson's disease predominantly manifests with aging, these results suggest that early disruption of androgen signaling can produce lasting circuit-level alterations that influence vulnerability to degeneration over time, providing mechanistic insight into sex differences in Parkinson's Disease."
239,"Iron deposition is thought to be associated with the physiological mechanisms of Parkinson's disease (PD). However, the pathogenesis remains unclear, and the aim of this study was to investigate the relationship between the progression of iron deposition in the substantia nigra (SN) at different stages of PD and alterations in brain functional connectivity (FC). MRI was performed for 106 patients with PD, who were divided into groups with Early Stage (ES) (51 patients) and Advanced Stage (AS) (55 patients) PD according to the Hoehn and Yahr (H&Y) score of clinical severity, along with 45 age and sex matched healthy controls (HC). The iron content of the SN was measured using Quantitative Susceptibility Mapping (QSM), and whole-brain functional connectivity (FC) analysis of functional Magnetic Resonance Imaging (rsfMRI) data was performed using the SN as a seed point. The groups of patients with ES and AS both had significantly increased iron concentration in SN compared to HC, and significantly greater iron in the AS group compared to the ES group. In addition, seed-based FC analysis showed significantly lower FC between the SN and major functional networks, including the sensorimotor network (SMN), the default mode network (DMN), the visual network (VN), the dorsal attentional network (DAN), and the frontal-parietal network (FPN) in the ES and AS compared with the HC group. These findings suggest that abnormal iron accumulation in the SN contributes to progressive disruption of brain networks, reflecting the underlying neurodegenerative process of PD. The association between increased iron load and decreased FC highlights the potential role of iron metabolism in driving network-level dysfunction. This provides new insights into the mechanisms linking microstructural pathology to functional disintegration in PD. The novelty in this work stems from the changing FC relationships with iron content in the SN and clinical symptoms for the early versus late stage PD subjects. The progression of PD and increase in iron content of the SN, along with the decrease in whole brain FC and increase in clinical symptoms, could provide stage-specific imaging biomarkers for monitoring PD progression. Furthermore, the identified relationship between iron deposition and network dysfunction may inform the future development of network-targeted therapeutic strategies."
240,"Cervical spondylotic myelopathy (CSM) is a leading cause of spinal cord dysfunction, yet the central neural mechanisms underlying motor impairment and recovery remain unclear. This study used the first 7 T functional MRI (fMRI) study in patients with CSM to investigate sensorimotor network alterations. Sixteen patients with CSM and age-matched healthy controls underwent task-based fMRI during hand grasping and resting-state fMRI. Ten patients completed 3-month postoperative follow-up imaging. Clinical severity was assessed using Japanese Orthopaedic Association (JOA) scores. Task-based fMRI during hand movements revealed compensatory bilateral recruitment in patients with CSM compared with controls, with significantly increased activation in the ipsilateral primary motor cortex (M1; peak: 45, -21, 56; T = 7.93, P < .001) and contralateral cerebellum (peak: -21, -52, -28; T = 7.23, P < .001). Cerebellar hyperactivation correlated negatively with JOA total scores (peak: -26, -56, -24; T = 10.74, P < .001) and dexterity subscales (T = 9.05, P < .001), indicating severity-dependent compensation. Resting-state analysis revealed widespread increases in sensorimotor network connectivity. The strongest alterations were observed in bilateral M1 connectivity (T = 14.65, P < .001), bilateral primary sensory cortex connectivity (T = 14.53, P < .001), and M1-supplementary motor area (SMA) connections (right M1 to left SMA: T = 13.21, P < .001; bilateral SMA: T = 13.89, P < .001). Intracerebellar networks showed marked hyperconnectivity (bilateral cerebellar lobule VI: T = 15.35, P < .001; bilateral cerebellar lobule IV-V: T = 14.25, P < .001). Resting-state connectivity strength was negatively correlated with both JOA total scores and dexterity subscales. This 7T fMRI study reveals that CSM induces compensatory reorganization involving the contralateral cerebellum and ipsilateral motor cortex, with severity-dependent hyperconnectivity. These findings clarify mechanisms of motor compensation and suggest cerebellar-focused rehabilitation as a potential therapeutic strategy."
241,"Episodic ataxia type 2 (EA2) is an autosomal dominant channelopathy caused by CACNA1A mutations, typically presenting with recurrent episodes of ataxia, vertigo, and hemiplegic migraine, often with a normal brain MRI or cerebellar atrophy. This report describes a 47-year-old man with a 22-year history of recurrent severe headaches, limb weakness, truncal ataxia, sensory disturbances, and profound fatigue, triggered by stress or minor trauma. Interictal recovery was complete, but serial MRI revealed extensive T2/FLAIR white matter hyperintensities, initially raising concern for multiple sclerosis or cerebral vasculitis. Lumbar puncture was unremarkable. Genetic testing identified a pathogenic heterozygous CACNA1A variant (c.7411 C > T, p.R2471*), confirming EA2. Symptomatic management with acetazolamide and trigger avoidance improved episode frequency and severity. This case highlights the diagnostic challenges of EA2 when MRI shows atypical white matter lesions and emphasizes the value of genetic testing in atypical presentations. Recognizing these findings can prevent misdiagnosis, guide targeted therapy, and inform family counseling. Pearls: · The variability of CACNA1A- related disorders is broad and continues to expand. The gene-phenotype spectrum includes episodic ataxia type 2 (EA2), familial hemiplegic migraine type 1 (FMH1), sporadic hemiplegic migraine (SHM), spinocerebellar ataxia type 6, epilepsy and developmental epileptic encephalopathy. · Patients with episodic ataxia type 2 have either a normal MRI or cerebellar atrophy, mainly at the vermis. · Episodic ataxia type 2, may be treated with acetazolamide and 4-aminopyridine. Oysters: · EA2 may present in the absence of family history. · It is very common for patients with EA2, to be erroneously diagnosed with another disorder, and the disease is very infrequent. · CACNA1A associated diseases may present with clinical overlap."
242,"In this preregistered study, we used diffusion MRI (dMRI) to characterize the tissue properties of cerebellar pathways in 9-11-year-old early adolescents from the Adolescent Brain Cognitive Development (ABCD) Study. We examined fractional anisotropy (FA), mean diffusivity (MD), and number of streamlines (NoS) across five cerebellar pathways-the inferior, middle, and superior cerebellar peduncles, the input and Purkinje fibers, and the parallel fibers-in adolescents with (n = 135) and without (n = 7276) a parent-reported ASD diagnosis. We further tested whether cerebellar dMRI measures differentially related to core ASD symptom domains of social communication and interaction (SCI) and restricted and repetitive behaviors (RRB). Group comparisons revealed significant differences in cerebellar NoS (Pillai's trace p = .033), driven by greater NoS of the superior cerebellar peduncle in early adolescents with ASD; FA and MD showed no significant group effects. Cerebellar pathway dMRI measures exhibited significant interactions with diagnosis in relation to ASD symptom severity. The superior cerebellar peduncle demonstrated the strongest diagnosis-dependent interaction effects, with the NoS showing markedly stronger associations with both social communication (Δβ = 0.14, p = .0019) and restricted and repetitive behaviors (Δβ = 0.21, p < .0001) in children with ASD. These findings highlight the superior cerebellar peduncle as a key pathway of structural variability and highlight dMRI measures of the cerebellar pathways as meaningful correlates of ASD symptoms in early adolescence."
243,"BackgroundDepressive symptoms frequently co-occur with cognitive impairment in older adults. Although depression and cognition interact in brain activity, the underlying functional connectivity mechanisms in mild cognitive impairment (MCI) remains unclear.ObjectiveTo investigate how depressive symptoms modulate the relationship between cognition and amygdala/hippocampus functional connectivity in MCI.MethodsThis study included 138 participants (45 healthy controls and 93 MCI patients) who underwent resting state functional magnetic resonance imaging (rs-fMRI) and neuropsychological assessment using the Montreal Cognitive Assessment-Basic (MoCA-B) for cognitive function and Hamilton Depression Rating Scale (HAMD) for depressive symptoms. Seed-based functional connectivity analysis was performed using bilateral amygdala and hippocampus as seed regions to quantify the HAMD × MoCA-B non-monotonic interactions on whole-brain connectivity. Simple slopes analyses were conducted to characterize directionality changes across depression severity levels.ResultsWhole-brain analyses revealed significant HAMD × MoCA-B interaction effects (cluster p value < 0.05, voxel p value < 0.01, GRF corrected) demonstrating symptom-dependent reorganization of cognition-FC relationships. Amygdala connectivity decreased to anterior/middle cingulate and precuneus but increased to triangular part of inferior frontal gyrus (IFGtri), medial superior frontal gyrus, and cerebellar lobule IX. Hippocampal connectivity decreased to cuneus, insula, thalamus, and caudate but increased to opercular part of inferior frontal gyrus (IFGop), orbitofrontal cortex, and cerebellar lobule VIII.ConclusionDepressive symptoms alter amygdala and hippocampal FC relationships with cognition in MCI. Depression-dependent hippocampal/amygdala connectivity changes with the frontoparietal network (FPN-A)-particularly IFGop/IFGtri and cerebellum-suggest their role as critical hubs for emotional-cognitive integration, highlighting them as potential neuromodulation targets for cognitive and depressive symptoms in MCI."
244,"Colloid cysts are benign endodermal intracranial lesions that typically arise in the third ventricle of the human brain. Although uncommon, obstructing cerebrospinal fluid pathways may cause clinical signs. Although cases in atypical sites such as the cerebellum or pontomesencephalic region have occasionally been described, no reports exist of colloid cysts within the cerebellopontine angle (CPA) in either veterinary or human medicine. A 5-year-old castrated male Pomeranian presented with ataxia and excessive salivation. The neurological examination was largely unremarkable apart from gait disturbance. Magnetic resonance imaging revealed a well-defined cystic mass in the CPA measuring 12.7 × 12.7 × 10.8 mm, exerting compressive effects on the cerebellum and medulla. The lesion displayed gravity-dependent signal layering and peripheral rim enhancement, indicating a benign encapsulated cyst. Based on the location and imaging features, the differentials included epidermoid or dermoid cysts. Surgical removal was performed via dorsal craniectomy and durotomy to alleviate compression and establish a definitive diagnosis. Histopathology revealed a fibrous-walled cyst lined by ciliated cuboidal to columnar epithelium with papillary projections and no evidence of keratin, adnexal elements, or neoplasia. The findings were consistent with the presence of a colloid cyst. The patient made a complete recovery and remained clinically asymptomatic and neurologically intact during the 10-month follow-up. This case represents the first known instance of a colloid cyst occurring in the CPA of a dog. The imaging and histologic features closely mirrored those described in human cases. The report highlights the need to consider colloid cysts among the differential diagnoses for CPA masses in dogs and underscores the importance of histopathological confirmation in cystic brain lesions presenting in atypical locations."
245,"Recurrent pulmonary malignancy with multi-organ metastasis remains one of the most refractory scenarios in thoracic oncology. Despite advances in systemic therapy, the prognosis for such cases remains poor. We report a case of disease recurrence with multiple metastatic lesions detected 34 months following initial surgical resection. After repeat surgical intervention, targeted therapy was initiated, resulting in complete resolution of brain and pericardial metastatic foci within two weeks-a response rarely observed in clinical practice. This case underscores the critical role of surgical intervention combined with precision targeted therapy in managing advanced lung cancer. It also highlights the potential of individualized treatment strategies to achieve favorable outcomes in refractory cases; it underscores the imperative for dynamic molecular monitoring and reaffirms the transformative potential of precision therapy in managing refractory metastatic non-small-cell lung cancer (NSCLC). A 53-year-old woman was referred to our institution after a computed tomography (CT) scan identified a 1.2 cm × 0.9 cm solid nodule in the anterior segment of the left upper lobe. Preoperative assessments-including complete blood count, liver and renal function, coagulation profile, pulmonary function, electrocardiography, echocardiography, and tumor markers (alpha-fetoprotein and carcinoembryonic antigen)-were within normal limits. The patient underwent uncomplicated resection of the anterior segment. Histopathology confirmed a moderately differentiated invasive lung adenocarcinoma, and next-generation sequencing (NGS) detected an epidermal growth factor receptor (EGFR) exon 21 p.L858R mutation with a variant allele frequency (VAF) of 23.59%. Thirty-four months later, she developed intermittent chest tightness and exertional dyspnea. Chest CT showed a 9 mm × 8 mm part-solid nodule adjacent to the left mediastinal pleura and significant pericardial effusion. Brain imaging revealed metastatic lesions in the brainstem and left cerebellum, confirmed by magnetic resonance imaging (MRI). Thoracoscopic wedge resection confirmed recurrent lung adenocarcinoma. Repeat NGS identified the same EGFR p.L858R mutation with a markedly elevated VAF of 85.15%. Oral almonertinib was initiated, leading to complete resolution of brain metastases and near-complete resolution of pericardial effusion within two weeks. At eight-month follow-up, the patient remained asymptomatic with no evidence of disease progression. This case illustrates key aspects of recurrent lung adenocarcinoma management. Initial resection of a small nodule achieved local control, but recurrence with brain metastases and pericardial effusion later occurred, emphasizing the need for vigilant follow-up and multimodal imaging. Critical to the outcome was genotype-guided therapy: post-biopsy genetic testing guided almonertinib administration, leading to complete resolution of brain metastases and improved pericardial effusion within 2 weeks, which was defined according to response evaluation criteria in solid tumors (RECIST) 1.1 criteria. In NSCLC, activating mutations in the EGFR gene are detected, and these mutations render tumor cells highly sensitive to tyrosine kinase inhibitors (TKIs). The rapid response of the central nervous system (CNS) to targeted drugs highlights the value of personalized therapy in advanced-stage diseases. This case demonstrates the efficacy of genotype-guided targeted therapy in the management of recurrent lung adenocarcinoma presenting with brain metastases and pericardial effusion. The rapid and complete resolution of brain metastases and marked improvement in pericardial effusion within two weeks of initiating almonertinib therapy underscore the pivotal role of molecular profiling in guiding personalized treatment for advanced EGFR-mutated NSCLC. It also emphasizes the importance of rigorous postoperative surveillance for early detection of recurrence, thereby facilitating timely intervention and optimizing clinical outcomes in patients with advanced NSCLC."
246,"The cerebellum contributes to associative motor learning and sensorimotor coordination in part by tracking subsecond time intervals between behaviorally relevant events, raising the question of how duration, or absolute time, is encoded. Here, we investigated whether information about duration is present in Purkinje cell complex spikes during repetitive sensory stimuli. Crus 1 Purkinje cells expressing the fast calcium indicator GCaMP8f were imaged at high speed (250 fps), allowing detection of complex spike-associated calcium signals from hundreds of Purkinje cell dendrites simultaneously, with 4-ms temporal resolution, in awake head-fixed mice of both sexes. Air puffs were applied to the whisker pad in stimulus trains that varied in the mean and variance of interstimulus intervals (ISIs, 100-900 ms). In responsive cells, the mean probability of complex spike firing increased about fivefold ∼35 ms post-puff, primarily owing to well-timed spiking after the stimulus rather than an increase in spike rate. The maximal response probability, and in some cells also the response latency, varied linearly with ISI. The values of both variables were consistent for each ISI, regardless of the attributes of the stimulus train, suggesting that they carried information about absolute, rather than relative, durations between stimulus pairs. Because each puff evoked only one or zero complex spikes per Purkinje cell, the dependence of spike probability on ISI emerged as a trial-by-trial dependence of the degree of synchronous firing on ISI, suggesting that subsecond absolute timing of somatosensory signals may be represented by complex spike synchrony across populations of Purkinje cells.<b>Significance Statement</b> The cerebellum regulates motor behaviors that require tracking time intervals briefer than one second. Here, we tested how the complex spikes of cerebellar Purkinje cells may encode the interval duration between somatosensory stimuli. We find that at least two attributes of complex spiking vary linearly with the interval between pairs of stimuli, namely, firing likelihood and firing latency. Because of their low spiking probability, however, individual Purkinje neurons cannot accurately report timing information about single stimulus pairs. Nevertheless, the number and latency of complex spikes fired synchronously across the Purkinje cell population changed consistently with the absolute interval between somatosensory stimuli. These data thus demonstrate one way in which neurons may represent time."
247,"Although language neuroscience has largely focused on 'core' left frontal and temporal brain areas and their right-hemisphere homotopes, numerous other areas-cortical and subcortical-have been implicated in linguistic processing. However, these areas' contributions to language remain unclear given that the evidence for their recruitment comes from diverse paradigms, many of which conflate language processing with perceptual, motor, or task-related cognitive processes. Using fMRI data from 772 participants (438 females, 334 males) performing an extensively validated language 'localizer' paradigm that isolates language processing from other processes, we a) delineate a comprehensive set of areas that respond reliably to language across written and auditory modalities, and b) evaluate these areas' selectivity for language relative to a demanding non-linguistic task. In line with prior claims, many areas outside the core fronto-temporal network respond during language processing, and most of them show selectivity for language relative to general task demands. These language-selective areas of the extended language network include areas around the temporal poles, in the medial frontal cortex, in the hippocampus, and in the cerebellum, among others. Although distributed across many parts of the brain, the extended language-selective network still only comprises a small fraction (<5%) of the grey matter volume, challenging the view that the entire brain processes language. These newly identified language-selective areas can now be systematically characterized to decipher their contributions to language processing, including testing whether these contributions differ from those of the core language areas.<b>Significance statement</b> Language processing consistently recruits a left-lateralized fronto-temporal brain network, but language tasks often additionally engage areas outside this core system. In an fMRI dataset of 772 participants performing a validated language localizer task, we identified 17 brain areas outside the core fronto-temporal network that respond to both auditory and written language. Most of these areas show selectivity for language, including regions in the temporal poles, medial frontal cortex, hippocampus, and cerebellum. Despite its large number of components, this extended language network still only takes up a small fraction of the grey matter volume, challenging the view that the entire brain processes language. These findings lay the foundation for systematic characterization of these newly identified non-canonical language areas."
248,"Early-life exposure to ionizing radiation is a recognized risk factor for pediatric brain tumors, including medulloblastoma (MB), but the dose-dependent mechanisms linking radiation to tumor initiation remain poorly understood. Using the Ptch1⁺/⁻ mouse model of Sonic Hedgehog (SHH)-driven MB, mice were exposed at postnatal day 2 to 0.1 or 2 Gy γ-rays and monitored longitudinally, combined with multi-omics analyses to characterize early cerebellar responses and tumor-associated transcriptional programs. Radiation increased MB incidence in a dose-dependent manner, with 2 Gy significantly increasing tumor burden and reducing latency, whereas 0.1 Gy elevated tumor risk without affecting onset. Genome-wide methylation profiling revealed progressive dose-dependent epigenetic remodeling, with broader developmental and transcriptional regulatory changes after high-dose irradiation and limited signaling-associated alterations after low-dose exposure. Proteomic analyses identified common proliferative programs together with distinct dose-specific biological contexts, with low-dose irradiation preferentially associated with regulatory, transport, and selected immune-related pathways and high-dose exposure with chromatin organization, DNA replication, nucleotide metabolism, and RNA-associated processes. Radiation-induced MBs exhibited transcriptional architectures distinct from spontaneous tumors and differed according to radiation dose. Although involving largely distinct genes and pathways, independent methylomic, proteomic, and transcriptomic analyses converged on the identification of qualitatively distinct dose-associated biological programs. Notably, cross-omics functional concordance increased with radiation dose, revealing greater integration of molecular responses following high-dose irradiation. Together, these findings define dose-specific molecular states associated with radiation-induced MB and provide a biological framework linking early cerebellar remodeling to tumor heterogeneity, with implications for pediatric radiation risk assessment and therapeutic stratification."
249,"Dermoid cysts are congenital lesions that typically occur along the midline. They usually remain asymptomatic unless ruptured, causing meningitis, hydrocephalus, or cranial nerve deficits. This case presents an exceptionally rare scenario of bilateral, symmetric intradiploic dermoid cysts of the occipital bone, which initially manifested as sensorineural hearing loss (an unusual symptom). A 21-year-old woman presented with right-sided hearing loss. Imaging showed bilateral, symmetric intradiploic cystic lesions within the occipital bone. The right-sided lesion had ruptured into the posterior fossa, releasing lipid-rich contents over the cerebellum. A T1-hyperintense signal along the right vestibular aqueduct suggested the migration of debris into the inner ear. Both lesions were resected with maximal safe resection, targeting the ruptured component and preventing future complications. Histopathological analysis confirmed that both lesions were dermoid cysts. Although typically associated with chemical meningitis, dermoid cyst rupture may rarely present solely with sensorineural hearing loss when fatty debris migrates into the vestibular aqueduct. Bilateral, symmetric intradiploic occipital lesions are rare and may reflect developmental anomalies at paired ossification centers. Surgical removal of the antigenic source, even without acute complications, may prevent delayed sequelae. A tailored resection approach that preserves vital structures, including the transverse sinus, is safe and effective. https://thejns.org/doi/10.3171/CASE2691."
250,"Tentorial hypoplasia is a rare congenital condition characterized by underdevelopment or absence of the tentorium cerebelli, a dural structure separating the cerebrum from the cerebellum. It is often detected incidentally on computed tomography (CT) or magnetic resonance imaging (MRI) and may be associated with conditions such as Dandy-Walker syndrome and Chiari malformation, although many cases remain asymptomatic. Imaging plays an essential role in identifying associated abnormalities when present. Case 1: A 16-year-old male presented with a left subdural hematoma following a road traffic accident. Neuroimaging incidentally revealed tentorial hypoplasia with brain herniation into the quadrigeminal cistern, though he remained asymptomatic. Case 2: A 3-year-old child with metastatic neuroblastoma had incidentally discovered tentorial hypoplasia with brain herniation on CT and MRI, with no neurological deficits. Tentorial hypoplasia is often an incidental finding with a favorable prognosis, though early imaging is essential for identifying associated central nervous system (CNS) malformations and guiding management."
251,"Hereditary ataxias are rare cerebellar disorders. Population level mortality patterns in the United States in the previous decades remain insufficiently described. We quantified national mortality trends associated with hereditary ataxias and described stratified trends by sex, race, census region, and urbanization. We analyzed U.S. Multiple Cause of Death data from CDC WONDER for 2000 to 2020. Decedents were identified using ICD-10 code G11 for hereditary ataxias. Age-adjusted mortality rates (AAMRs) per 100,000 were computed using the 2000 U.S. standard population, with 95% confidence intervals. Temporal trends were evaluated using joinpoint regression to estimate annual percent change (APC). Forecasts through 2050 were generated using ARIMA, with sensitivity analysis using linear regression. National AAMR increased significantly from 2000 to 2020. Rising rates were observed in both sexes, with consistently higher mortality among males. The largest relative increases occurred among Black or African American individuals and in the West census region. Trends were directionally consistent across urbanization categories, and the forecast analyses also indicated increasing overall mortality. Sensitivity analyses produced qualitatively similar patterns, with wider uncertainty within strata. Mortality associated with hereditary ataxias increased in the United States between 2000 and 2020, highlighting growing clinical and public health needs related to cerebellar disease. Improved phenotyping and coding, earlier diagnosis, and registry-linked surveillance may refine estimates and support service planning."
252,"Spinocerebellar ataxia type 27B is a recently described autosomal dominant, late-onset cerebellar ataxia caused by an intronic GAA repeat expansion in the fibroblast growth factor 14 (FGF14) gene. Despite being recognized as a frequent adult-onset ataxia, its full clinical spectrum remains incompletely understood. To characterize the neurological, cognitive, and paraclinical phenotype of patients with heterozygous FGF14 repeat expansions (>200) and expand the currently known motor and non-motor features, as well as to assess the co-occurrence of other repeat expansions. In this cross-sectional single-center study, patients with heterozygous FGF14 repeat expansions underwent standardized neurological examination and cognitive screening. Paraclinical data were reviewed when available. 18 patients were included in the study (mean age at onset: 64 [37-79], at examination: 76 [61-94]). They all presented with gait ataxia, most commonly a lateral veering gait with corrective sidesteps. In addition to the core known cerebellar phenotype, we identified other movement-disorder manifestations, including myokymia, myoclonus, dystonia, and parkinsonism, with nigrostriatal degeneration confirmed in one patient. Cognitive impairment was common, with two-thirds of patients fulfilling criteria for cerebellar cognitive-affective syndrome (mean MoCA: 25 [21-29], CCAS: 86.9/120 [62-108]). Worse CCAS and MoCA performance was associated with increasing ataxia severity. FGF14 repeat expansions ranged from 210 to 520, and co-occurrence with heterozygous expansions in RFC1 or ATXN8/ATXN8OS were identified in three patients. Earlier diagnostic misclassification as transient ischemic attack was reported in 33%. These findings expand the known phenotype of spinocerebellar ataxia type 27B, emphasizing it as a multisystem movement disorder."
253,"Proton pump inhibitors are widely used, but their long‑term effects on the central nervous system are not well understood. In this study, we investigated whether chronic pantoprazole use alters sensorimotor function, oxidative stress, inflammatory response, and apoptosis in the motor cortex and cerebellum. Twenty‑one female Wistar rats were randomized to control (C), gavage control (GC), or pantoprazole (P; 20 mg/kg/day for 12 weeks) groups. Sensorimotor coordination (rotarod), water‑maze swim velocity, and open‑field locomotion were assessed as behavioral parameters. The cortical and cerebellar tissues were analyzed by Enzyme‑Linked Immunosorbent Assay (ELISA) for apoptosis, inflammation, and oxidative stress. Pantoprazole impaired sensorimotor coordination compared to both control groups. However, its effects on swim velocity and locomotor activity were primarily significant when compared to the naive control group, suggesting that gavage‑related stress may have contributed to these behavioral outcomes. Bcl‑2‑associated X protein (BAX) and Bcl‑2 associated agonist of cell death (BAD) protein levels and the BAX/Bcl‑2 ratio increased with pantoprazole, particularly in the motor cortex, indicating enhanced pro‑apoptotic activity. While tumor necrosis factor levels did not change, interleukin (IL)‑6 and IL‑1β levels were significantly higher in the cerebellum, suggesting neuroinflammatory activation associated with both pantoprazole and gavage‑induced stress. Furthermore, oxidative stress analyses revealed elevated malondialdehyde and oxidative stress index levels, as well as increased total antioxidant status, in specific regions, suggesting an imbalance between oxidative and antioxidant responses. Chronic pantoprazole administration resulted in modest motor deficits and region‑specific molecular alterations, including a pro‑apoptotic shift in the motor cortex. In addition, an inflammatory/compensatory antioxidant response in the cerebellum was observed due to both gavage‑induced stress and pantoprazole administration. These findings highlight the need for further studies on dose‑response, reversibility, and synaptic consequences, and suggest the importance of considering the risks of prolonged proton pump inhibitors exposure."
254,"Alzheimer's disease (AD) is characterized by amyloid-β (Aβ) peptide plaques and neurofibrillary tangles from hyperphosphorylated tau, though factors linking amyloid and tau pathology remain unclear. We investigated whether microRNA-181d-5p (miR-181d) associates with AD-related brain changes and regulates neprilysin and tau. Modeling miR-181d across individuals with no cognitive impairment, mild cognitive impairment, and AD revealed region- and sex-specific associations. Higher miR-181d levels associated with greater AD probability in the temporal lobe and cerebellum, and lower probability in the posterior cingulate cortex of males; miR-181c attenuated these probabilities. SNPs near MIR181 associated with altered entorhinal cortical thickness. In cellular models, miR-181 reduced neprilysin 3'-UTR activity, mRNA, protein, and enzymatic activity, while increasing tau mRNA and protein. Neprilysin diminution impairs Aβ clearance and elevates tau, contributing to AD. RNA sequencing identified miR-181d-responsive neurodegenerative pathways. These findings identify miR-181 as a regulator of AD-relevant amyloid and tau pathways, providing novel targets. MiRNA-181 is a key regulator of Alzheimer's risk through its effects on neprilysin and tau proteins, a novel potential target."
255,"Many neural circuits undergo competitive input selection, a process in which supernumerary connections compete for innervation territory on target cells. This process can create atypical circuits when functional inputs are favored over compromised ones. Yet, it is often unclear whether such atypical circuits are maladaptive or promote functional resilience. We investigated this using the olivocerebellar climbing fiber circuit, where multiple inputs compete to mono-innervate Purkinje cells. We found that eliminating neurotransmission from ∼50% of olivocerebellar neurons reduced climbing fibers' competitiveness during input selection and decreased survival of parental inferior olive neurons. Conversely, functional climbing fibers expanded their innervation territory. Despite these atypical circuits, climbing-fiber-dependent motor control was only minimally affected and social behaviors were fully preserved. These results demonstrate that neurotransmission-dependent competition promotes resilient circuits formation, maintaining complex behaviors even when a large proportion of inputs to the cerebellum are developmentally compromised."
256,"Post-cardiac arrest syndrome (PCAS) is a major cause of mortality and neurological disability. Early prognostication is essential for clinical decision-making, but variability in interpretation of Non-Contrast CT (NCCT)) Gray to White Matter Ratio (GWR) measurement techniques limits its clinical standardisation. This study evaluated the association between the Gray-to-White Matter Ratio (GWR) on early non-contrast CT (NCCT) and 6 -month neurological outcomes, and compared manual versus automated GWR measurements. A retrospective cohort of 120 patients who are comatose with PCAS patients with return of spontaneous circulation (ROSC) was analysed. NCCT scans (6-24 hours post-ROSC) were used to calculate GWR across basal ganglia, supratentorial cortex, and cerebellum using both manual and automated methods. Outcomes were classified using the Cerebral Performance Category (CPC). Prognostic performance was evaluated using receiver operating characteristic (ROC) analysis, and multivariable modelling was performed using Firth logistic regression. Higher GWR values were significantly associated with favourable neurological outcomes across all regions and measurement methods (p<0.001). Automated global GWR demonstrated the highest prognostic accuracy (AUCarea under the curve=0.869; sensitivity 84.2%, specificity 84.1%) and was an independent predictor of poor outcome. Manual measurements showed moderate-to-good inter-rater reliability. GWR is a robust prognostic biomarker for neuroprognostication after cardiac arrest. Automated GWR measurement improves reproducibility and supports the standardisation of imaging-based prognostic assessment, with potential implications for clinical decision-making in post-cardiac arrest care."
257,"Recent years have witnessed significant advances in neuromodulation techniques for stroke rehabilitation, especially in ameliorating motor deficits, positioning them as a key focus in both research and clinical practice. The selection of stimulation targets is crucial, as different sites engage distinct neural mechanisms and yield varied therapeutic outcomes. This review systematically synthesizes evidence from neuromodulation studies that target key regions, including the cerebral hemispheres, sensorimotor cortex, cerebellum, and vagus nerve. By analyzing the stimulation protocols, therapeutic effects, and optimal parameters associated with each target, we aim to provide a theoretical foundation and practical guidance for refining neuromodulation strategies in stroke rehabilitation."
258,"To investigate cerebellar alterations and their associations with metabolic profiles across different disease durations in type 2 diabetes mellitus (T2DM). This cross-sectional study included 302 healthy controls and 513 T2DM patients. T2DM patients were stratified into three groups based on disease duration, which defined as T2DM-D1 (<5 years), T2DM-D2 (5-9 years), and T2DM-D3 (≥10 years). Cerebellar segmentation was performed using Spatially Unbiased Infratentorial toolbox. Generalized linear models and partial correlation analyses were used to assess cerebellar volume differences and metabolic associations in different duration stages. T2DM patients exhibited significant cerebellar atrophy (Cohen's d = -0.418 to -0.199). Duration-stratified analyses revealed distinct subgroup differences: the T2DM-D1 group had posterior-predominant atrophy (Cohen's d = -0.339 to -0.282), the T2DM-D2 group showed limited involvement, with only the left lobule X affected (Cohen's d = -0.436), and the T2DM-D3 group exhibited more widespread alterations, including lobules VIIIa, VIIb, X, IX, Crus I, and vermis IX (Cohen's d = -0.741 to -0.399). Cerebellar alterations were primarily associated with insulin and C-peptide levels in T2DM-D1, whereas they were more closely related to glycemic, renal, and lipid-related markers in T2DM-D3. This study demonstrates that cerebellar alterations in T2DM vary with disease duration, accompanied by distinct metabolic profiles, underscoring the importance of duration-based stratification for individualized assessment and management."
259,"Obstructive sleep apnea syndrome (OSAS) is a recognized risk factor for neurodegenerative disorders. However, a causal link between OSAS and brain damage has yet to be established. Thirty cognitively normal patients with moderate-to-severe OSAS, free from systemic or neurological comorbidities, were enrolled and underwent <sup>18</sup>F-fluorodeoxyglucose positron emission tomography imaging. Their scans were compared to those of cognitively normal, OSAS-free controls from the Alzheimer's Disease Neuroimaging Initiative database. Additional analyses included commonality mapping, correlations with polysomnographic parameters, and seed-based metabolic connectivity of major resting-state networks. Group-level analyses showed fronto-parietal glucose hypometabolism and cerebellar glucose hypermetabolism in patients with OSAS compared to controls. Cerebellar glucose hypermetabolism was associated with reduced rapid eye movement sleep latency and duration. Seed-based connectivity analysis revealed alterations in attentional and limbic networks. Moderate-to-severe OSAS may represent a cause of brain dysfunction, highlighting the importance of its early diagnosis and appropriate treatment to prevent worsening brain damage and possible future neurodegenerative processes. Moderate-to-severe obstructive sleep apnea syndrome (OSAS) is associated with altered brain glucose metabolism. Cerebellar glucose hypermetabolism is associated with rapid eye movement sleep impairment. Attentional and limbic networks connectivity is disrupted in moderate-to-severe OSAS. Early recognition of patients with moderate-to-severe OSAS has the potential to overcome the risk of worsening brain damage that may lead to neurodegeneration."
260,"The cerebellum contributes to sensory, cognitive, emotional, and pain-modulatory processes beyond motor coordination. In temporomandibular disorders (TMD), alterations in spontaneous cerebellar neural activity and strengthened functional connectivity with limbic structures have been reported, suggesting involvement of central neuroplastic mechanisms. Mandibular displacement and occlusal imbalance may further modulate brain networks related to motor regulation, sensory integration, and pain-related emotional processing.In this study, magnetic resonance imaging(MRI) and diffusion tensor imaging(DTI) was used to examine cerebellar connectivity across different mandibular positions in a patient with painful TMD. Functional MRI and diffusion tensor imaging were acquired in three conditions: centric occlusion, centric relation, and stabilization splint. Cerebellar regions of interest were defined using SUIT parcellation, and position-dependent structural-functional connectivity was assessed using diffusion-based tractography and Δ-metrics computed as the difference between the two tractography-derived matrices (Δ = MNI_NORM - COUNT_NORM); scale-invariant similarity metrics were used for between-condition comparisons.Under centric occlusion (CO), the Δ-derived connectivity pattern was sparse and included ROIs with zero-variance profiles, yielding mathematically undefined correlation entries; these were treated as missing values. In contrast, centric relation and stabilization splint conditions demonstrated heterogeneous Δ patterns and structured ROI-wise correlation profiles.In contrast, both centric relation and stabilization splint conditions showed moderate effect sizes in summary metrics. Pairwise comparison of vectorized Δ matrices (upper triangle; N = 378 ROI pairs) demonstrated a moderate association between CR and splint (Pearson r = 0.452, 95% CI 0.368-0.527; p = 2.0 × 10⁻²⁰; cosine similarity = 0.428). The Euclidean distance between Δ vectors was 1554.5, corresponding to a normalized per-element RMS difference of 81.1, and the mean absolute difference was 42.2.These single-subject findings suggest that mandibular position may be associated with measurable differences in Cerebellum-SUIT connectivity profiles in painful TMD. The results should be interpreted as exploratory and hypothesis-generating, and they require confirmation in larger prospective studies before clinical or therapeutic implications can be inferred."
261,"Sensorimotor adaptation (motor learning) is crucial to maintain movement accuracy. This is particularly true for temporal control, as duration and initiation timing are perceived only after the movement, and thus cannot benefit from mid-movement adjustments. The cerebellum is critical for both sensorimotor adaptation and various temporal functions, but its role in temporal adaptation has not been investigated. In this study, we examine the effect of cerebellar damage on temporal adaptation in speech, a natural but complex task that requires millisecond precision. We use an altered auditory feedback paradigm to extend the perceived duration of the vowel /ɛ/ in the word ""best"". Neurobiologically healthy controls (12 male, 22 female) adaptively shorten their vowels, but temporal adaptation is abolished in speakers with cerebellar damage (10 male, 24 female), who instead lengthen their vowels in response to the lengthening perturbation. This departs from findings in the spatial domain, where cerebellar damage merely reduces sensorimotor adaptation. A subset of speakers with cerebellar damage have lower perceptual acuity for vowel duration than controls; however, perceptual deficits did not drive the lack of adaptation. We suggest that temporal adaptation in speech is abolished due to cerebellar involvement in three aspects of temporal control: duration representation, temporal coordination, and temporal estimation. As speech motor control is highly complex, future research is needed to determine if the lack of adaptation observed in this study is due to combined demands on multiple cerebellar functions, or critical damage to a single function that is common to all temporal control.<b>Significance statement</b> Speech is a complex motor activity that requires millisecond-level accuracy, thus providing a unique window to temporal control. When exposed to external perturbations that extend the perceived duration of vowels, speakers with cerebellar damage totally failed to adapt their speech to oppose the perturbation. Although a subset of speakers with cerebellar damage also had impaired perception of speech segment durations compared to controls, these perceptual deficits did not drive the lack of adaptation in the group. The total lack of adaptation departs from previous studies of sensorimotor adaptation in spatial control, and emphasizes the critical role of the cerebellum in maintaining accurate movement timing."
262,"Spinocerebellar ataxia 27B (SCA27B) has been recognised as a major cause of sporadic late-onset cerebellar ataxias, accounting for 9-61% of previously unexplained cases. We aimed to describe the clinical, radiological and genetic spectrum of SCA27B through a systematic review of the published literature. A systematic literature search of PubMed, Embase (Ovid), Ovid Medline and Scopus was conducted. Studies including genetically confirmed SCA27B patients were selected. Individual patient and aggregate data were extracted, pooled and summarised. A total of 45 studies including 1267 patients were analysed. The pooled mean age at onset was 53.14±15.23 years. Gait ataxia (pooled prevalence 0.97; 95% CI: 0.93-0.98), oculomotor abnormalities [excluding all nystagmus] (0.79; 95% CI: 0.68-0.87), all nystagmus except downbeat nystagmus(0.57; 95% CI: 0.43-0.70), downbeat nystagmus (0.45; 95% CI: 0.35-0.55), dysarthria (0.51; 95% CI: 0.44-0.59), episodic symptoms (0.44; 95% CI: 0.31-0.58) and vertigo/dizziness (0.37;95% CI: 0.31-0.43) were the most frequent clinical features. Substantial heterogeneity occurred across outcomes. Genotype-phenotype correlation analysis showed that the high-repeat group (≥250 repeats) was associated with significantly higher odds of gait ataxia (3.7 (95% confidence interval 1.9-6.9; p<0.001) and dysarthria (3.5 (1.6-7.7; p<0.001) compared to the low-repeat group (180- 249 repeats). SCA27B is a common and genetically defined cause of late-onset cerebellar ataxia with a heterogeneous clinical phenotype. Recognition of key clinical clues, including gait ataxia, downbeat nystagmus, vestibular features, oculomotor abnormalities and episodic symptoms, is essential to facilitate timely diagnosis and appropriate genetic testing. Repeat size of 250 and above seems to be associated with higher odds of gait ataxia and dysarthria compared to repeat size below 250."
263,"Seronegative immune-mediated cerebellar ataxia in young children is poorly defined and may be mistaken for self-limited post-infectious ataxia when magnetic resonance imaging and antibody panels are negative. A previously healthy 2-year-old girl developed acute cerebellar ataxia with gait instability, frequent falls, limb tremor, and choking while drinking. Brain/cerebellar magnetic resonance imaging was normal. At relapse, an equivocal cervical cord T2 signal was not confirmed on dedicated cervical imaging or accompanied by myelopathic signs. Extensive serum and cerebrospinal fluid antibody testing was negative. Initial cerebrospinal fluid showed mild pleocytosis; oligoclonal bands were reported as negative, although a single cerebrospinal fluid band was noted. She improved after intravenous immunoglobulin and high-dose corticosteroids but relapsed after early steroid discontinuation. At relapse, cerebrospinal fluid pleocytosis increased to 251 × 10⁶/L, with type 2 cerebrospinal fluid-restricted oligoclonal bands and intrathecal immunoglobulin M synthesis. Epstein-Barr virus serology suggested recent infection, but blood and cerebrospinal fluid Epstein-Barr virus DNA were negative. Genetic and metabolic testing was unrevealing. Rituximab was introduced as consolidation therapy after repeat first-line immunotherapy, while oral prednisone was tapered from 1 mg/kg/day to discontinuation in January 2026. Four weekly infusions depleted peripheral B cells, and a fifth infusion was given after B-cell reconstitution. No infusion reactions or infectious complications occurred. The retrospectively estimated Scale for the Assessment and Rating of Ataxia gait/posture subscore improved from 12/18 at relapse to 0/18 during follow-up. This case highlights serial evolution of intrathecal immune activation in relapsing seronegative pediatric cerebellar ataxia and adds pharmacodynamic and clinical follow-up support for the feasibility of B-cell-monitoring-guided rituximab consolidation in selected relapsing cases. Causal efficacy cannot be inferred from a single case treated with intravenous immunoglobulin, corticosteroids, and a subsequent prednisone taper."
264,"Altered cerebellar resting-state functional connectivity (FC) may contribute to hand motor impairment in People with Multiple Sclerosis (PwMS). We aimed to assess whether: 1. FC abnormalities of the sensorimotor and cognitive cerebellum (smCb, cCb) are associated with impaired hand dexterity; 2. these alterations contribute to impaired hand dexterity beyond structural brain and spinal cord damage. Six hundred and sixty-seven subjects from the Italian Neuroimaging Network Initiative database were included: two hundred forty-eight PwMS with impaired (iPwMS) and two hundred forty-eight with preserved hand dexterity (pPwMS), and one hundred seventy-one healthy controls (HC). We obtained measures of white matter lesion load, cortical, deep gray matter and cerebellar volumes, and C2-C3 spinal cord area. Cerebellar FC of the smCb and cCb was evaluated using voxel-wise seed-based analyses. Group comparisons were performed using ANCOVA models, with and without adjusting for global and regional structural measures. Compared to HC and pPwMS, iPwMS showed widespread FC reductions of both smCb and cCb in several cortical, subcortical, and cerebellar regions (p < 0.05, FDR-corrected), whereas pPwMS did not differ significantly from HC. After adjusting for structural measures, FC reductions in iPwMS persisted, although to a lesser extent, particularly in cortical and cerebellar regions. Cerebellar FC reductions involving both sensorimotor and cognitive domains are robustly associated with impaired hand dexterity in PwMS and remain significant even after controlling for brain and spinal cord structural damage. This suggests that cerebellar FC alterations are a key, only partly structure-dependent contributor to dexterity impairment, highlighting cerebellar connectivity as a promising target for motor rehabilitation in MS."
265,"We report a 68-year-old man with anti-Yo/Purkinje cytoplasmic autoantibody type 1 (PCA-1)-associated rapidly progressive cerebellar syndrome in the underlying oropharyngeal squamous cell carcinoma (SCC). The patient developed subacute cerebellar ataxia, and brain MRI demonstrated progressive cerebellar atrophy. Anti-Yo/PCA-1 antibodies were detected by immunoblotting, and IgG reactivity against cerebellar degeneration-related protein 2 (CDR2) and 2-like (CDR2L) was identified using a research-use multiplex autoantibody array assay. Immunohistochemical staining of the oropharyngeal SCC showed immunoreactivity with an anti-CDR2L antibody in tumor cells. Although anti-Yo/PCA-1-associated rapidly progressive cerebellar syndrome has rarely been reported in patients with SCC, tumor expression of CDR2L has not been demonstrated in such cases. This case supports the diagnostic value of examining tumor CDR2L expression in anti-Yo/PCA-1-associated rapidly progressive cerebellar syndrome with non-breast/non-gynecologic malignancies, especially SCC."
266,"The cerebellum, a component of the central nervous system, has long been recognized for its role in coordinating movement. However, it was only toward the end of the 20<sup>th</sup> century that its functions were recognized as extending far beyond this traditional view. The cerebellum serves as a universal coordinator and regulator of both motor and non-motor higher cortical functions, including cognitive, speech, communication, and emotional processes. Anomalies and pathologies of the cerebellum during development can significantly impact the structural and functional maturation of all brain structures, particularly the cerebral cortex, thereby playing a crucial role in the development of autism spectrum disorders."
267,"Dear Editor, Cutaneous metastases are a relatively rare skin condition, but when appear portrend unfavorable outcome of the disease. The most common skin metastases among women are those originating from breast carcinoma and melanoma. On the other side, melanoma, squamous cell carcinoma of the head and neck, lung, and colon carcinoma most commonly metastasize towards to the skin among men. The diagnosis of skin metastases often comes long after the primary cancer diagnosis (1,2). According to Globocan 2020 estimation, gastric carcinoma ranks as the fourth leading cause of cancer deaths for both genders combined (3). Cutaneous metastases of gastric carcinoma are rare, occurring in 0.2% - 2% of cases, predominantly in males (4). We present the case of a 63-year-old Caucasian woman who was referred to a dermatologist-oncologist due to the presence of multiple infiltrative, dark red plaques of varying sizes on her back in January of 2022 (Figure 1a). Dermatoscopic examination revealed orange-yellow patches, fine, short, and linear vessels, geometric, linear, and scattered perifollicular white scales, red dots, and spermatozoa-like structures (Figure 1b). Following a detailed review of her medical history, it was revealed that three years prior, she had undergone surgical treatment for gastric cancer with Krukenberg metastases. The surgery involved subtotal gastrectomy and hysterectomy with bilateral salpingo-oophorectomy. Post-operatively the patient received three cycles of cisplatin and 5-fluorouracil, followed by five cycles of capecitabine. The treatment resulted in successful locoregional control and reduced risk of relapse, until the apperance of skin lesions. These observations led the dermatologist-oncologist to suspect cutaneous metastases, prompting a biopsy of the skin plaques for pathohistological analysis, which subsequently confirmed metastatic deposits in the skin. The histopathological examination identified the cutaneous metastasis as originating from a poorly differentiated adenocarcinoma characterized by signet ring cells (Figures 2a and 2b). Considering the patient's history of gastric cancer surgery, a gastric origin for the metastasis was highly probable. However, due to an inconclusive immunohistochemical result, the possibility of breast tumor origin should be clinically ruled out. A mammography exam showed no signs of malignancy. MRI of the endocranium revealed leptomeningeal carcinomatosis, edema, and vein thromboses, as well as lesions in the cerebellum. Furthermore, metastatic deposits were observed in the scintigram of the right ribs (IV, V, IX) and the left ribs (VIII, IX), as well as Th9-Th1, L1-L5 vertebrae, and carpal bones. (Figure 2c) Cutaneous metastases of gastric carcinoma vary in presentation, commonly appearing as nodules, plaques or inflammatory telangiectatic lesions (5). Pathohistological examination depends on the malignancy's origin, typically showing intact epidermis, a free Grenz zone, and atypical cells in the dermis. If it is unable to confirm the primary tumor, immunohistochemical staining results of the skin are very valuable (6). In our case, immunohistochemical staining helped rule out underlying breast cancer. The pathogenesis of skin metastases is complex, often involving direct postsurgical implantation or hematogenous/lymphatic spread. Poorly differentiated adenocarcinomas, especially those with signet cells, have a higher incidence of delayed cutaneous metastases comparing to other gastric cancers. The concept of tumor dormancy could explain the belated appearance of cutaneous skin deposits, as it refers to the arrest of tumor growth or metastatic dissemination. In terms of cutaneous metastases, it means that isolated dormant micrometastases are clinically undetectable, causing neither symptoms nor any clinical signs for a long period (7-9). The pathway of awakening dormant cells leads to the relapse of the disease and the appearance of skin changes. The triggers for activation of dormant cells are not fully understood, but a handful number of reports suggest that the awakening of these cells is the final step of the metastatic outbreak (10). Our case confirms that manifestation of cutaneous metastases occurs at the terminal stage of the cancer disease, making it clear that timely therapy and vigilance for atypical skin changes are very important. This case underscores the need for a multidisciplinary approach to manage such manifestations."
268,"In the mammalian cerebellum, three types of astroglial cells-Bergmann glial cells (BGs), inner granule cell layer (IGL) astrocytes, and white matter (WM) astrocytes-arise in postnatal timing from two types of progenitors: Bergmann glia-like progenitors (BGLPs) and astrocyte-like progenitors (AsLPs). In contrast to AsLPs, which are commonly observed in other brain regions, BGLPs have not been well studied. Here, we investigate differentiation abilities, gene expression profiles and differentiation control mechanisms of BGLPs at postnatal stages. BGLPs and AsLPs decrease in number as development progresses from postnatal day 0 (P0), and are almost absent by P10. By utilizing an electroporation-based method to BGLPs, we found that P6 BGLPs differentiate into BGs and IGL astrocytes, but not into WM astrocytes, consistent with a previous report. However, P0 BGLPs were observed to differentiate into not only BGs and IGL astrocytes, but also WM astrocytes and a small number of molecular layer inhibitory neurons. By conducting spatial transcriptomic analysis with over 5000 probes (Xenium), we successfully identified distinct clusters corresponding to BGLPs at P0 and P6, respectively, and genes preferentially expressed in P0 and P6 BGLPs. In addition, upstream regulatory analysis using Enrichr identified Foxm1 and Nfia as candidate regulators that affect stage-specific properties of BGLPs. in vivo knockdown and overexpression experiments further demonstrated that precise regulation of Foxm1 and Nfia expression is important for proper progeny production from postnatal BGLPs. This study gives insights into understanding molecular nature and differentiation ability control of BGLPs during postnatal cerebellar development."
269,"Atypical porcine pestivirus (APPV) is a pestivirus that infects swine and has been associated with congenital tremor (CT) in piglets in the field, as well as those born to experimentally infected sows. However, APPV has also been detected in swine of various ages without clinical signs. Experimental and field studies have demonstrated prolonged detection of viral RNA in serum, secretions, and tissues. For this work, nine gilts from a longitudinal APPV field study were selected based on birth in CT-positive litters and evidence of prolonged detection of virus in the sera. These six-month old animals were transported to a research facility for further sampling, breeding, and necropsy. The gilts were placed in contact with naïve animals for approximately one month at two different timepoints, prior to and during gestation, to assess transmission. After farrowing, litters were monitored for CT and tested for APPV. Following arrival, serum samples were PCR-negative for APPV; however, the gilts consistently tested positive in oral fluids and had detectable APPV in the cerebellum months later at necropsy. The gilts had a delayed humoral immune response, with the majority not seroconverting until approximately ten months of age. There were PCR-positive tissues and evidence of seroconversion in animals from both contact groups; however, none of the litters tested PCR-positive for APPV. These findings improve our understanding of the temporal dynamics and transmission potential of APPV infection and can help guide control measures to reduce viral spread."
270,"<b>Background:</b> Childhood maltreatment is associated with behavioural dysregulation, including heightened impulsivity, but the psychological and neurobiological pathways linking early adversity to impaired self-regulation remain unclear.<b>Methods:</b> This study tested theory-informed statistical mediation models to examine whether specific childhood maltreatment subtypes were associated with impulsivity through region-specific cortical thickness and personality traits. Sixty-one healthy adults completed the Childhood Trauma Questionnaire, NEO Five-Factor Inventory, and Barratt Impulsiveness Scale, and 59 also underwent 3 T structural MRI. An exploratory extension was conducted in an affective disorder cohort.<b>Results:</b> In healthy adults, associations between maltreatment and attentional, motor, and non-planning impulsivity were primarily indirect through personality traits. Physical neglect was associated with lower agreeableness and conscientiousness, whereas emotional neglect was associated with higher neuroticism and lower conscientiousness and extraversion. Cortical thickness further contributed to these pathways, particularly in the anterior cingulate cortex and ventral medial-orbitofrontal regions. In the affective disorder cohort, the maltreatment-personality-impulsivity structure was partly retained, but cortical involvement differed, with pathways involving ventral cingulate, lateral prefrontal, and medial orbitofrontal regions. These clinical findings should be interpreted as exploratory.<b>Conclusions:</b> Findings support a multilevel framework in which childhood maltreatment is statistically associated with impulsivity through personality traits, with additional contribution from cortical thickness in regulatory brain systems. Clinical context may be associated with differences in neurobehavioral organisation linking early adversity, personality, and impulsivity."
271,"Bribery typically arises in power-asymmetric interpersonal interactions requiring immoral collaboration between a briber and a power-holder. While previous research has predominantly adopted a single-person aspect, the neurocognitive foundation of its collaborative nature remains largely unexplored. In this study (N = 112), we combined a novel dyadic behavioral paradigm, computational modeling, and functional near-infrared spectroscopy hyperscanning to investigate the cognitive mechanisms and inter-brain synchrony (INS) involved in bribery decision-making. Anonymous pairs participated in a multiround coin-guessing game involving two roles. Players could propose offers to earn rewards immorally (Bribery) or morally (Control), and judges decided whether to accept them. INS in the bilateral prefrontal cortex (PFC) and right temporoparietal junction (rTPJ) were measured during decision-making. Behaviorally, fewer deals were reached in the Bribery condition, as computational modeling showed that the moral costs of bribery devalued both self-interest and the counterparts' gains. Neurally, distributed INS patterns in the PFC and rTPJ specifically represented bribery-related value information. Additionally, bribery-specific INS features-particularly those associated with moral cost, later decision phases, and rTPJ-accurately forecasted the overall bribery agreement rate across dyads. These findings highlight frontoparietal INS as a key neural marker of coordinated bribery-related information processing, advancing understanding of the neurobiological underpinnings of interpersonal corruption."
272,"Transcranial magnetic stimulation (TMS) is a promising intervention for alcohol use disorder (AUD), yet its efficacy varies widely. Scalp-to-cortex (STC) distance influences the strength of the induced electric field, and preliminary evidence suggests sex-specific craniofacial anatomy may contribute to STC variability. However, the implications of anatomical sex differences for TMS dosing in AUD remain unclear. This study examined whether STC distance and modeled electric field magnitude differ by sex, age, and alcohol use severity across common TMS targets. High-resolution structural magnetic resonance imaging was acquired from 107 individuals with AUD (59 females, 48 males). Individualized finite-element head models were generated using SimNIBS to calculate STC distance and electric field strength at four cortical targets: medial prefrontal cortex (Afz), dorsolateral prefrontal cortex (F3), ventromedial prefrontal cortex (Fp1), and motor cortex (C3). Linear mixed-effects models assessed the effects of sex, age, and Alcohol Use Disorders Identification Test (AUDIT) score. STC distance differed significantly across sites and was larger in males than in females, with sex differences strongest at Fp1 and C3. No sex differences were observed at Afz or F3. Higher AUDIT scores predicted greater STC distance independent of age. Electric field magnitude varied significantly across sites, with reduced values at midline regions (Afz, Fp1) relative to lateral sites (F3, C3). Electric field magnitude did not differ by sex overall. Age was associated with lower estimated electric field magnitude at the cortical surface. Exploratory sex-stratified analyses indicated a steeper age-related decline in females, particularly at medial prefrontal targets. Sex-specific and age-related anatomical differences influence cortical depth and effective stimulation strength in individuals with AUD. These findings highlight the need for individualized and potentially sex-tailored TMS dosing strategies, particularly for midline prefrontal targets and for older females who may be more vulnerable to reduced TMS engagement."
273,"The primate anterior entorhinal cortex (EC) receives rich projections from the amygdala and from multimodal association areas, including the medial prefrontal, anterior cingulate, and orbitofrontal cortices. Axon terminations from these structures on the anterior EC facilitate processing of the emotional aspects of stimuli and events. The EC projects to hippocampus, which is associated with episodic memory. Processing in the anterior EC is modulated by inhibitory neurons, which in primates express the calcium-binding proteins (CBPs): calretinin (CR), or calbindin (CB) or parvalbumin (PV), which collectively account for most inhibitory neurons in the primate cortex. Here, stereological analysis of these neurochemical classes of inhibitory neurons in the anterior half of EC in humans revealed similar patterns as in rhesus monkeys. In both primate species, the densest neuronal subpopulation of presumed inhibitory neurons expressed CR, followed by CB, and lastly by PV. In both species CR neurons were most prevalent in layers I and II, CB neurons in layers II and III and PV neurons in the middle-deep layers. Moreover, the medial and lateral sectors of the anterior EC had different densities of neurons expressing these CBPs. Further analysis revealed that in the human anterior EC, virtually all PV neurons expressed the GABAergic marker GAD67/GAD1 (glutamate decarboxylase 67/glutamate decarboxylase 1), whereas only two-thirds of CB neurons and only one-third of CR neurons colocalized with GAD67/GAD1. In the entire neuronal population of the anterior half of human EC estimated by stereology, 10% expressed GAD67/GAD1, comparable to the collective population of CBP-positive neurons that colocalized with GAD67/GAD1. These findings reveal that the medial and lateral sectors of anterior EC have distinct inhibitory microenvironments, which likely affect the processing of input and output of hippocampus."
274,"Suicide remains a critical global public health issue, and the ideation-to-action framework suggests that suicidal ideation and attempts involve distinct processes. However, the neurobiological mechanisms underlying the transition from suicidal ideation (SI) to suicide attempts (SA) have not been fully understood, particularly in clinically heterogeneous psychiatric populations. This study aimed to investigate whether resting-state electroencephalography (EEG) connectivity patterns can differentiate suicidal ideation and attempts. Resting-state functional connectivity as measured by EEG was analyzed among 244 participants, categorized into three groups: non-suicidal, suicidal ideation only, and suicide attempt. The analysis focused on the default mode network (DMN) and inhibition network using source-level analysis. Group differences were examined first in the full sample and then repeated in the depressive disorder subgroup (N = 78) to evaluate whether findings were more evident within a diagnostically more homogeneous context. In the full sample, no significant group differences survived either global or network-based false discovery rate correction in either network. In the depressive disorder subgroup, however, the suicidal group (SI + SA) showed reduced theta-band functional connectivity within the DMN, particularly between the dorsomedial prefrontal cortex and right inferior parietal lobule, compared with the non-suicidal group. No significant differences were observed between the SI-only and SA groups, and no significant findings emerged in the inhibition network. Altered DMN connectivity may be relevant to suicidal ideation in depressive disorders, while inhibition-network connectivity did not differentiate SA from SI-only. These findings are broadly consistent with aspects of the ideation-to-action framework and highlight the importance of considering diagnostic context when interpreting resting-state EEG findings in suicide research."
275,"Misophonia is a poorly understood clinical condition characterized by reduced tolerance to select trigger sounds. Whether misophonic distress and its regulation involve unique neural mechanisms compared to other forms of emotion dysregulation remains unclear. We used functional magnetic resonance imaging (fMRI) to identify putative neural signatures of misophonic reactivity and regulation compared to a transdiagnostic clinical control group. Twenty-nine adults with misophonia and 30 with high emotional dysregulation and a DSM-5 psychiatric disorder underwent an fMRI session. After the presentation of misophonic, aversive, or neutral sound cues, they either experienced emotions naturally or reduced negative affect through cognitive reappraisal. Compared to controls, participants with misophonia showed greater distress after listening to or downregulating misophonic sounds and lower distress when listening to non-misophonic aversive sounds. Listening to misophonic sounds elicited lower functional connectivity between the right insula and the left dorsomedial prefrontal cortex (dmPFC), and between the left insula and the right superior temporal sulcus, in the misophonia group compared with controls. During the regulation of misophonic sounds, the misophonia group showed increased left insula connectivity with the anterior cingulate cortex and increased right insula connectivity with the bilateral dmPFC and other sensorimotor regions compared to controls. In the misophonia group only, higher emotion dysregulation and lower habitual use of reappraisal were respectively associated with increased insula-dmPFC connectivity and with increased insula connectivity with the dorsolateral prefrontal cortex. Prefrontal cortex activation during regulation of misophonic distress was not significantly different between the two groups. Insula activity and connectivity may be key features that distinguish misophonia from other forms of emotional dysregulation. These novel findings identify candidate neural processes that may be selectively associated with misophonia, as well as processes that may be shared between misophonia and other forms of emotion dysregulation."
276,"DEK is an estrogen-responsive chromatin-remodeling protein broadly expressed in the murine and human brain, with high expression in memory-relevant regions such as the hippocampus. Prior work from our group and others has linked DEK loss to cellular features associated with Alzheimer's disease and Alzheimer's disease-related dementias. Notably, our group has demonstrated that DEK expression declines with increasing dementia severity in women, but not in age-matched men, suggesting a sex-specific relationship between DEK loss and cognitive vulnerability. Together, these findings support a potential neuroprotective role for DEK; however, functional consequences of DEK loss in vivo were unknown. Here, we examined behavioral and molecular consequences of Dek loss using male and female constitutive knockout (cKO) mice assessed across cognitive, sensorimotor, and affective domains. Across assays, Dek cKO mice of both sexes exhibited intact locomotor activity, anxiety-related behavior, sensorimotor gating, and fear-associated memory. In contrast, female Dek cKO mice displayed selective impairments in cognitive flexibility despite preserved spatial learning and memory, a phenotype not observed in males and indicative of female-specific vulnerability following DEK loss. This sex difference, observed during Morris water maze reversal learning, suggests disruption of hippocampal-prefrontal circuitry. Guided by known sex differences in hippocampal DEK expression, transcriptomic profiling of hippocampal tissue revealed shared and sex-specific consequences of Dek deficiency, including alterations in cytoskeletal organization, neuronal signaling, chromatin regulatory mechanisms, and cellular stress pathways. Collectively, these findings demonstrate sex- and cognitive-domain-specific effects of DEK loss and support further investigation of DEK in executive function and hippocampal-prefrontal cortex-mediated cognition."
277,"Major depressive disorder (MDD) ranks among the foremost contributors to disability worldwide, yet its neurophysiological mechanisms remain poorly understood. Excitation-inhibition (E/I) imbalance has been implicated in MDD pathophysiology, but cortex-wide E/I ratio and its molecular substrates in MDD remain unknown. Resting-state functional magnetic resonance imaging data from 254 MDD patients and 451 healthy controls (HCs) across six sites were analyzed. The Hurst exponent, a biophysically confirmed proxy of E/I balance, was estimated using a fractionally integrated process framework. Neurobiological decoding analyses were performed to map the transcriptomic and neurochemical signatures of cortical E/I imbalance in MDD. An independent ketamine clinical trial dataset (32 treatment-resistant depression patients and 21 HCs) was used to examine ketamine-induced changes in cortical E/I balance. Patients with MDD demonstrated significantly reduced Hurst exponent values, predominantly encompassing the parietal and prefrontal-cingulate cortices. Transcriptomic analysis identified enrichment for neuronal structural organization, nucleic acid metabolism, and mitochondrial function, with preferential overlap with excitatory and inhibitory neuron-specific gene sets. Neurochemically, Hurst exponent alterations were spatially associated with GABAergic, opioidergic, serotonergic, and synaptic density distributions. Divergent group-by-treatment effects were observed in the anterior cingulate and medial prefrontal cortices, with ketamine-induced increases in TRD patients. These findings highlight that prefrontal-cingulate E/I imbalance, anchored to specific transcriptional and neurochemical substrates, may underlie the pathophysiology of MDD and the antidepressant effects of ketamine. The Hurst exponent offers a promising neuroimaging approach for probing E/I imbalance and identifying potential treatment targets in depression."
278,"Substance use disorders (SUDs) are associated with significant sleep disturbances, which contribute to increased relapse risk and poorer treatment outcomes. Repetitive transcranial magnetic stimulation (rTMS) has emerged as a promising intervention for SUDs and has been shown to improve sleep in other clinical populations. However, its influence on sleep in individuals with SUDs has not been systematically examined. Understanding this relationship is critical, as improving sleep could enhance treatment outcomes and reduce relapse risk. A systematic literature search was performed on PubMed, Medline, EMBASE, Web of Science, and PsycINFO for primary research. Keywords included ""transcranial magnetic stimulation,"" ""substance use disorders,"" and ""sleep"". Eligible studies included adults diagnosed with any SUD according to standardized criteria, rTMS as an addiction treatment, and sleep outcomes using either self-reported or objective measures. Twelve studies met inclusion criteria. Ten reported statistically significant sleep improvements following rTMS, with common parameters among these positive studies including stimulation of the left dorsolateral prefrontal cortex and protocols delivering ≥10 sessions. All studies used subjective measures for the sleep outcomes, and most focused on individuals with methamphetamine or cocaine use disorder. Understanding the effects of rTMS on sleep in SUDs is crucial for improving treatment strategies. Findings suggest that rTMS may improve sleep in this population, but further studies using objective sleep measures, more diverse samples, and longer-term follow-up are needed. If validated, rTMS could be a multifaceted tool to improve both substance use and sleep outcomes."
279,"Parkinson disease (PD) is characterized by motor symptoms as well as progressive cognitive decline leading to long-term functional impairment and diminished quality of life. Mild cognitive impairment in PD (PD-MCI) is a risk factor for developing PD-related dementia. PD-MCI provides a window to assess interventions that can improve cognition. Repetitive transcranial magnetic stimulation (rTMS) shows promise as an effective treatment to improve cognitive performance. This study aims to test the safety and feasibility of a 10-session, high-frequency rTMS protocol applied to the left dorsolateral prefrontal cortex and the rTMS efficacy in improving cognitive test performance among veterans with PD-MCI. This is a double-blind randomized controlled trial. We will enroll US military veterans with PD-MCI. Participants will be randomized to either active or sham rTMS treatment groups, each with 10 treatment sessions (2 sessions/day). Treatment need not be consecutive; rather, they can be spread across approximately 10 days (eg, Monday, Wednesday, Thursday, Monday, Tuesday, and Wednesday). Participants randomized to active rTMS will receive stimulation applied to the left dorsolateral prefrontal cortex at 110% the resting motor threshold, a 15-Hz rate, 5 seconds per train of pulses, a 10-second intertrial interval, and 40 trains of pulses per session. Each patient will receive approximately 3000 pulses per session. Sham stimulation will be administered at the same parameters as real rTMS; however, no magnetic field will be produced on the placebo side of the active or placebo coil. This protocol was approved by the Edward Hines Jr Veterans Administration Hospital and Jesse Brown Department of Veterans Affairs Medical Center institutional review boards. This study includes a Food and Drug Administration investigational device exemption (G190076). Safety will be assessed using the number of research-related adverse events experienced by the active rTMS group compared to the sham rTMS group. Feasibility will be assessed using protocol completion rates. To examine preliminary effects of rTMS, participants will complete a standardized neurocognitive battery assessment at baseline, end point, and 1-month follow-up. The primary study outcome is the change in score from baseline to end point on the National Institutes of Health-sponsored Executive Abilities: Measures and Instruments for Neurobehavioral Evaluation and Research Executive Composite score. This project was funded in June 2019, with additional funding secured in April 2024. As of April 2025, a total of 18 veterans with PD-MCI have completed the randomized controlled trial phase. Data collection is ongoing and will be completed by March 2027. We expect the results of this study to be available by March 2028. The knowledge gained on the safety, feasibility, and efficacy of rTMS will set the stage for future research optimizing therapeutic gains for existing cognitive rehabilitation treatments or developing new and adjunct treatments for PD-MCI. ClinicalTrials.gov NCT03836950; https://clinicaltrials.gov/study/NCT03836950. DERR1-10.2196/77241."
280,"Deep brain stimulation (DBS) is a promising therapeutic modality for managing treatment-resistant depression. Most DBS research has focused on single brain regions resulting in unclear optimal stimulation targets and vague mechanisms. Here, we introduce an experimental paradigm in which multiple graphene fiber stimulating electrodes were implanted in various brain regions of the same depressive animal for behavioral testing and DBS-functional MRI studies. We observed an instantaneous alleviation of depressive-like symptoms with a high response rate in Wistar-Kyoto rats following DBS at the medial forebrain bundle (MFB), lateral habenula (LHb), ventral tegmental area (VTA), and dorsal raphe nucleus (DRN), with a highly similar blood-oxygenation-level-dependent (BOLD) activation pattern, engaging the cortical areas, limbic, serotonin, and dopamine system where the BOLD activation levels in the medial prefrontal cortex (mPFC) and cingulate cortex showed strongest correlation with the degree of depression alleviation. No antidepressant effects were observed in DBS at the mPFC or nucleus accumbens. Lesion of VTA dopaminergic neurons resulted in a decrease in the extent of depression alleviation and BOLD activation levels. These results indicate that DBS targeting the MFB, LHb, VTA, and DRN might represent a rapid-acting antidepressant therapy by activating a highly overlapping dopamine-related neural network."
281,"Prevailing views of reward encoding focus on excitatory neurons with GABAergic interneurons relegated to a supporting role, overlooking their potential to independently encode information. Here we simultaneously examine reward encoding in GABAergic interneurons in medial prefrontal cortex (mPFC) and ventral hippocampus (vHip) in male mice, regions in which glutamatergic neurons integrate outcomes to modulate task engagement. We find a common state-sensitive encoding motif in GABAergic neurons whereby relative suppression of neural activity maps onto outcome history. Decomposing behavior into bouts of exploration and exploitation, we find that exploration gates encoding of outcome history in both mPFC and vHip GABAergic neurons. Globally, interneuron activity in both regions predicted engagement independent of state, but choice prediction was state-dependent and distributed between mPFC and vHip. Overall, these findings indicate that GABAergic neurons also participate in outcome encoding, with behavioral state shaping their role in reward-processing circuits guiding reward-motivated behavior."
282,"Social recognition, the ability to distinguish between individuals, is essential for cognitively demanding social behaviors. The anterior olfactory nucleus (AON), a primary olfactory cortical region, is implicated in this process, but the underlying neurocircuitry remains poorly understood. Here, we generated a novel mouse line to enable genetic access to AON pyramidal neurons and mapped their whole-brain synaptic inputs and outputs. The medial prefrontal cortex (mPFC), a crucial hub for social cognition, is the primary neocortical target of AON neurons, which form monosynaptic excitatory connections with a substantial fraction of mPFC neurons. The AON→mPFC pathway is activated during social investigation, and chemogenetic inhibition of this pathway impairs social recognition. Moreover, an analogous AON-prefrontal pathway is present in humans, as supported by resting-state functional magnetic resonance imaging (fMRI) functional connectivity analyses. Taken together, these findings reveal a conserved olfactory-prefrontal circuit spanning mice to humans, potentially linking olfactory dysfunction to neuropsychiatric disorders."
283,"Working memory (WM) is a core cognitive function that is both mechanistically tractable and clinically relevant, making it a prime target for noninvasive neuromodulation. However, transcranial magnetic stimulation (TMS) studies targeting the dorsolateral prefrontal cortex (DLPFC) have yielded variable WM outcomes, possibly because single-site protocols fail to engage the distributed network dynamics that support WM and because effects depend on momentary brain states. Here, we tested whether dual-site sequential TMS, excitatory intermittent theta-burst stimulation (iTBS) over left DLPFC combined with inhibitory continuous theta-burst stimulation (cTBS) over medial prefrontal cortex (mPFC), produces state-dependent modulation of WM performance compared with single-site DLPFC stimulation alone. Thirty-seven healthy adults completed a within-subjects protocol with intermixed 0-back and 2-back WM conditions. Self-reported fatigue before each task run served as a coarse indicator of the participant's cognitive state. Bayesian linear mixed models revealed a clear state-dependent pattern: in the high-load 2-back condition, dual-site stimulation improved accuracy when participants reported low fatigue but impaired accuracy when they reported high fatigue. No reliable effects were found for the 0-back condition or for reaction time. These findings demonstrate that dual-site prefrontal TMS can bidirectionally modulate WM accuracy relative to single-site stimulation depending on the participant's cognitive state, highlighting the importance of state-aware and network-sensitive stimulation approaches for cognitive enhancement."
284,"Interest in parvalbumin (PV) neurons has surged in recent years, driven by new insights into their role in the pathogenesis of depression. As a key class of γ-aminobutyric acid (GABA)-ergic interneurons, PV neurons have emerged as critical regulators of excitatory-inhibitory (E/I) balance, a core mechanism disrupted in depression. Growing evidence links PV neuron dysfunction to mood disturbances and cognitive impairments in depression. Recent studies highlight molecular alterations in PV neurons, including gene regulation, epigenetic modifications, and neurotransmitter/receptor imbalances, as well as circuit dysfunctions in the medial prefrontal cortex, hippocampus, and amygdala in depression. Interventions targeting PV neurons, such as pharmacological agents, neurotrophic factor modulation, and neuromodulation, show promise in restoring function. This review summarizes current advances in the molecular and circuit mechanisms of PV neuron dysfunction in depression, with the aim of providing a useful reference for future related studies."
285,"Recurrent cocaine seeking is a hallmark of cocaine use disorder. To develop therapeutic targets, it is critical to understand the neurobiological changes specific to cocaine-seeking in context with the seeking of non-drug rewards, e.g., sucrose. The nucleus accumbens (NAc) and medial prefrontal cortex (mPFC) are known regions associated with cocaineand sucrose-seeking ensembles, i.e., a sparse population of co-activated neurons linked with behavior. Within ensembles, transcriptomic alterations in the NAc and mPFC underlie the learning and recall of cocaine- and sucrose-seeking behavior. However, the transcriptomics exclusively driving cocaine seeking independent from sucrose seeking have not yet been defined using a within-subject approach. Using Ai14:cFos-TRAP2 transgenic mice in a dual cocaine and sucrose self-administration model, we fluorescently sorted and characterized the transcriptomes defining cocaine-seeking in reference to the sucrose-seeking ensemble, overlapping ensemble in between cocaine and sucrose-seeking, and the non-ensemble population. Our data suggests there are robust transcriptomic changes linked with cocaine-seeking that differ from sucrose-seeking ensembles and the non-ensemble population which could guide future studies aimed to detangle cocaine-seeking behavior without altering non-drug reward seeking."
286,"Mild cognitive impairment (MCI) is associated with age-related alterations in neural oscillatory activity and cerebral hemodynamics, while mobility limitations often restrict participation in conventional exercise-based interventions. This study investigated exploratory, single-arm, within-subject short-term neurovascular and electrophysiological responses to a combined visual and vibration stimulation protocol in older adults with MCI. Cerebral blood flow was assessed using near-infrared spectroscopy (NIRS) in 27 participants, and electroencephalography (EEG) was additionally recorded in a subgroup of nine participants (<i>n</i> = 9) drawn from the same cohort. The intervention consisted of simultaneous 40 Hz visual flicker and low-frequency mechanical vibration delivered during a seated condition. Changes in total hemoglobin concentration and EEG power in predefined frequency bands were analyzed before and after the intervention, with additional time-window analyses to examine temporal dynamics. At baseline, NIRS revealed higher total hemoglobin levels in the left prefrontal cortex compared with the right. Following the intervention, total hemoglobin decreased significantly in both hemispheres, with a larger reduction observed in the right hemisphere. Time-resolved analyses demonstrated an earlier hemodynamic response in the right hemisphere, followed by a delayed response in the left. EEG analyses showed a reduction in frontal gamma-band power accompanied by an increase in theta-band power in temporoparietal regions after the intervention. These electrophysiological changes were stable across time windows. Together, these findings suggest that short-term combined visual and vibration stimulation was associated with asymmetric and time-dependent changes in cerebral hemodynamics and neural oscillatory activity in older adults with MCI. This non-volitional stimulation approach may provide a feasible experimental framework for investigating brain responses in aging populations with limited mobility. Given the exploratory, uncontrolled design, acute measurement window, and small EEG subgroup, these findings should be interpreted as hypothesis-generating rather than as evidence of clinical or neuroplastic efficacy."
287,"Serotonergic psychedelics (e.g., psilocybin, LSD) have potential to treat psychiatric disorders, with therapeutic effects lasting days to weeks after a single dose. Prominent theories suggest that psychedelics have a lasting effect on hierarchical brain circuits, reducing top-down influence on information processing to facilitate an unbiased, bottom-up reassessment of the world, but direct and concrete evidence for such an effect is lacking. Here we directly tested this hypothesis in both humans and mice, assessing predictive processing in the fronto-visual system in the days after a single psychedelic exposure. Individuals who recently (<3 weeks) used 5-HT <sub>2A</sub> Receptor agonist psychedelics (psilocybin, LSD) were assessed via electroencephalography (EEG) and electrooculography recordings during a saccadic prediction task and compared to age- and sex-matched non-users. Compared to non-users, recent psychedelic users produced fewer fast saccades and less suppression of EEG delta/theta power to predictively presented stimuli, pointing to a disruption of predictive processing. These changes correlated with time since psychedelic use and were replicated in a second cohort taking a different serotonergic psychedelic (5-MeO-DMT). Direct recordings of primary visual cortex (V1) in mice administered psilocybin (1 mg/kg) evinced a similar loss of predictive suppression 24-hrs after the dose. This coincided with weakened top-down modulation of V1 from anterior cingulate area (ACa), a subregion of medial prefrontal cortex, along with clear spine growth in ACa neurons that project to V1. These results suggest that psychedelic-induced neural plasticity serves to reorganize feedback circuits in the cortex and relax top-down influence on bottom-up sensory processing - an effect that persists beyond the acute exposure period and may underlie a therapeutic window."
288,"Basal forebrain cholinergic neurons regulate cortical activity and cognition and are vulnerable in Alzheimer's disease (AD). However, the upstream circuits controlling projection-defined basal forebrain cholinergic populations remain incompletely understood. Here, we used projection-specific rabies-mediated monosynaptic tracing to map whole-brain inputs to medial prefrontal cortex (mPFC)-projecting cholinergic neurons in the nucleus basalis of Meynert (NBM) and horizontal limb of the diagonal band of Broca (HDB). mPFC-projecting NBM and HDB cholinergic neurons received broad but distinct input patterns. NBM cholinergic neurons received prominent striatal input, including input from D1-expressing medium spiny neurons, whereas HDB cholinergic neurons showed proportionally weaker striatal input and broader non-striatal contributions. Optogenetic electrophysiology confirmed that striatal inputs formed monosynaptic GABAergic inhibitory synapses onto NBM cholinergic neurons. This inhibitory transmission was weakened in 5xFAD mice, indicating impairment of a striatal-NBM inhibitory circuit in an AD mouse model. Together, these findings reveal subregion-specific input organization of mPFC-projecting basal forebrain cholinergic neurons and identify a vulnerable striatal-NBM circuit in AD. Whole-brain rabies tracing reveals input organization of mPFC-projecting BF cholinergic neurons.NBM and HDB cholinergic neurons projecting to mPFC show distinct monosynaptic input profiles.Striatal D1-MSNs are a major input source to mPFC-projecting NBM cholinergic neurons.Striatal-NBM inhibitory transmission is functionally impaired in 5xFAD mice."
289,"Neuroimmune signaling is increasingly implicated in alcohol use disorder (AUD). Microglia, the brain's resident immune cells, signal in part through the adaptor protein myeloid differentiation primary response 88 (MyD88), a key mediator of innate immune responses. Here, we investigated whether microglial-specific MyD88 signaling regulates voluntary alcohol consumption in adulthood, as whole-body loss of MyD88 was previously shown to increase drinking. We further determined if alcohol altered parvalbumin-expressing interneurons (PVIs) and microglia within the pre-frontal cortex, based on our previously described role for MyD88 signaling on perineuronal net (PNN) deposition on PVIs in several brain regions, and the well characterized role of inhibitory signaling in alcohol use disorders. Loss of microglial-MyD88 had minimal effects on voluntary alcohol intake and anxiety-like behaviors. Alcohol exposure did not modify observed MyD88-dependent changes in PVIs/PNNs, despite altering microglial morphology in the male prefrontal cortex independent of genotype. The addition of an early life endotoxin challenge was sufficient to induce an increase in adult alcohol consumption in both MyD88-deficient and control males. However, injection of saline alone also induced an increase in adult drinking in MyD88-deficient males. These findings suggest that microglial-MyD88 signaling does not strongly regulate alcohol intake under baseline conditions in a one-bottle, voluntary binge-drinking paradigm, however there may be a role for microglial-MyD88 signaling in modulating the impact of developmental environmental contexts, such as stress, in later-life male drinking behavior. This work highlights the importance of developmental context, such as stress or inflammatory history, in understanding underlying microglia signaling mechanisms in conferring AUD risk."
290,"Recent behavioral and neural research on reading shows that humans can extract syntactic structure from short sentences within a fraction of a second-faster than many estimates for recognizing the meaning of a single word. This challenges a core assumption of many language processing models-that combinatory operations depend on prior lexical access. Furthermore, studies using parallel presentation of full sentences have revealed electrophysiological responses remarkably similar to those well established for single words. This raises the question of whether words, phrases, and sentences all move through the same processing stages, regardless of syntactic complexity. Using magnetoencephalography, we examined how single words, phrases, and sentences are processed when all visual information is available at once. Across all three levels, we observed highly similar waveform dynamics, with early responses reflecting bottom-up detection of form, followed by activity in the left anterior and posterior temporal cortices and ventromedial prefrontal cortex consistent with combinatory processing. Of these regions, the left anterior temporal lobe showed effects of bigram frequency suggestive of serial left-to-right dynamics. Together, these results support a Global-to-Sequential Assembly model in which the brain first detects the global form of the stimulus in a snapshot-like manner and then probes its combinatory properties through partially serial processes."
291,"Prior structural magnetic resonance imaging (MRI) studies of attention-deficit/hyperactivity disorder (ADHD) have primarily focused on clinically diagnosed samples, whereas the neuroanatomical correlates of dimensional ADHD traits in healthy young adults (aged 18-27 years) remain insufficiently characterized, and it is unclear whether neuroanatomical patterns reported in clinically diagnosed samples generalize to subclinical trait variability in young adulthood. We therefore examined whole-brain voxelwise associations between gray matter volume (GMV) and the Conners' Adult ADHD Rating Scales (CAARS) Hyperactivity/Restlessness subscale as the primary analysis, and evaluated associations with other CAARS scales on an exploratory basis, using voxel-based morphometry (VBM). Participants were 534 healthy young adults (304 males, 230 females; aged 18-27 years) without an ADHD diagnosis. ADHD traits were assessed using CAARS. High-resolution T1-weighted structural MRI data were acquired on a 3-Tesla scanner. GMV was analyzed using VBM implemented in SPM12. Voxelwise multiple-regression analyses were conducted, with Hyperactivity/Restlessness as the primary scale of interest and other CAARS scales examined in separate exploratory models. Statistical significance was set at <i>p</i> < 0.05 (cluster-level family-wise error [FWE]-corrected), using a voxelwise cluster-forming threshold of <i>p</i> < 0.001 (uncorrected). GMV in the right dorsolateral prefrontal cortex (DLPFC) showed a small but statistically significant positive association with Hyperactivity/Restlessness scores (cluster-level FWE-corrected <i>p</i> = 0.017). No significant associations were observed for other CAARS subscales, and no significant sex-stratified effects were detected. These findings are consistent with a dimensional perspective on ADHD-related traits and suggest that interindividual differences in Hyperactivity/Restlessness may be reflected in subtle GMV variation in the right DLPFC among healthy young adults. Further multimodal and longitudinal studies are warranted to clarify developmental and mechanistic interpretations."
292,"Delirium is a prevalent neuropsychiatric syndrome affecting up to 50% of hospitalized elderly patients, associated with increased mortality, cognitive decline, and health care costs exceeding $164 billion annually. Despite its clinical burden, the genetic architecture underlying susceptibility to delirium remains poorly characterized. We developed an agentic artificial intelligence pipeline integrating genome-wide association study (GWAS) data from FinnGen Release 12 (6854 cases; 384,461 controls) with causal transcriptome-wide association study (cTWAS) using brain-specific eQTL data from Genotype-Tissue Expression. Spatial transcriptomics analysis (gsMap) was performed on the human dorsolateral prefrontal cortex to characterize layer-specific expression patterns. Deep learning models (Enformer, SpliceTransformer) were applied to predict functional consequences of identified variants. GWAS identified a strongly associated locus on chromosome 19q13.32, with lead variant rs429358 (<i>P</i> = 2.79 × 10<sup>-70</sup>) defining the apolipoprotein E (<i>APOE</i>) ε4 allele. cTWAS analysis identified two causal genes: <i>APOE</i> (posterior inclusion probabilities [PIP] = 0.871, <i>Z</i> = -8.44) and <i>ZNF226</i> (PIP = 0.604, <i>Z</i> = 5.63), exhibiting opposite directional effects. <i>APOE</i> downregulation increased susceptibility to delirium, while <i>ZNF226</i> upregulation conferred an elevated risk. Spatial transcriptomics revealed significant GWAS enrichment in Layer 5 (<i>P</i> < 0.001), with distinct layer-specific expression patterns for both genes. Enformer predicted that rs429358 substantially altered chromatin accessibility at promoter regions (H3K4me3 SNP Activity Difference = 0.30). SpliceTransformer identified significant splice site perturbations (maximum Δ = 0.45). This study provides a comprehensive genetic dissection of delirium through agentic artificial intelligence-driven multiomics integration. We identify <i>APOE</i> and <i>ZNF226</i> as causal genes with distinct mechanisms and spatial expression patterns. These findings establish a molecular framework for understanding delirium pathophysiology and identify potential therapeutic targets."
293,"Ketamine is an antagonist of the N-Methyl-D-aspartate (NMDA) receptor with the effect of inducing aberrant excitatory-inhibitory neurotransmission and oxidative neurotoxicity, which mimic the cognitive impairments found in schizophrenia. This study explored the potential of mangiferin, a strong antioxidant xanthone polyphenol, to normalize neurotransmitter levels and mitigate oxidative and glial changes in rats subjected to ketamine treatment. Male Wistar rats were anaesthetised with ketamine (50 mg/kg, i.p., for 7 days) to induce excitotoxicity and subsequently treated for 14 days with mangiferin (25, 50 or 75 mg/kg, p.o.) or risperidone (2 mg/kg, i.p.). Behavioral performance was assessed using the Morris Water Maze, Y-Maze, Open Field, and Novel Object Recognition tests. Neurochemical assays in the prefrontal, hippocampal and temporal cortices measured glutamate, γ-aminobutyric acid (GABA), dopamine, and acetylcholinesterase (AChE) activities. Cellular pathology was evaluated through histopathology (H&E) and immunohistochemistry for glial fibrillary acidic protein (GFAP) and nuclear factor erythroid 2-related factor 2 (Nrf2). Ketamine induced severe cognitive deficits, hyperlocomotion, anxiety-like behavior, reduced cortical GABA and glutamate levels, increased dopamine, and elevated AChE activity-confirming excitatory-inhibitory imbalance and cholinergic disruption. Mangiferin enhanced spatial learning, working memory, recognition memory, and normalized locomotor activity in a dose-dependent manner, with higher doses restoring performance to near control levels. Neurochemically, mangiferin increased GABA and glutamate to baseline levels while decreasing dopamine and AChE hyperactivity. Histology showed preserved cortical cytoarchitecture and reduced neuronal loss and vacuolation. Notably, mangiferin reversed ketamine-induced astrogliosis (decreased GFAP immunoreactivity) and increased nuclear Nrf2 expression, indicating activated endogenous antioxidant defenses. Mangiferin exhibited significant neuroprotection against ketamine-induced excitotoxicity through restoration of neurotransmitter homeostasis, establishment of redox resilience, and regulation of astrocytic reactivity. These multifaceted actions underscore its therapeutic potential for neuropsychiatric diseases associated with oxidative stress and glial dysfunction."
294,"Selenium-binding protein 1 (SELENBP1), previously implicated in several neurological and psychiatric disorders, was recently reported to be altered in the brains of individuals with Alzheimer's disease (AD). However, the cellular specificity of SELENBP1 in AD pathogenesis, including its role in amyloid-beta, remains unclear. Given the prominent role of microglia in amyloid-driven neuroinflammation and the hippocampal regional vulnerability in early AD, clarifying how SELENBP1 is regulated at both regional and cell-type-specific levels is essential. In this study, we examined age- and genotype-dependent changes in Selenbp1 expression in the hippocampus and prefrontal cortex of non-transgenic and 5XFAD mice at 1.5, 3, and 6 months of age by using western blot and immunofluorescence analyses. Western blot analyses revealed robust age-dependent increases in Selenbp1 expression in both regions, with no statistically significant genotype-dependent differences. However, immunofluorescence analyses showed that Selenbp1 levels were selectively increased in amyloid-vulnerable hippocampal subregions, including the dentate gyrus, dorsal subiculum, and retrosplenial cortex. Selenbp1 expression was expressed in microglia and was largely absent from neurons or astrocytes. These findings indicate that Selenbp1 elevation under AD-like conditions is region- and cell-type-specific, reflecting microglial responses detectable only through spatially resolved analysis. Therefore, Selenbp1 may represent a microglial molecular signature associated with early amyloid pathology."
295,"Transcranial random noise stimulation (tRNS) has shown promising effects on working memory, attention, and learning in healthy individuals and other clinical populations. However, evidence for cognitive benefits in schizophrenia remains limited, despite the high prevalence and clinical relevance of cognitive impairments in this group. This triple-blind, randomized, placebo-controlled pilot study (DRKS00005200) investigated the effects of tRNS on cognitive and clinical outcomes in 30 individuals with schizophrenia. Patients received either active or sham tRNS, with the anodal electrode placed over the left dorsolateral prefrontal cortex (F3 according to the international 10-20 EEG system). Stimulation consisted of a high-frequency current oscillating between 1 mA and 2 mA, applied for 20 min daily over two weeks, alongside stable antipsychotic treatment. Across primary outcomes (cognition and psychopathology), no clear evidence for robust between-group differences was observed. Effect sizes were consistently small with overlapping confidence intervals. Both groups showed comparable improvements in working memory (n-back), verbal learning (VLMT-A), attention (d2), and clinical symptoms over time. Secondary analyses indicated a small-to-moderate effect in attentional processing speed, although estimates were imprecise. Exploratory analyses further suggested a potential moderation effect in SANS anhedonia, indicating differential associations between baseline severity and follow-up outcomes across groups. Overall, the pattern of findings does not provide evidence for specific cognitive or clinical benefits of tRNS in this sample. Observed within-group improvements may reflect non-specific effects such as practice-related gains and study participation, although these cannot be isolated within the present design. Future studies should address inter-individual variability by targeting specific cognitive domains and symptom clusters, incorporating longer follow-ups, more sensitive and parallelized assessments, and optimized stimulation protocols, potentially combined with cognitive training, to clarify conditions under which tRNS may yield clinically meaningful effects in schizophrenia."
296,"Proline metabolism has been associated with schizophrenia pathophysiology; however, the underlying molecular mechanisms remain elusive. This study aimed to investigate the changes in the entire proline metabolic pathway in postmortem brains of patients with schizophrenia. Herein, enzyme-linked immunosorbent assay was performed to determine the protein levels of proline metabolism-associated key enzymes (prolidase [PEPD], proline dehydrogenase [PRODH], pyrroline-5-carboxylate synthetase [ALDH18A1], ornithine aminotransferase [OAT], and pyrroline-5-carboxylate reductase 1 [PYCR1]). Additionally, amino acids metabolized through the proline pathway, including proline, ornithine, and glutamic acid, were quantitatively analyzed through liquid chromatography-tandem mass spectrometry. The alterations in the expression of proline metabolism-associated enzymes and associated amino acid levels were analyzed in the postmortem brains of individuals with schizophrenia, and their associations with premortem clinical symptom scores were examined. Notably, in patients with schizophrenia, PRODH and PYCR1 expression significantly decreased in the superior temporal gyrus and prefrontal cortex, respectively, whereas amino acid levels showed no significant differences. Overall, the findings of this study show that dysregulation in proline metabolism may contribute to mitochondrial dysfunction owing to its close association with energy production and redox regulation. These results suggest the underlying pathophysiology of schizophrenia and provide insights for developing novel therapeutic strategies for managing schizophrenia."
297,"Maternal separation (MS) is a widely used model of early-life stress, yet the biological pathways transmitting maternal stress signals to offspring remain incompletely understood. Breast milk represents a primary biological interface between mother and infant, and stress-induced changes in milk composition may influence offspring development through the gut microbiota-brain axis. Here, we investigated whether MS alters the breast milk metabolome and whether such changes are associated with offspring gut microbiota composition, serum metabolite profiles, and serotonin-related gene expression in the prefrontal cortex. Using an integrated multi-omics approach in mice, we found that MS dams had elevated myristic acid and ethanolamine levels in breast milk. MS offspring exhibited reduced A. muciniphila abundance in the cecal microbiota, elevated myristic acid and decreased inosine in cecal contents, decreased inosine in serum, and reduced Tph2 and Htr1b expression in the prefrontal cortex. Oral myristic acid supplementation in neonatal pups reduced A. muciniphila abundance, and inosine supplementation selectively increased Htr1a expression. Spearman correlation analyses using paired individual data revealed a negative association between cecal myristic acid and cecal inosine levels, and a positive correlation between cecal inosine and prefrontal Tph2 expression, supporting quantitative links among these components. Collectively, these findings identify coordinated associations among maternal stress-induced milk fatty acid changes, offspring gut microbiota, microbial metabolites, and serotonin-related gene expression, providing an exploratory framework for understanding milk-mediated effects on the developing gut-brain axis."
298,"Posttraumatic stress disorder (PTSD) and major depressive disorder are often comorbid in humans. Psilocybin reportedly has beneficial therapeutic effects on depression, possibly by promoting neuroplasticity. PTSD is associated with the dysregulation of neuroplasticity in the hippocampus and medial prefrontal cortex (mPFC). We hypothesized that psilocybin might reduce fear memory by promoting neuroplasticity in the hippocampus and mPFC. We investigated the effects of psilocybin on fear memory and explored its underlying mechanisms. We generated a mouse model of PTSD via auditory-cued fear conditioning and treated the mice with either vehicle or psilocybin (2.5 mg/kg, intraperitoneal) on day 0. Fear memory was assessed by the percentage of freezing time in response to conditioned stimuli. Fear memory tests were conducted on days 1, 6, and 7, after which the mice were sacrificed. To investigate the role of neuroplasticity in mediating the effects of psilocybin on fear memory, we assessed structural neuroplasticity and neuroplasticity-associated marker protein levels in the hippocampus and mPFC 7 days after a single dose of psilocybin. Psilocybin reduced the cue-induced fear response on days 1, 6, and 7. Psilocybin ameliorated the fear conditioning-induced decreases in neuroplasticity in the hippocampus and mPFC. Through Golgi-Cox staining, Western blotting, and immunofluorescence staining, we found that psilocybin increased dendritic branches and spine density, upregulated GluR1 and synapsin-1, enhanced brain-derived neurotrophic factor and mammalian target of rapamycin signaling, and promoted neurogenesis. A single dose of psilocybin reduces both the rapid and sustained fear memory in mice, at least in part by restoring neuroplasticity in the hippocampus and mPFC. These findings indicate that psilocybin has significant potential for use in the treatment of PTSD and other mental disorders characterized by fear memory."
299,"Frustration reduces competitive willingness in social interactions, yet the underlying dynamic neural mechanisms remain unclear. Using functional near-infrared spectroscopy (fNIRS) hyperscanning, we record dyadic hemodynamic activity during a competitive task following a frustration task. Results show that frustration progressively reduces competitive willingness. Accordingly, increased interpersonal neural synchronization (INS) is observed in the frontopolar cortex (FPC) during the middle stage and the dorsolateral prefrontal cortex (dlPFC) during the late stage. FPC INS mediates the effect of frustration on competition performance. Role differences are determined based on frustration task performance, and Granger causality analysis reveals a bidirectional influence that is significantly stronger from leaders to followers. These findings suggest that frustration enhances cognitive control and executive function in the middle stage through increased INS in FPC, and enhances inference of others' intentions in the late stage through increased INS in dlPFC, thereby dynamically reducing competition. This study reveals a distinct neural pattern of interpersonal competition processes under frustration."
300,"Cervical spondylotic myelopathy (CSM) is a leading cause of spinal cord dysfunction, yet the central neural mechanisms underlying motor impairment and recovery remain unclear. This study used the first 7 T functional MRI (fMRI) study in patients with CSM to investigate sensorimotor network alterations. Sixteen patients with CSM and age-matched healthy controls underwent task-based fMRI during hand grasping and resting-state fMRI. Ten patients completed 3-month postoperative follow-up imaging. Clinical severity was assessed using Japanese Orthopaedic Association (JOA) scores. Task-based fMRI during hand movements revealed compensatory bilateral recruitment in patients with CSM compared with controls, with significantly increased activation in the ipsilateral primary motor cortex (M1; peak: 45, -21, 56; T = 7.93, P < .001) and contralateral cerebellum (peak: -21, -52, -28; T = 7.23, P < .001). Cerebellar hyperactivation correlated negatively with JOA total scores (peak: -26, -56, -24; T = 10.74, P < .001) and dexterity subscales (T = 9.05, P < .001), indicating severity-dependent compensation. Resting-state analysis revealed widespread increases in sensorimotor network connectivity. The strongest alterations were observed in bilateral M1 connectivity (T = 14.65, P < .001), bilateral primary sensory cortex connectivity (T = 14.53, P < .001), and M1-supplementary motor area (SMA) connections (right M1 to left SMA: T = 13.21, P < .001; bilateral SMA: T = 13.89, P < .001). Intracerebellar networks showed marked hyperconnectivity (bilateral cerebellar lobule VI: T = 15.35, P < .001; bilateral cerebellar lobule IV-V: T = 14.25, P < .001). Resting-state connectivity strength was negatively correlated with both JOA total scores and dexterity subscales. This 7T fMRI study reveals that CSM induces compensatory reorganization involving the contralateral cerebellum and ipsilateral motor cortex, with severity-dependent hyperconnectivity. These findings clarify mechanisms of motor compensation and suggest cerebellar-focused rehabilitation as a potential therapeutic strategy."
301,"This study investigated the neurophysiological mechanisms linking visual body perception to motor output in females with adolescent idiopathic scoliosis (AIS), specifically examining how altered body schema influences corticospinal excitability. A two-stage paradigm was employed in participants with AIS and healthy controls. First, psychophysical thresholds for detecting spinal curvature were estimated. Second, single-pulse transcranial magnetic stimulation (TMS) was applied over the primary motor cortex (100-125 ms post-stimulus) to assess motor system reactivity to body-relevant stimuli. Corticospinal excitability was recorded via motor evoked potentials (MEPs) from intrinsic hand muscles as a proxy for motor readiness during the observation of spinal distortions. Results revealed that AIS patients exhibited significantly lower perceptual thresholds than controls, indicating hypersensitivity to spinal curvature that correlated with subjective self-perception (Trunk Appearance Perception Scale; TAPS). TAPS scores did not correlate significantly with participants' Cobb angles, indicating that subjective body schema distortion operates independently of mechanical deformity severity. In addition, TMS revealed that AIS patients reached peak corticospinal excitability at their lower perceptual threshold, whereas healthy controls demonstrated peak excitability only when spinal curvatures exceeded their detection thresholds. These findings suggest that AIS involves an increased corticospinal gain in response to body-relevant stimuli. Rather than serving purely as a detection mechanism, the motor system in AIS exhibits a heightened readiness that is tightly coupled with the perception of spinal distortions. Such sensorimotor reorganization suggests that motor excitability is adaptively recalibrated to the patient's lived physical experience."
302,"<b>Background:</b> Childhood maltreatment is associated with behavioural dysregulation, including heightened impulsivity, but the psychological and neurobiological pathways linking early adversity to impaired self-regulation remain unclear.<b>Methods:</b> This study tested theory-informed statistical mediation models to examine whether specific childhood maltreatment subtypes were associated with impulsivity through region-specific cortical thickness and personality traits. Sixty-one healthy adults completed the Childhood Trauma Questionnaire, NEO Five-Factor Inventory, and Barratt Impulsiveness Scale, and 59 also underwent 3 T structural MRI. An exploratory extension was conducted in an affective disorder cohort.<b>Results:</b> In healthy adults, associations between maltreatment and attentional, motor, and non-planning impulsivity were primarily indirect through personality traits. Physical neglect was associated with lower agreeableness and conscientiousness, whereas emotional neglect was associated with higher neuroticism and lower conscientiousness and extraversion. Cortical thickness further contributed to these pathways, particularly in the anterior cingulate cortex and ventral medial-orbitofrontal regions. In the affective disorder cohort, the maltreatment-personality-impulsivity structure was partly retained, but cortical involvement differed, with pathways involving ventral cingulate, lateral prefrontal, and medial orbitofrontal regions. These clinical findings should be interpreted as exploratory.<b>Conclusions:</b> Findings support a multilevel framework in which childhood maltreatment is statistically associated with impulsivity through personality traits, with additional contribution from cortical thickness in regulatory brain systems. Clinical context may be associated with differences in neurobehavioral organisation linking early adversity, personality, and impulsivity."
303,"Functional Neurological Disorder (FND) is increasingly understood as a disorder of brain functioning rather than structural damage. While contemporary predictive coding models have provided important insights into the generation of functional symptoms, they offer limited explanations for vulnerability, developmental risk, and the striking association between FND and adverse life experiences. A substantial body of evidence indicates that early-life stress, trauma, and chronic adversity are overrepresented in individuals with FND and are associated with enduring neurobiological alterations in brain systems central to emotional processing, interoception, and motor control. In this paper, we propose that stress-related neuroplasticity constitutes a key developmental substrate that predisposes the brain to maladaptive learning processes, increasing the likelihood that salient bodily states become rigidly encoded and persist as functional symptoms. We review evidence linking trauma exposure to long-lasting changes in limbic, paralimbic, and sensorimotor circuits implicated in FND, including the amygdala, anterior cingulate cortex, insula, orbitofrontal cortex, and supplementary motor areas. We further examine autonomic and neuroendocrine abnormalities and gender-related biological factors that may amplify these effects. We argue that these convergent findings support a model in which FND emerges from excessive, stress-biased neuroplasticity that promotes overlearning of bodily predictions, rather than from a primary failure of belief updating. This framework provides a coherent account of vulnerability, symptom persistence, and heterogeneity in FND, and offers a biologically grounded bridge between developmental risk factors and contemporary computational models of functional symptoms."
304,"Transcranial magnetic stimulation (TMS) is a promising intervention for alcohol use disorder (AUD), yet its efficacy varies widely. Scalp-to-cortex (STC) distance influences the strength of the induced electric field, and preliminary evidence suggests sex-specific craniofacial anatomy may contribute to STC variability. However, the implications of anatomical sex differences for TMS dosing in AUD remain unclear. This study examined whether STC distance and modeled electric field magnitude differ by sex, age, and alcohol use severity across common TMS targets. High-resolution structural magnetic resonance imaging was acquired from 107 individuals with AUD (59 females, 48 males). Individualized finite-element head models were generated using SimNIBS to calculate STC distance and electric field strength at four cortical targets: medial prefrontal cortex (Afz), dorsolateral prefrontal cortex (F3), ventromedial prefrontal cortex (Fp1), and motor cortex (C3). Linear mixed-effects models assessed the effects of sex, age, and Alcohol Use Disorders Identification Test (AUDIT) score. STC distance differed significantly across sites and was larger in males than in females, with sex differences strongest at Fp1 and C3. No sex differences were observed at Afz or F3. Higher AUDIT scores predicted greater STC distance independent of age. Electric field magnitude varied significantly across sites, with reduced values at midline regions (Afz, Fp1) relative to lateral sites (F3, C3). Electric field magnitude did not differ by sex overall. Age was associated with lower estimated electric field magnitude at the cortical surface. Exploratory sex-stratified analyses indicated a steeper age-related decline in females, particularly at medial prefrontal targets. Sex-specific and age-related anatomical differences influence cortical depth and effective stimulation strength in individuals with AUD. These findings highlight the need for individualized and potentially sex-tailored TMS dosing strategies, particularly for midline prefrontal targets and for older females who may be more vulnerable to reduced TMS engagement."
305,"Although language neuroscience has largely focused on 'core' left frontal and temporal brain areas and their right-hemisphere homotopes, numerous other areas-cortical and subcortical-have been implicated in linguistic processing. However, these areas' contributions to language remain unclear given that the evidence for their recruitment comes from diverse paradigms, many of which conflate language processing with perceptual, motor, or task-related cognitive processes. Using fMRI data from 772 participants (438 females, 334 males) performing an extensively validated language 'localizer' paradigm that isolates language processing from other processes, we a) delineate a comprehensive set of areas that respond reliably to language across written and auditory modalities, and b) evaluate these areas' selectivity for language relative to a demanding non-linguistic task. In line with prior claims, many areas outside the core fronto-temporal network respond during language processing, and most of them show selectivity for language relative to general task demands. These language-selective areas of the extended language network include areas around the temporal poles, in the medial frontal cortex, in the hippocampus, and in the cerebellum, among others. Although distributed across many parts of the brain, the extended language-selective network still only comprises a small fraction (<5%) of the grey matter volume, challenging the view that the entire brain processes language. These newly identified language-selective areas can now be systematically characterized to decipher their contributions to language processing, including testing whether these contributions differ from those of the core language areas.<b>Significance statement</b> Language processing consistently recruits a left-lateralized fronto-temporal brain network, but language tasks often additionally engage areas outside this core system. In an fMRI dataset of 772 participants performing a validated language localizer task, we identified 17 brain areas outside the core fronto-temporal network that respond to both auditory and written language. Most of these areas show selectivity for language, including regions in the temporal poles, medial frontal cortex, hippocampus, and cerebellum. Despite its large number of components, this extended language network still only takes up a small fraction of the grey matter volume, challenging the view that the entire brain processes language. These findings lay the foundation for systematic characterization of these newly identified non-canonical language areas."
306,"Navigating dynamic environments often requires the brain to process information from multiple tasks in parallel. Yet, how neural resources are allocated across tasks and reorganized with practice remains unclear. Here, we combine an original dual-task paradigm in mice with chronic two-photon imaging, optogenetic manipulations, and recurrent neural network models to dissect the underlying cortical dynamics. We show that interference between tasks arises not only from bottlenecks among task-shared neurons but also from reduced activity in non-shared populations. Intriguingly, this reduced activity is associated with rapid coordination between tasks and supports early dual-task success. With training, performance is optimized by a multi-level reorganization, including the recruitment of specialized neurons and progressive segregation of task representations. Network models on the same paradigm implementing these coordination and segregation schemes accelerate dual-task learning, indicating their functional importance. Together, these findings demonstrate how cortical circuits flexibly redistribute and restructure resources to support parallel task processing."
307,"Parkinson disease (PD) is characterized by motor symptoms as well as progressive cognitive decline leading to long-term functional impairment and diminished quality of life. Mild cognitive impairment in PD (PD-MCI) is a risk factor for developing PD-related dementia. PD-MCI provides a window to assess interventions that can improve cognition. Repetitive transcranial magnetic stimulation (rTMS) shows promise as an effective treatment to improve cognitive performance. This study aims to test the safety and feasibility of a 10-session, high-frequency rTMS protocol applied to the left dorsolateral prefrontal cortex and the rTMS efficacy in improving cognitive test performance among veterans with PD-MCI. This is a double-blind randomized controlled trial. We will enroll US military veterans with PD-MCI. Participants will be randomized to either active or sham rTMS treatment groups, each with 10 treatment sessions (2 sessions/day). Treatment need not be consecutive; rather, they can be spread across approximately 10 days (eg, Monday, Wednesday, Thursday, Monday, Tuesday, and Wednesday). Participants randomized to active rTMS will receive stimulation applied to the left dorsolateral prefrontal cortex at 110% the resting motor threshold, a 15-Hz rate, 5 seconds per train of pulses, a 10-second intertrial interval, and 40 trains of pulses per session. Each patient will receive approximately 3000 pulses per session. Sham stimulation will be administered at the same parameters as real rTMS; however, no magnetic field will be produced on the placebo side of the active or placebo coil. This protocol was approved by the Edward Hines Jr Veterans Administration Hospital and Jesse Brown Department of Veterans Affairs Medical Center institutional review boards. This study includes a Food and Drug Administration investigational device exemption (G190076). Safety will be assessed using the number of research-related adverse events experienced by the active rTMS group compared to the sham rTMS group. Feasibility will be assessed using protocol completion rates. To examine preliminary effects of rTMS, participants will complete a standardized neurocognitive battery assessment at baseline, end point, and 1-month follow-up. The primary study outcome is the change in score from baseline to end point on the National Institutes of Health-sponsored Executive Abilities: Measures and Instruments for Neurobehavioral Evaluation and Research Executive Composite score. This project was funded in June 2019, with additional funding secured in April 2024. As of April 2025, a total of 18 veterans with PD-MCI have completed the randomized controlled trial phase. Data collection is ongoing and will be completed by March 2027. We expect the results of this study to be available by March 2028. The knowledge gained on the safety, feasibility, and efficacy of rTMS will set the stage for future research optimizing therapeutic gains for existing cognitive rehabilitation treatments or developing new and adjunct treatments for PD-MCI. ClinicalTrials.gov NCT03836950; https://clinicaltrials.gov/study/NCT03836950. DERR1-10.2196/77241."
308,"Visual perspective-taking requires mentally adopting another spatial viewpoint by aligning one's own perspective with that of a reference, such as another person or object. This alignment process is thought to rely on embodied spatial transformations engaging both spatial computation and motor-related systems. Using functional magnetic resonance imaging (fMRI), we tested whether neural responses scale with angular disparity between observer and reference viewpoints. Participants judged the relative position of objects from the perspective of either an avatar or an empty chair across alignment conditions and rotation angles. Unaligned conditions elicited stronger activation than aligned conditions in a distributed network encompassing medial frontal, premotor, opercular, posterior parietal, ventral temporal, and cerebellar regions. Both reaction time and Blood-Oxygen-Level-Dependent signal (BOLD) magnitude increased linearly with angular disparity, and individual differences in response time correlated with activation magnitude, linking behavioral effort to neural computation. Comparable results were obtained when the reference was a chair, indicating that these mechanisms generalize beyond social contexts. Together, these findings reveal a cerebello-frontoparietal network that supports perspective alignment through embodied simulation, spatial transformation, and predictive modeling, providing a unified account of the neural computations underlying VPT."
309,"Brain activity associated with bilateral hand movements has been reported to involve multiple regions. However, the association between gray matter (GM) volume in these regions and bilateral hand movement remains unclear. Therefore, this study aimed to elucidate the association between tapping skills using both hands and GM volume. This study included 61 healthy adults. Each participant's Magnetic Resonance Imaging scans and bilateral motor task performance were evaluated. The motor task was a finger-tapping task, and the movement conditions were set as in-phase and antiphase. The participants were instructed to open and close their thumb and index finger as quickly and widely as possible, either simultaneously (in-phase condition) or alternately (antiphase condition) on both sides. Using voxel-based morphometry, we measured brain GM volume associated with the performance in the bilateral finger-tapping task. The results indicated a significant negative correlation between the similarity index of bilateral movement under the antiphase condition and GM volume around the left cingulate motor cortex. This result suggests that participants who were able to smoothly move both hands under the antiphase condition had greater GM volume in the left cingulate motor cortex. This GM volume may serve as a neurophysiological indicator of bilateral hand movement."
310,"The ability to dynamically adjust a behavioral response to a stimulus depending on context is of critical importance for animals. To investigate the neural basis supporting context-dependent sensory processing, we developed a behavioral task in which mice changed their response to a single whisker deflection according to a continuously present contextual cue. Through unbiased optogenetic inactivation mapping, we found that neuronal activity in sensory and motor cortices contributed to task execution and, interestingly, we uncovered an unexpected role of the retrosplenial cortex (RSC) for contextual integration. Widefield calcium imaging revealed that the RSC was the first dorsal cortical area to show context discrimination in response to whisker stimulation, followed by the whisker motor cortex. Finally, we combined optogenetic inactivation with calcium imaging to define causal context-dependent changes in sensorimotor processing. Our cortex-wide mapping experiments thus begin to define key cortical nodes for context-dependent sensorimotor transformation and highlight an important contribution of RSC."
311,"Epigenetic regulation of neuronal calcium signaling during postnatal cortical development is critical for voluntary movement. Protein arginine methyltransferase 5 (PRMT5) acts as an epigenetic regulator that is involved in movement disorders, yet its underlying mechanism remains poorly understood. Here, we report that conditional knockout of Prmt5 in excitatory neurons (cKO<sup>Nex</sup>) during motor cortex development leads to severe hyperactivity and shortened lifespan in mice. Transcriptomics analysis reveals that PRMT5 deficiency upregulated Cacna1d expression without affecting its alternative splicing. We demonstrate that PRMT5 directly binds to the Cacna1d promoter, and represses its expression via catalyzing H4R3me2s histone methylation. Electrophysiological studies showed deletion of Prmt5 increased calcium influx and neuronal excitability, resulting from elevated L-type voltage-gated calcium channel (Cav1.3) activity. The enhanced calcium level further leads to oxidative phosphorylation defects in neurons. Importantly, administration of the L-type channel blocker, nimodipine, rescues hyperactivity and neuronal hyper-excitability in vivo, as well as markedly extends the lifespan of cKO<sup>Nex</sup> mice. Our findings establish a novel epigenetic mechanism wherein PRMT5-Cacna1d axis regulates neuronal excitability and motor development. These data provide new insights into the calcium channelopathy of movement disorders."
312,"Proton pump inhibitors are widely used, but their long‑term effects on the central nervous system are not well understood. In this study, we investigated whether chronic pantoprazole use alters sensorimotor function, oxidative stress, inflammatory response, and apoptosis in the motor cortex and cerebellum. Twenty‑one female Wistar rats were randomized to control (C), gavage control (GC), or pantoprazole (P; 20 mg/kg/day for 12 weeks) groups. Sensorimotor coordination (rotarod), water‑maze swim velocity, and open‑field locomotion were assessed as behavioral parameters. The cortical and cerebellar tissues were analyzed by Enzyme‑Linked Immunosorbent Assay (ELISA) for apoptosis, inflammation, and oxidative stress. Pantoprazole impaired sensorimotor coordination compared to both control groups. However, its effects on swim velocity and locomotor activity were primarily significant when compared to the naive control group, suggesting that gavage‑related stress may have contributed to these behavioral outcomes. Bcl‑2‑associated X protein (BAX) and Bcl‑2 associated agonist of cell death (BAD) protein levels and the BAX/Bcl‑2 ratio increased with pantoprazole, particularly in the motor cortex, indicating enhanced pro‑apoptotic activity. While tumor necrosis factor levels did not change, interleukin (IL)‑6 and IL‑1β levels were significantly higher in the cerebellum, suggesting neuroinflammatory activation associated with both pantoprazole and gavage‑induced stress. Furthermore, oxidative stress analyses revealed elevated malondialdehyde and oxidative stress index levels, as well as increased total antioxidant status, in specific regions, suggesting an imbalance between oxidative and antioxidant responses. Chronic pantoprazole administration resulted in modest motor deficits and region‑specific molecular alterations, including a pro‑apoptotic shift in the motor cortex. In addition, an inflammatory/compensatory antioxidant response in the cerebellum was observed due to both gavage‑induced stress and pantoprazole administration. These findings highlight the need for further studies on dose‑response, reversibility, and synaptic consequences, and suggest the importance of considering the risks of prolonged proton pump inhibitors exposure."
313,"Deep brain stimulation (DBS) of the subthalamic nucleus (STN) is hypothesized to improve motor symptoms in Parkinson's disease (PD) by suppressing pathologically elevated beta activity and promoting ""prokinetic"" gamma activity in the cortico-basal ganglia-thalamo-cortical loop. Advances in bidirectional DBS devices have revealed that stimulation can modify gamma oscillations via subharmonic entrainment, though entrainment's therapeutic role remains unclear. To identify stimulation parameters that entrain motor cortical and STN gamma oscillations in PD at rest and during movement, and examine their association with motor function. Sensorimotor cortex and STN field potentials were collected using a bidirectional DBS system in four subjects with PD over a range of stimulation amplitudes and frequencies. Entrainment amplitude at half the stimulation frequency was quantified at rest and during a finger-tapping task in the ON-medication state. The presence or absence of entrainment was studied as a physiomarker of motor symptom severity. The amplitude of stimulation-entrained gamma oscillations was non-linearly related to stimulation intensity and frequency and varied by stimulation contact choice. Entrainment amplitude was highest in precentral gyrus and increased with movement. In the ON-medication state, precentral gyrus gamma entrainment was associated with reduced bradykinesia, dyskinesia, and dystonia. Subthalamic gamma entrainment predicted improved dystonia but was a less significant marker for motor benefit than cortical entrainment. Stimulation-entrained gamma oscillations in the motor network are a physiomarker for optimal DBS response in PD, and could have a role in physiology-guided DBS programming, complementing existing strategies based on suppression of basal ganglia beta activity."
314,"The corticoreticular pathway (CRP) is gaining attention for its potential role in post-stroke motor recovery. However, unlike the corticospinal tract (CST), the CRP is not included in commonly used automated tractography frameworks, limiting its reproducibility and clinical applicability. We aimed to incorporate CRP assessment into an automated tractography pipeline and to evaluate its feasibility in patients with mild stroke. We retrospectively analyzed patients with a first-ever unilateral supratentorial ischemic stroke who had regained full independence in activities of daily living. Diffusion tensor imaging was acquired during the second week after admission using a 3.0-T MRI scanner. Tractography was performed using a fully automated procedure that reconstructed both the CST and the CRP. For CRP reconstruction, the seed region was placed in the gigantocellular reticular nucleus and the target region in the premotor cortex, based on established neuroanatomical atlases. Tract volume, fractional anisotropy (FA), and CST-CRP overlap were quantified. Lesioned and non-lesioned hemispheres were compared using the Wilcoxon signed-rank test. Fifteen patients met these criteria during the study period. Automated tractography consistently reconstructed both pathways in all participants. CRP volume tended to exceed CST volume, although with substantial interindividual variability. FA values were relatively preserved in the lesioned hemisphere but were significantly lower than in the non-lesioned hemisphere for both the CST (S = 48,P = 0.004) and the CRP (S= 54, P = 0.001). Using anatomically defined regions of interest enabled reliable automated CRP reconstruction. This approach offers a practical and reproducible method for evaluating motor-related white matter pathways and may facilitate future research into stroke rehabilitation."
315,"Differentiating oligodendrocytes undergo dramatic morphologic alterations to transition from progenitors to mature oligodendrocytes that synthesize myelin, the lipid-rich membrane coating axons which strengthens saltatory conduction and provides metabolic support. Actin dynamics, which are often regulated by membrane bound nucleators associated with organelles, underpin the morphologic shifts in oligodendrocyte maturation; however, the origin of such regulation during oligodendrocyte differentiation remains unknown. Here, we demonstrate that the lysosomal non-selective cation channel, transient potential mucolipin 1 (TRPML1), is a critical regulator of oligodendrocyte morphology during differentiation and initial myelination. Lysosomes move into oligodendrocyte processes during differentiation. While manipulation of TRPML1 did not change the expression of oligodendrocyte lineage markers, activation of TRPML1 resulted in altered oligodendrocyte morphology and an increase in actin filament content driven by the small GTPase Rac1 and subsequent disinhibition of PAK1 via phosphorylation. Actin associated changes in morphology are accompanied by the presence of lysosomal-derived calcium transients in nascent oligodendrocyte processes, potentially revealing a link between localized calcium signaling and actin polymerization. Lastly, adolescent mice ( <i>Mcoln1 <sup>-/-</sup></i> ), in which TRPML1 had been deleted, had significantly impaired myelination and decreased numbers of mature oligodendrocyte, which was associated with a reduction in staining for the phosphorylated form of the actin regulator, PAK1, in the motor cortex and corpus callosum as evidence of decreased TRPML1/Rac1/PAK1 signaling. Together, our work reveals lysosomal TRPML1 activity as a central regulator of oligodendrocyte morphology independent of myelin protein expression and may provide mechanistic insight into the distinct but coordinated pathways that lead to oligodendrocyte differentiation and how lysosomal dysfunction impacts these processes in diseased states."
316,"Recent years have witnessed significant advances in neuromodulation techniques for stroke rehabilitation, especially in ameliorating motor deficits, positioning them as a key focus in both research and clinical practice. The selection of stimulation targets is crucial, as different sites engage distinct neural mechanisms and yield varied therapeutic outcomes. This review systematically synthesizes evidence from neuromodulation studies that target key regions, including the cerebral hemispheres, sensorimotor cortex, cerebellum, and vagus nerve. By analyzing the stimulation protocols, therapeutic effects, and optimal parameters associated with each target, we aim to provide a theoretical foundation and practical guidance for refining neuromodulation strategies in stroke rehabilitation."
317,"The aim of this study was to characterise the cortical structure in toddlers with congenital heart disease (CHD) of varying severities and to investigate its associations with preoperative laboratory values and neurodevelopmental outcomes. A cohort of 109 toddlers with CHD and 56 healthy controls (HCs) underwent magnetic resonance imaging between August 2021 and December 2023. All toddlers with CHD were assessed using the Gesell Developmental Schedules and stratified into mild, moderate, and severe groups. Generalised linear models were used to compare cortical structural (grey matter volume (GMV) and thickness) differences across CHD severity groups and HCs and to examine their relationships with preoperative laboratory values and neurodevelopmental outcomes. Compared with HCs, toddlers with mild and moderate-to-severe CHD exhibited reduced total brain volume and total GMV. Significant reductions in cortical GMV and thickness were observed in specific brain regions (p < 0.001, family-wise error corrected). Altered cortical structures demonstrated overlapping spatial distributions between the mild and moderate-to-severe CHD groups. In the mild and moderate-to-severe CHD groups, regional alterations were correlated with scores across multiple neurodevelopmental domains (adaptive, gross motor, and fine motor skills), and haemoglobin levels were associated with cortical thickness in the right superior frontal area (β = 0.422; p<sub>fwe</sub> = 0.021; 95% CI, 0.002-0.007). Toddlers with CHD exhibit GMV and cortical thickness variations across all CHD severity levels in this study. Notably, toddlers with mild CHD may demonstrate alterations comparable to those in the moderate-to-severe group at this developmental stage. These cortical alterations may merit early consideration during neurodevelopmental trajectories, irrespective of CHD severity. • While neurodevelopmental risks and behavioural abnormalities in children with complex CHD are well-established, less is known about the neuroanatomical alterations and neurodevelopmental outcomes of those with mild CHD. • Toddlers with CHD exhibit similar cortical structural alterations across all severity groups in this study. • Cortical structure was associated with haemoglobin levels and neurodevelopmental outcomes, suggesting it may lie on a pathway linking preoperative laboratory values to neurodevelopment. This positions it as a potential neuroimaging correlate of NDD and a candidate target for interventions aimed at improving outcomes."
318,"Transcranial magnetic stimulation (TMS) is widely used to assess inhibitory and facilitatory circuits within the primary motor cortex. However, accumulating evidence suggests that even brief TMS paradigms may induce unintended changes in corticospinal excitability. Here, we examined whether suprathreshold paired-pulse TMS delivered at inter-stimulus intervals (ISIs) associated with intracortical facilitation or long-interval cortical inhibition (LICI) elicits cumulative changes in motor-evoked potential (MEP) amplitude. In experiment 1, we reanalysed data from 17 participants who received 20 suprathreshold paired-pulses at eight ISIs (10-200 ms) and 40 unconditioned single pulses. Stimulation was pseudo-randomised and distributed evenly across four blocks. A linear mixed-effects model assessed trial-wise changes in MEP amplitude across ISIs. We replicated the design in an independent sample (n = 10, experiment 2). A significant trial-by-ISI interaction was observed in both cohorts. Specifically, MEP amplitudes increased across trials for ISIs of 20 and 30 ms (p < 0.05), but remained stable at LICI-related ISIs (100-150 ms). A similar increase was also seen with single-pulse TMS. These findings demonstrate that suprathreshold paired-pulse TMS at short ISIs can cumulatively enhance corticospinal excitability during stimulation."
319,"Idiosyncratic patterns of brain activity, often referred to as functional ""brain fingerprints"", capture the unique organization of an individual's brain dynamics and may serve as markers of brain dysfunction. Here, we tested the hypothesis that external perturbation may steer brain activities into individualized trajectories that facilitate identification. Twelve healthy participants received single-pulse transcranial magnetic stimulation (TMS) to the left primary motor cortex (M1) at 120% of their resting motor threshold (RMT), while 64-channel EEG recorded cortical responses to TMS. Single TMS pulse transiently increased idiosyncrasy in both, local and network-level brain dynamics, relative to baseline. Within-subject stability increased in time-frequency power envelopes, inter-trial phase clustering, and imaginary part of coherency, the latter reflecting functional connectivity. These effects were strongest in the beta frequency band and in regions surrounding the stimulation site. Together, these results show that single-pulse TMS reliably amplifies individual brain fingerprints, offering a stimulation-based method for probing subject-specific brain dynamics and potentially strengthen the sensitivity and robustness of fingerprinting metrics in clinical and personalized neuromodulation contexts."
320,"Action observation and execution, transcranial direct current stimulation (tDCS) and peripheral nerve stimulation (PNS) enhance motor performance. This study aimed to investigate the effect of concurrent tDCS over the premotor cortex (PMC) and PNS during action observation on motor cortex excitability and motor performance, and its underlying mechanisms. One hundred and twenty-eight healthy adults were randomly assigned to tDCS + PNS combined with presentation of a landscape picture (tDCS + PNS<sub>landscape</sub>), and tDCS + PNS, tDCS<sub>sham</sub>+ PNS<sub>sham</sub>, tDCS<sub>sham</sub> + PNS and tDCS + PNS<sub>sham</sub> combined with action observation, all followed by two action execution blocks. Motor-evoked potentials (MEPs), intracortical facilitation (ICF) and short-interval intracortical inhibition (SICI) were assessed before interventions (T0), immediately after interventions (T1) and after the first action execution block (T2). Reaction times were recorded for both action execution blocks (RT1 and RT2). tDCS + PNS significantly increased MEP amplitudes at T1 and T2 compared to tDCS<sub>sham</sub> + PNS<sub>sham</sub> and tDCS + PNS<sub>landscape</sub>. ICF increased at T1 in the tDCS + PNS group compared to tDCS<sub>sham</sub> + PNS<sub>sham</sub> and tDCS + PNS<sub>landscape</sub>, as well as at T2 relative to tDCS<sub>sham</sub> + PNS<sub>sham</sub>. RT1 and RT2 of the action execution task in the tDCS + PNS group were significantly shorter compared to the tDCS<sub>sham</sub> + PNS<sub>sham</sub> group. A significant negative relationship between the change in RT and MEP amplitudes emerged at T2 in the tDCS + PNS group. Concurrent application of tDCS and PNS during action observation induced transient neuroplastic alterations in the primary motor cortex and improved motor performance. KEY POINTS: The integration of motor observation and action execution enhances motor performance, with similar brain networks playing key roles in this process. However, the effect of concurrent application of transcranial direct current stimulation (tDCS) over the premotor cortex and peripheral nerve stimulation (PNS) during action observation on observation-execution-related motor cortex excitability and motor performance and the underlying mechanism is lacking in the literature. Simultaneous application of brain (anodal tDCS over the premotor cortex) and peripheral nerve (PNS over the ulnar nerve) stimulation during action observation induced transient neuroplastic alterations in the primary motor cortex and improved motor performance. Since this dual-stimulation method strengthens brain pathways related to movement, it could be especially useful for people recovering from conditions like stroke, where active movement is limited."
321,"Functional constipation (FCon) involves central nervous system dysregulation, particularly in brain regions responsible for visceral sensation, emotional processing, and autonomic control. Using functional near-infrared spectroscopy (fNIRS), we examined brain activity alterations in FCon patients to elucidate brain-gut interactions. Patients with constipation meeting Rome IV criteria were recruited from Sir Run Run Shaw Hospital, while healthy controls were enrolled from the local community. The cortical regions of interest (ROIs) included the prefrontal cortex (PFC), dorsolateral prefrontal cortex (DLPFC), broca's area, primary motor cortex (M1), supplementary motor area (SMA)/premotor cortex (PMC), and primary somatosensory cortex (S1). Participants were monitored during resting state and three defecation-related tasks: imagined defecation, simulated defecation and anal sphincter contraction. Functional connectivity (FC) strength and regional brain activation (HbO concentration changes) were compared between groups and across tasks. 64 patients and 64 healthy controls (50% females each) were included. There was no significant difference in average FC between groups (P = 0.757). In both groups, simulated defecation and anal sphincter contraction activated most ROIs more strongly than imagined defecation (P < 0.05). In healthy controls, anal sphincter contraction elicited significantly lower HbO than simulated defecation in the left Broca's area (P < 0.05); no significant differences between these two tasks were found in the FCon group. No significant between-group differences in HbO were found during any task. During imagined defecation, FCon patients showed a trend toward lower HbO across most ROIs, most notably in the right M1, with comparable levels in the right PFC. During simulated defecation, a similar trend of lower HbO in sensorimotor ROIs was observed alongside numerically higher HbO in the right PFC/DLPFC. During anal sphincter contraction, they showed numerically higher HbO across all ROIs. Progression curves further revealed a linear increasing pattern in FCon patients across tasks, contrasting with task-appropriate modulation in healthy controls. This first fNIRS study reveals task-specific cortical dysregulation in FCon. Although between-group differences were not statistically significant, these trends and dynamic patterns identify sensorimotor and prefrontal cortical targets for future neuromodulation therapies. Trial registration ChiCTR2500104882."
322,"The motor cortex (MC) is often described as an autonomous dynamical system during movement execution. In an autonomous dynamical system, flexible movement generation depends on reconfiguring the initial conditions, which then unwind along known dynamics. An open question is whether these dynamics govern MC activity during brain-machine interface (BMI) control. We investigate MC activity during BMI cursor movements of multiple durations, ranging from hundreds of milliseconds to sustained over seconds. These durations are chosen to cover the range of movement durations necessary to control modern BMIs under varying precision levels. Movements share their MC initial condition with movements of different durations in the same direction. Long-duration movements sustain MC activity in a low-velocity steady state until each movement goal is reached. The difference across durations in MC population dynamics may be attributed to external inputs. Our results highlight the role of sustained inputs to MC during movement."
323,"Parkinson's disease (PD) is characterized by the progressive degeneration of dopaminergic neurons, leading to motor and non-motor symptoms. Current therapeutic options for PD have limited efficacy and cause significant side effects, necessitating the development of novel therapeutic strategies. In this study, we investigated the neuroprotective effects of cortex of Albizia julibrissin Durazzini (AC) and stems and branches of Uncariae rhynchophylla (Miq.) Miq. (UR), individually and in combination, in cellular and animal models of PD. We evaluated the neuroprotective effects of water extract of AC and UR individually in 6-OHDA-treated PC12 cells using MTT assay. Combination index (CI) analysis was employed to determine the optimal AC:UR ratio for synergistic effects. The bioactivity of individual herbs and their optimized combination was assessed in 6-OHDA-lesioned mice through behavioral tests (pole, rotarod, and apomorphine-induced rotation) and immunohistochemical analysis of dopaminergic neurons in the striatum and substantia nigra pars compacta. Both herbal remedies exhibited neuroprotective effects in 6-OHDA-treated PC12 cells. A 2:1 ratio of AC to UR yielded the most potent synergistic neuroprotective effect (CI = 0.38459), significantly improving motor function in 6-OHDA-lesioned mice. Immunohistochemical analysis revealed that the 2:1 AC-to-UR combination significantly protected dopaminergic neurons against 6-OHDA-induced neurodegeneration with efficacy comparable to or exceeding standard levodopa/benserazide treatment. Our findings establish a foundation for developing multi-target therapies based on natural products that may offer comprehensive neuroprotection with potentially fewer side effects than conventional pharmaceuticals."
324,"The biophysical determinants of cortical tissue injury during brief, high-frequency transcortical electrical stimulation remain incompletely understood. Traditional safety criteria derived from chronic, low-frequency paradigms emphasize total charge, but whether charge or stimulation energy is the primary predictor of injury under high-frequency conditions-such as those used for intraoperative motor evoked potential (MEP) monitoring-is unclear. Thirty-two Sprague-Dawley rats (8 groups of 4) received monophasic anodal transcortical pulse trains with varying current, pulse duration, repetition number, and interstimulation interval. Maximum cortical lesion depth was measured histologically, and the contributions of total charge (Q = I × t) and relative stimulation energy (W ∝ I<sup>2</sup>t) were dissociated through controlled group comparisons and multiple linear regression. Higher stimulation current (p = 0.04) and greater repetition number (p = 0.005) significantly increased lesion depth. Multiple regression identified total stimulation energy as the only significant independent predictor (p = 0.008), whereas total charge was not (p = 0.677). With equivalent total charge, higher-energy stimulation tended to produce deeper lesions (209 ± 67 vs. 125 ± 101 μm, p = 0.25); when total energy was equalized despite a 2.5-fold difference in total charge, no detectable difference in lesion depth was observed (p = 1.0). Under high-frequency conditions, cortical injury depth appears to be more strongly associated with total energy deposition than with total charge alone, consistent with biophysical mechanisms involving resistive heating and electrolytic processes at the electrode-tissue interface. These findings provide a mechanistic framework for understanding electrical tissue injury under MEP-relevant stimulation regimes."
325,"The cerebellum, a component of the central nervous system, has long been recognized for its role in coordinating movement. However, it was only toward the end of the 20<sup>th</sup> century that its functions were recognized as extending far beyond this traditional view. The cerebellum serves as a universal coordinator and regulator of both motor and non-motor higher cortical functions, including cognitive, speech, communication, and emotional processes. Anomalies and pathologies of the cerebellum during development can significantly impact the structural and functional maturation of all brain structures, particularly the cerebral cortex, thereby playing a crucial role in the development of autism spectrum disorders."
326,"The opercular cortex is the part of the brain that overlies the insula and is the prolongation of the frontal, parietal, and temporal lobes in the lateral fissure. Over the years, this region has undergone multiple parcellations, and updated, multimodal, large-scale brain atlases highlight up to 16 subregions organized within the frontal, parietal, and temporal opercula. Using complementary methods for brain mapping-such as functional neuroimaging, source connectivity on scalp EEG or magnetoencephalography signals, and effective connectivity measures based on intracranial EEG recordings and cortico-cortical evoked potentials-several connectivity patterns have been identified. The main bidirectional opercular connections are with the insular cortex. The anterior insula is preferentially connected with the temporal and frontal operculum (OpF), whereas the posterior insula is connected to all opercular subdivisions. All three opercular subdivisions are interconnected. The OpF is functionally connected to the cingulate cortex consistent with a role in salience processing and to the temporal basal, temporal neocortex, premotor, and primary sensorimotor regions implicated in language processing. The parietal operculum is functionally connected with the premotor-motor and parietal regions for sensorimotor and vestibular processing. Finally, the temporal operculum is functionally connected with the temporal basal, temporal pole, mesial temporal structures, and parietal cortex supporting auditory, vestibular, and language processing."
327,"To observe the therapeutic effects of deep transcranial magnetic stimulation (dTMS) and repetitive transcranial magnetic stimulation (rTMS) on upper and lower limb motor dysfunction in patients with basal ganglia infarction, and to preliminarily explore their underlying electrophysiological mechanisms. Thirty patients with motor dysfunction secondary to basal ganglia infarction, hospitalized at the Affiliated Hospital of North Sichuan Medical College between October 2024 and December 2025, were enrolled in this study. All eligible participants were randomly assigned to one of three treatment groups: dTMS (<i>n</i> = 10), rTMS (<i>n</i> = 10), or sham stimulation (<i>n</i> = 10). All patients in the three groups received routine medical treatment and conventional rehabilitation training. On this basis, the dTMS group was treated with 10 Hz dTMS, the rTMS group with 10 Hz rTMS, and the sham stimulation group with sham stimulation, 5 sessions per week for 2 consecutive weeks. Before treatment, on the first day after treatment, and at 30 days after treatment, the Fugl-Meyer Assessment (FMA), Berg Balance Scale (BBS), and Modified Barthel Index (MBI) were used to evaluate motor function of the affected side and activities of daily living. The resting motor threshold (rMT) and central motor conduction time (CMCT) of the affected hemisphere were measured simultaneously. The baseline data among the three groups were comparable (all <i>p</i> > 0.05); After treatment, there was a statistically significant interaction between group and time in FMA-UE, FMA-LE, MBI, and BBS scores among the three groups (all <i>p</i> < 0.05); Compared with baseline, FMA-UE, FMA-LE, MBI, and BBS scores were significantly increased on the first day and at 30 days after treatment in all three groups (all <i>p</i> < 0.001); Compared with the sham stimulation group, the dTMS group exhibited higher FMA-UE, FMA-LE, MBI, and BBS scores on the first day and at 30 days after treatment (all <i>p</i> < 0.05); Compared with the rTMS group, the dTMS group showed no significant differences in FMA-UE and MBI scores on the first day after treatment (all <i>p</i> > 0.05), but higher FMA-LE and BBS scores (all <i>p</i> < 0.05), at 30 days after treatment, FMA-UE, FMA-LE, MBI, and BBS scores were all higher in the dTMS group (all <i>p</i> < 0.05). There was a statistically significant interaction between group and time in rMT and upper limb CMCT among the three groups after treatment (all <i>p</i> < 0.05); Compared with baseline, rMT and upper limb CMCT were significantly decreased on the first day and at 30 days after treatment in all three groups (all <i>p</i> < 0.001); Compared with the sham stimulation group, the dTMS group had lower rMT and upper limb CMCT on the first day and at 30 days after treatment (all <i>p</i> < 0.05); Compared with the rTMS group, the dTMS group showed lower rMT and upper limb CMCT on the first day after treatment (<i>p</i> < 0.05), at 30 days after treatment, rMT was lower (<i>p</i> < 0.05), while no significant difference was found in upper limb CMCT (<i>p</i> > 0.05). (1) Both high-frequency dTMS and rTMS can improve upper limb motor dysfunction after basal ganglia cerebral infarction to some extent, and the therapeutic effect of dTMS lasts longer; (2) dTMS has a certain rehabilitative effect on lower limb motor and balance function; (3) The mechanisms underlying the improvement of motor dysfunction after basal ganglia cerebral infarction by high-frequency dTMS and rTMS may be associated with increased excitability of the affected cerebral cortex, enhanced function of the corticospinal tract pathway. In addition, dTMS can directly act on deeper and wider brain regions; (4) Both high-frequency dTMS and rTMS are safe."
328,"Patients with hemiplegia after stroke often suffer from motor dysfunction, and their recovery is frequently limited by the imbalanced interhemispheric competition and abnormal neural network reorganization. The combined application of transcranial magnetic stimulation (TMS) and functional near-infrared spectroscopy (fNIRS) has provided a novel closed-loop neuromodulation strategy for the assessment and intervention of post-stroke motor function. This systematic review aims to systematically synthesize clinical research evidence regarding the combined use of TMS and fNIRS in post-stroke motor function recovery, as well as to analyze its neurophysiological mechanisms, clinical efficacy, and methodological quality. By searching databases including PubMed, Web of Science, Embase and Cochrane Library, a total of 9 studies were finally included. The results showed that the TMS-fNIRS combined protocol was safe and feasible, with six of the nine interventional studies reporting statistically significant improvements in motor function (e.g., Fugl-Meyer Assessment scores), while the remaining three did not report clinical outcomes. At the neurophysiological level, effective TMS interventions (such as intermittent theta-burst stimulation (iTBS) or high-frequency repetitive transcranial magnetic stimulation (rTMS) could enhance the activation of the ipsilesional primary motor cortex, facilitate the restoration of interhemispheric balance (with the laterality index shifting toward the ipsilesional side), and improve local and interhemispheric functional connectivity as well as brain network efficiency. Two-thirds of the studies (6/9) found that changes in neurophysiological indicators were significantly correlated with improvements in clinical functions, providing preliminary, hypothesis-generating correlational support for the underlying intervention mechanisms. However, existing studies have limitations including small sample sizes, high protocol heterogeneity, and uneven methodological quality (especially the high risk of bias in non-randomized studies), resulting in a moderate to low level of evidence strength. In conclusion, the combined TMS-fNIRS technology demonstrates the potential to advance stroke rehabilitation toward individualization and closed-loop practice, but current evidence is still in the early stage. Future research needs to conduct large-scale, standardized, algorithm-driven clinical trials to achieve the transition from ""proof-of-concept"" to ""precision therapy""."
329,"Symmetrical resistance training induces corticospinal and cortical network plasticity; however, the neural consequences of asymmetrical resistance training (offset loading or OL) remain unclear. In this preliminary study, fourteen healthy adults completed eighteen supervised upper-extremity training sessions over a 6-week intervention period. Participants were allocated to either an offset loading (OL) intervention group (<i>n</i> = 8) or a conventional symmetrical resistance training active control group (AC; <i>n</i> = 6). Electroencephalography (EEG) recordings were acquired during motor task performance at baseline, 3 weeks, and 6 weeks. Directed functional connectivity among predefined cortical regions was quantified, and longitudinal changes were assessed using Friedman tests with false-discovery-rate correction for multiple comparisons. Significant changes in the OL group were observed involving two cortical pathways after correction for multiple testing. Connectivity from the right parietal cortex to the right sensorimotor cortex increased over time (Friedman χ<sup>2</sup> = 8.00, <i>q</i> = 0.037), with post hoc analyses showing a significant increase between the midpoint and post-training assessments (<i>q</i> = 0.047; effect size r = 0.894). No significant longitudinal changes in cortical connectivity were identified in the AC group. Six weeks of OL training was associated with selective strengthening of directed connectivity within prefrontal-to-sensorimotor and parietal-to-sensorimotor cortical pathways. In contrast, conventional symmetrical resistance training was not associated with detectable changes in connectivity. These findings suggest that asymmetrical loading may induce task-specific reorganization of cortical networks involved in sensorimotor processing and motor control."
330,"Frontotemporal dementia (FTD) and primary progressive aphasia (PPA) are complex, partially overlapping neurodegenerative syndromes primarily affecting the frontal and temporal lobes, resulting in deficits in behaviour, executive function and language. FTD is among the leading causes of early-onset dementia and has several subtypes, including behavioural-variant FTD (bvFTD) and PPA. PPA is subdivided into three main variants: non-fluent variant PPA (nfvPPA), semantic variant PPA (svPPA)/semantic dementia (SD) and logopenic variant PPA (lvPPA), each characterized by distinct language and cognitive impairments. Although these syndromes are clinically distinguishable, overlapping cognitive, behavioural and neuroanatomical features are common. To provide a comprehensive quantitative synthesis of the associated neuroimaging findings for each subgroup, we conducted an activation likelihood estimation (ALE) meta-analysis of structural and functional neuroimaging studies across bvFTD and the major PPA syndromes. The analysis included coordinate-based data from 114 studies comprising 8057 patients. Across syndromes, patients showed widespread brain abnormalities relative to healthy controls, involving frontal, temporal and parietal cortices as well as subcortical and limbic regions, including the basal ganglia and thalamus. Each FTD subtype demonstrated distinct, yet partially overlapping, patterns of degeneration. bvFTD showed prominent degeneration in the frontal and medial temporal lobes, insula, cingulate cortex and limbic system, consistent with impairments in social cognition and disinhibition. svPPA/SD exhibited focal atrophy in the anterior temporal lobes, disrupting the semantic network and impairing semantic processing. nfvPPA was associated with degeneration in the speech production network, particularly the insula and inferior frontal gyrus. lvPPA displayed left-lateralized abnormalities in the posterior temporal and inferior parietal lobes, affecting language function. In addition to these prototypical patterns, overlapping regions were observed between specific syndromes, including shared involvement of anterior temporal and limbic regions in bvFTD and svPPA/SD, frontal-insular regions in bvFTD and nfvPPA and lateral temporal regions in svPPA/SD and lvPPA. Together, these findings provide a robust synthesis of distinct and overlapping neuroanatomical alterations across FTD and PPA syndromes, clarifying how syndrome-specific and shared patterns of degeneration may contribute to clinical heterogeneity."
331,"Suicide remains a critical global public health issue, and the ideation-to-action framework suggests that suicidal ideation and attempts involve distinct processes. However, the neurobiological mechanisms underlying the transition from suicidal ideation (SI) to suicide attempts (SA) have not been fully understood, particularly in clinically heterogeneous psychiatric populations. This study aimed to investigate whether resting-state electroencephalography (EEG) connectivity patterns can differentiate suicidal ideation and attempts. Resting-state functional connectivity as measured by EEG was analyzed among 244 participants, categorized into three groups: non-suicidal, suicidal ideation only, and suicide attempt. The analysis focused on the default mode network (DMN) and inhibition network using source-level analysis. Group differences were examined first in the full sample and then repeated in the depressive disorder subgroup (N = 78) to evaluate whether findings were more evident within a diagnostically more homogeneous context. In the full sample, no significant group differences survived either global or network-based false discovery rate correction in either network. In the depressive disorder subgroup, however, the suicidal group (SI + SA) showed reduced theta-band functional connectivity within the DMN, particularly between the dorsomedial prefrontal cortex and right inferior parietal lobule, compared with the non-suicidal group. No significant differences were observed between the SI-only and SA groups, and no significant findings emerged in the inhibition network. Altered DMN connectivity may be relevant to suicidal ideation in depressive disorders, while inhibition-network connectivity did not differentiate SA from SI-only. These findings are broadly consistent with aspects of the ideation-to-action framework and highlight the importance of considering diagnostic context when interpreting resting-state EEG findings in suicide research."
332,"Major depressive disorder (MDD) ranks among the foremost contributors to disability worldwide, yet its neurophysiological mechanisms remain poorly understood. Excitation-inhibition (E/I) imbalance has been implicated in MDD pathophysiology, but cortex-wide E/I ratio and its molecular substrates in MDD remain unknown. Resting-state functional magnetic resonance imaging data from 254 MDD patients and 451 healthy controls (HCs) across six sites were analyzed. The Hurst exponent, a biophysically confirmed proxy of E/I balance, was estimated using a fractionally integrated process framework. Neurobiological decoding analyses were performed to map the transcriptomic and neurochemical signatures of cortical E/I imbalance in MDD. An independent ketamine clinical trial dataset (32 treatment-resistant depression patients and 21 HCs) was used to examine ketamine-induced changes in cortical E/I balance. Patients with MDD demonstrated significantly reduced Hurst exponent values, predominantly encompassing the parietal and prefrontal-cingulate cortices. Transcriptomic analysis identified enrichment for neuronal structural organization, nucleic acid metabolism, and mitochondrial function, with preferential overlap with excitatory and inhibitory neuron-specific gene sets. Neurochemically, Hurst exponent alterations were spatially associated with GABAergic, opioidergic, serotonergic, and synaptic density distributions. Divergent group-by-treatment effects were observed in the anterior cingulate and medial prefrontal cortices, with ketamine-induced increases in TRD patients. These findings highlight that prefrontal-cingulate E/I imbalance, anchored to specific transcriptional and neurochemical substrates, may underlie the pathophysiology of MDD and the antidepressant effects of ketamine. The Hurst exponent offers a promising neuroimaging approach for probing E/I imbalance and identifying potential treatment targets in depression."
333,"Visual perspective-taking requires mentally adopting another spatial viewpoint by aligning one's own perspective with that of a reference, such as another person or object. This alignment process is thought to rely on embodied spatial transformations engaging both spatial computation and motor-related systems. Using functional magnetic resonance imaging (fMRI), we tested whether neural responses scale with angular disparity between observer and reference viewpoints. Participants judged the relative position of objects from the perspective of either an avatar or an empty chair across alignment conditions and rotation angles. Unaligned conditions elicited stronger activation than aligned conditions in a distributed network encompassing medial frontal, premotor, opercular, posterior parietal, ventral temporal, and cerebellar regions. Both reaction time and Blood-Oxygen-Level-Dependent signal (BOLD) magnitude increased linearly with angular disparity, and individual differences in response time correlated with activation magnitude, linking behavioral effort to neural computation. Comparable results were obtained when the reference was a chair, indicating that these mechanisms generalize beyond social contexts. Together, these findings reveal a cerebello-frontoparietal network that supports perspective alignment through embodied simulation, spatial transformation, and predictive modeling, providing a unified account of the neural computations underlying VPT."
334,"The ability to dynamically adjust a behavioral response to a stimulus depending on context is of critical importance for animals. To investigate the neural basis supporting context-dependent sensory processing, we developed a behavioral task in which mice changed their response to a single whisker deflection according to a continuously present contextual cue. Through unbiased optogenetic inactivation mapping, we found that neuronal activity in sensory and motor cortices contributed to task execution and, interestingly, we uncovered an unexpected role of the retrosplenial cortex (RSC) for contextual integration. Widefield calcium imaging revealed that the RSC was the first dorsal cortical area to show context discrimination in response to whisker stimulation, followed by the whisker motor cortex. Finally, we combined optogenetic inactivation with calcium imaging to define causal context-dependent changes in sensorimotor processing. Our cortex-wide mapping experiments thus begin to define key cortical nodes for context-dependent sensorimotor transformation and highlight an important contribution of RSC."
335,"Alzheimer's disease is the most common cause of dementia in humans and has been the subject of intense study for decades. Despite these efforts, the precise underlying cause or causes of Alzheimer's disease have remained elusive. Here we implement novel analysis of mass-spectrometry derived proteomics data to examine an understudied phenomenon related to Alzheimer's disease, isomerization of the protein tau. Isomerization is a spontaneous chemical modification that occurs in long-lived proteins and evolves most rapidly at aspartic acid. Recent results have demonstrated that isomerization of tau is more prevalent in Alzheimer's disease relative to healthy controls. To further map out the importance of tau isomerization in neurodegeneration, we examined its prevalence in several additional diseases by mining publicly available datasets and our own results, allowing for examination of Parkinson's disease, Lewy body dementia, vascular brain injury, and chronic traumatic encephalopathy. To evaluate the extent of tau isomerization in various locations within the brain in Alzheimer's disease, we examined samples from the frontal cortex, anterior cingulate gyrus, inferior parietal lobule, and caudate. Interestingly, our results demonstrate that significant isomerization of tau occurs only in individuals with Alzheimer's disease. In terms of localization, tau was easily detected in all regions of the brain, and tau isomerization was detected for Alzheimer's disease in all regions except the caudate. Importantly, tau isomerization can be easily and rigorously quantified from proteomics data. Comparison of the extent of tau isomerization with pre-mortem performance on the Mini-Mental State Examination revealed strong correlation. In addition to minimal abundance in other forms of neurodegeneration, tau isomerization was also low for a small number of the individuals designated to have Alzheimer's disease in our study, however consideration of other factors such as genetic predisposition, age, and mental acuity also differentiates these individuals. Importantly, the amount of tau isomerization observed in our studies does not correlate in any meaningful way with tau aggregation. Collectively, these observations suggest that tau isomerization derives from a different pathogenesis than other neurodegenerative markers, one that is only prevalent in Alzheimer's disease and may offer means for delineating the underlying causes of the disease."
336,"The causal relationship between variations in thyroid dysfunction and brain structure remains elusive. We intended to probe into this causal connection using a Mendelian randomization (MR) approach. Aggregated statistics from the genome-wide Association Study (GWAS) on Autoimmune thyroid dysfunction were obtained from the FinnGen database, including autoimmune hyperthyroidism (N = 2,190) and autoimmune hypothyroidism (N = 49,055). Aggregate statistics on cortical area and thickness for GWAS were obtained from the Enhancing NeuroImaging Genetics through Meta-Analysis (ENIGMA) Consortium (N = 51,665). The main method employed is inverse variance weighting (IVW), supplemented by weighted median, Mr-Egger regression, MR-pleotropy residuals, and outliers. Some sensitivity analyses were conducted to determine heterogeneity and pleiotropy. For autoimmune hypothyroidism (exposure), significant causal associations were observed with cortical thickness (outcome type) in the following regions: pars triangularis (β = -0.003, 95% CI: -0.005 to -0.001, PTH = 0.023; PTH: P-value for cortical thickness,), posterior cingulate (β = 0.003, 95% CI: 0.000-0.006, PTH = 0.034), and transverse temporal (β = 0.006, 95% CI: 0.002-0.010, PTH = 0.004; β = 0.006, 95% CI: 0.001-0.011, PTH = 0.010). For autoimmune hyperthyroidism (exposure), significant causal associations were observed with cortical surface area (outcome type) in the entorhinal (β = -2.576, 95% CI: -4.714 to -0.437, PSA = 0.018; PSA: P-value for cortical surface area), frontal pole (β = -1.195, 95% CI: -2.118 to -0.271, PSA = 0.011), lateral occipital (β = -15.787, 95% CI: -31.171 to -0.403, PSA = 0.044), lingual (β = -10.778, 95% CI: -20.888 to -0.668, PSA = 0.037), postcentral (β = -16.360, 95% CI: -28.410 to -4.309, PSA = 0.008), precentral (β = -16.089, 95% CI: -29.281 to -2.897, PSA = 0.017), and superior parietal (with global weighting; β = 11.360, 95% CI: 0.435-22.285, PSA = 0.042). Additionally, autoimmune hyperthyroidism was causally associated with cortical thickness (outcome type) in the entorhinal (β = 0.009, 95% CI: 0.000-0.018, PTH = 0.039) and posterior cingulate (β = 0.004, 95% CI: 0.001-0.008, PTH = 0.025). These findings remained reliable in the sensitivity analyses. These findings suggest that autoimmune hyperthyroidism and autoimmune hypothyroidism may have potential causal effects on the surface area and thickness of specific regions of the cerebral cortex, but further studies are needed to fully understand the nature of this relationship."
337,"Perceptual training yields specific, long-lasting improvements, yet its transfer to untrained conditions is often limited. This tension has been proposed to involve interactions between early sensory plasticity and higher-order parietal processes, with the early visual cortex contributing to stimulus-specific learning and parietal regions potentially supporting more flexible generalization. However, causal evidence comparing how occipital and parietal stimulation modulates learning and transfer remains limited. To address this gap, we combined high-frequency transcranial random noise stimulation (tRNS) with a classical perceptual training paradigm. We examined whether occipital and parietal tRNS differentially enhance learning and whether they modulate transfer. Forty-one participants were randomly assigned to one of three groups: active tRNS over occipital cortex, active tRNS over parietal cortex, or sham stimulation, during multi-session training on a contour detection task. Results revealed that the learning dynamics exhibited distinct stage-specific modulations, with parietal tRNS accelerating early-stage acquisition and occipital tRNS sustaining learning rates during the later asymptotic phase. Furthermore, both active stimulations significantly increased the overall magnitude of learning gains compared to sham. Importantly, however, only parietal tRNS reliably enhanced transfer, particularly across curvature. These results provide causal evidence that occipital and parietal stimulation differentially modulate the behavioral dynamics of perceptual learning and transfer. This pattern is consistent with hierarchical accounts in which sensory and higher-order systems may contribute differently to learning stability and flexibility, while also highlighting the potential of targeted neuromodulation to enhance distinct phases and outcomes of perceptual learning."
338,"The thalamus plays a pivotal role in the pathophysiology of adolescent depression, with its subregions showing functional heterogeneity. Abnormalities in the default mode (DMN) and frontoparietal networks (FPN) are associated with depressive symptoms, and both networks are closely coupled with the thalamus. This study examined, at a finer granularity, functional connectivity (FC) changes between thalamic subregions and these networks in depressed adolescents, aiming to reveal underlying mechanisms and explore their potential as diagnostic biomarkers. This study included 64 depressed adolescents and 54 matched healthy controls. All participants underwent functional magnetic resonance imaging. Using thalamic subregions as seeds, we calculated the FC of these seeds with the DMN and FPN. We correlated FC values exhibiting group differences with clinical scores and constructed a machine learning model to evaluate clinical relevance and predictive accuracy. Compared to healthy controls, depressed adolescents exhibited reduced connectivity between the right ventral posterior (VP) thalamus and bilateral anterior cingulate cortex, and between the left VP thalamus and the right supramarginal gyrus (SMG) and inferior parietal lobule. The FC strength between the left VP thalamus and right SMG was negatively correlated with self-esteem. The classifier incorporating these altered FCs demonstrated moderate discriminative ability between the groups, where each feature contributed to the model decision. This study identified abnormal FC between thalamic subregions and the DMN and FPN. These alterations may contribute to the onset and progression of adolescent depression and show promise as potential biomarkers, thus providing a more objective basis for clinical diagnosis."
339,"The utility of various cognitive assessment tools for distinguishing between mild impairment and dementia, as well as for determining cutoff values for specific populations, continues to be the subject of extensive research. Here, we assessed the utility and feasibility of these tools in the first Slovak memory clinic cohort. We enrolled a Slovak memory clinic cohort of patients with MCI and dementia (MCI, n = 84; dementia, n = 55). The participants were characterized using a range of cognitive assessment tools-Auditory Verbal Learning (AVLT), Category and Letter Fluency (CFT, LFT), Digit Span (DSF, DSB), Digit-Symbol Coding (DS-C), Frontal Assessment Battery (FAB), MMSE, MoCA, Rey Osterrieth Complex Figure (ROCF), and Trail Making Test (TMTA, TMTB); clinical assessments-Amsterdam Instrumental Activities of Daily Living (A-IADL) and 5-level EuroQol questionnaire with 5 dimensions (EQ-5D-5 L); and scales for anxiety, dependency, depression, dignity, and MRI volumetry. The ability of the various assessments to distinguish between MCI and dementia was evaluated. Over the course of three years, at a single memory clinic, it was feasible to enrol and evaluate a total of 150 participants, 139 of whom fulfilled the definition of either MCI or nonvascular dementia. Of the employed cognitive and clinical assessment tools, the best differentiation between MCI and dementia was observed for the AVLT and A-IADL. The DSF and DSB tests did not reveal differences between the populations. No differences were observed in education, vital signs, or anthropometric measurements. Participants with dementia had greater degrees of brain atrophy in the hippocampi and frontal, parietal, and temporal cortex; lower total brain volumes; and greater ventricular dilation. This study confirms the utility of a range of cognitive assessment tools and scales for differentiating between MCI and dementia but reveals that some commonly employed tools, such as the DSF and DSB, may not be sensitive to these differences. This study highlights the importance of accurate assessment of the ability to perform activities of daily living and supports the development of objective, ecologically valid assessments of IADL."
340,"Obstructive sleep apnea syndrome (OSAS) is a recognized risk factor for neurodegenerative disorders. However, a causal link between OSAS and brain damage has yet to be established. Thirty cognitively normal patients with moderate-to-severe OSAS, free from systemic or neurological comorbidities, were enrolled and underwent <sup>18</sup>F-fluorodeoxyglucose positron emission tomography imaging. Their scans were compared to those of cognitively normal, OSAS-free controls from the Alzheimer's Disease Neuroimaging Initiative database. Additional analyses included commonality mapping, correlations with polysomnographic parameters, and seed-based metabolic connectivity of major resting-state networks. Group-level analyses showed fronto-parietal glucose hypometabolism and cerebellar glucose hypermetabolism in patients with OSAS compared to controls. Cerebellar glucose hypermetabolism was associated with reduced rapid eye movement sleep latency and duration. Seed-based connectivity analysis revealed alterations in attentional and limbic networks. Moderate-to-severe OSAS may represent a cause of brain dysfunction, highlighting the importance of its early diagnosis and appropriate treatment to prevent worsening brain damage and possible future neurodegenerative processes. Moderate-to-severe obstructive sleep apnea syndrome (OSAS) is associated with altered brain glucose metabolism. Cerebellar glucose hypermetabolism is associated with rapid eye movement sleep impairment. Attentional and limbic networks connectivity is disrupted in moderate-to-severe OSAS. Early recognition of patients with moderate-to-severe OSAS has the potential to overcome the risk of worsening brain damage that may lead to neurodegeneration."
341,"Real-world choices often require balancing short- and long-term goals. We reasoned that seemingly suboptimal single-trial decisions may reflect strategic planning over longer timescales. We demonstrate that male macaques freely navigating in virtual reality strategically aborted offers, forgoing immediate rewards to maximize session-long returns. This behavior was highly individual-specific, suggesting that macaques account for their own long-run performance. Reinforcement-learning models suggest that this strategy is supported by modular actor-critic networks in which a policy module optimizes long-term value while also incorporating state-action values for rapid policy adjustment. These models predict that policy changes for matched offers should emerge at offer presentation, even when aborts occur much later. Consistent with this prediction, units and population dynamics in dorsolateral prefrontal cortex (dlPFC), but not parietal area 7a or dorsomedial superior temporal area (MSTd), encoded upcoming reward-optimizing aborts at offer onset. These findings cast dlPFC as a specialized policy module within closed-loop behaviors."
342,"Increasing evidence suggests that higher-order thalamic nuclei are implicated in cognitive behavior. Unlike those in the first-order thalamus, higher-order thalamic neurons have a high propensity to switch from tonic spiking to rapid spike sequences termed bursts. Although bursts have been linked to the augmentation of information transfer in a manner that may support behavior, their role in cognition has never been tested. We show that bursts in the pulvinar, a thalamic node linked to cortical coordination during attention, are attention-modulated and predict behavior. Using neural data from the pulvinar and parietal cortex in macaques performing an attention task, we found that pulvinar bursts were predictive of target detection and reconfigured population codes of spatial location in cortex. Electrical microstimulation of the pulvinar triggered bursts that enhanced target detection and synchronized cortical spiking. These results establish pulvinar bursts as a causal driver of attention, revealing a mechanism by which the higher-order thalamus exerts control over cortical processing and behavior."
343,"The aim of this study was to compare regional brain tau extent across the disease spectrum in early- and late-onset Alzheimer's disease using the second-generation tau PET tracer [<sup>18</sup>F]RO948, and to investigate the relationship between PET-derived patterns, plasma p-tau217, brain atrophy, and cognition. We examined 57 participants: 39 patients from the Cognitive Assessment Unit at Karolinska University Hospital (Stockholm/Sweden)-diagnosed as MCI Aβ- (n = 10), MCI Aβ + (n = 16; 8 EO and 6 LO), and AD (n = 13; 5 EOAD and 8 LOAD)-and 18 cognitively normal controls. All participants underwent [<sup>18</sup>F]RO948 tau-PET, structural MRI, cognitive testing, and plasma p-tau217 analysis. Both EO and LO MCI (Aß +) showed higher [<sup>18</sup>F]RO948 binding in amygdala, entorhinal cortex, hippocampus (p < 0.001) and extending to inferior temporal regions (p < 0.01) compared to controls, with some MCI-EO cases already showing advanced neocortical tau burden. At the AD stage, EOAD patients showed greater neocortical tau extent in temporo-parietal and frontal cortices than LOAD. P‑tau217 positively correlated with [<sup>18</sup>F]RO948 in amygdala, entorhinal cortex, hippocampus (rho = 0.81) followed by temporal (rho = 0.71), and parietal cortices (rho = 0.56, all p < 0.001). The Tau‑PET/p-tau217 association was different between EOAD and LOAD with greater differences in parietal cortices. Tau‑PET also showed stronger region‑specific associations with cognitive impairment than p‑tau217, especially in EOAD. [<sup>18</sup>F]RO948-PET captured interindividual heterogeneity in tau accumulation that was not reflected by plasma p-tau217. This dissociation was particularly evident in neocortical regions, where LOAD showed elevated plasma p-tau217 levels despite low tau PET binding. These findings highlight the value of tau-PET as a sensitive biomarker for detecting early disease heterogeneity, assessing disease severity, and improving patient stratification for disease-modifying treatments."
344,"The opercular cortex is the part of the brain that overlies the insula and is the prolongation of the frontal, parietal, and temporal lobes in the lateral fissure. Over the years, this region has undergone multiple parcellations, and updated, multimodal, large-scale brain atlases highlight up to 16 subregions organized within the frontal, parietal, and temporal opercula. Using complementary methods for brain mapping-such as functional neuroimaging, source connectivity on scalp EEG or magnetoencephalography signals, and effective connectivity measures based on intracranial EEG recordings and cortico-cortical evoked potentials-several connectivity patterns have been identified. The main bidirectional opercular connections are with the insular cortex. The anterior insula is preferentially connected with the temporal and frontal operculum (OpF), whereas the posterior insula is connected to all opercular subdivisions. All three opercular subdivisions are interconnected. The OpF is functionally connected to the cingulate cortex consistent with a role in salience processing and to the temporal basal, temporal neocortex, premotor, and primary sensorimotor regions implicated in language processing. The parietal operculum is functionally connected with the premotor-motor and parietal regions for sensorimotor and vestibular processing. Finally, the temporal operculum is functionally connected with the temporal basal, temporal pole, mesial temporal structures, and parietal cortex supporting auditory, vestibular, and language processing."
345,"Operculoinsular epilepsy presents diagnostic and surgical challenges due to the complex anatomy of the opercula, the underlying insula, and their intimate relationships with major vascular and subcortical white matter tracts. Comprehensive evaluation relies on detailed seizure semiology, high-resolution structural and functional neuroimaging, and invasive monitoring (namely, stereoelectroencephalography) to distinguish opercular from insular seizure onset and identify suitable surgical candidates. Advances in invasive recording capabilities, intraoperative mapping, microneurosurgical techniques, and laser ablative technologies have expanded access to epileptogenic networks in this region, improving the safety and precision of operative approaches for the treatment of epilepsy. This review outlines the relevant surgical anatomy of the frontal, parietal, and temporal opercula and deeply-situated insula, emphasizing the need for meticulous preoperative planning and accurate intraoperative recognition of anatomical landmarks. We describe resective strategies (including transsylvian and transopercular approaches), tailored to epileptogenic localization while minimizing risk to critical vasculature and eloquent cortex. Intraoperative electrocorticography, functional mapping, and neurophysiological monitoring further refine surgical margins and help mitigate postoperative deficits. We also highlight stereotactic laser interstitial thermal therapy as a minimally invasive alternative for well-defined epileptogenic zones, particularly in the dominant hemisphere or deep opercular tissue, offering reduced morbidity and shorter hospitalization. Reported seizure-freedom rates following resective operculoinsular epilepsy surgery are 60% to 70%, and around 50% with laser interstitial thermal therapy, with relatively safe complication profiles. Ultimately, a thorough understanding of anatomy, careful patient selection, and judicious use of adjunctive mapping technologies are essential to achieving optimal seizure outcomes in the safe surgical management of operculoinsular epilepsy."
346,"Symmetrical resistance training induces corticospinal and cortical network plasticity; however, the neural consequences of asymmetrical resistance training (offset loading or OL) remain unclear. In this preliminary study, fourteen healthy adults completed eighteen supervised upper-extremity training sessions over a 6-week intervention period. Participants were allocated to either an offset loading (OL) intervention group (<i>n</i> = 8) or a conventional symmetrical resistance training active control group (AC; <i>n</i> = 6). Electroencephalography (EEG) recordings were acquired during motor task performance at baseline, 3 weeks, and 6 weeks. Directed functional connectivity among predefined cortical regions was quantified, and longitudinal changes were assessed using Friedman tests with false-discovery-rate correction for multiple comparisons. Significant changes in the OL group were observed involving two cortical pathways after correction for multiple testing. Connectivity from the right parietal cortex to the right sensorimotor cortex increased over time (Friedman χ<sup>2</sup> = 8.00, <i>q</i> = 0.037), with post hoc analyses showing a significant increase between the midpoint and post-training assessments (<i>q</i> = 0.047; effect size r = 0.894). No significant longitudinal changes in cortical connectivity were identified in the AC group. Six weeks of OL training was associated with selective strengthening of directed connectivity within prefrontal-to-sensorimotor and parietal-to-sensorimotor cortical pathways. In contrast, conventional symmetrical resistance training was not associated with detectable changes in connectivity. These findings suggest that asymmetrical loading may induce task-specific reorganization of cortical networks involved in sensorimotor processing and motor control."
347,"<b>Background/Objectives:</b> A current debate addresses where syntactic Merge primarily resides: the left-hemisphere posterior inferior frontal gyrus (IFG) or the temporo-parietal cortex. For proponents of the former, the temporo-parietal cortex supports more effortful processing; for the latter, the IFG supports integration and conflict resolution. We examine aperiodic activity in processing <i>wh</i>-filler-gap dependencies in French for evidence from network dynamics addressing engagement in syntax across L1 and L2. <b>Methods:</b> We extracted aperiodic activity 1/f components (considering offsets as a reflection of neuronal spiking and exponents as a reflection of excitatory-inhibitory balance) out of power spectrum density at 0.5-40 Hz across occipital and bilateral frontal and temporo-parietal regions of interest (ROIs) in reading. <b>Results:</b> Greater exponents arose in temporo-parietal than frontal ROIs in L1 and L2, with strong spiking and regulation suggested by greater offsets and exponents in the occipital ROI in L2-unlike L1-and with potential modulation by L1-L2 representation overlaps. These patterns suggest distributed cell assemblies for L1 and L2 processing. Increased regulation in temporo-parietal ROIs across L1 and L2 cell assemblies might suggest a structural function across temporo-parietal cortices in syntactic processing. <b>Conclusions:</b> Aperiodic activity reflecting connectivity in L1 and L2 processing supports distinct L1 and L2 cell assemblies, with L2 patterns suggesting potential overlap between L1 and L2 circuit modules. Greater exponents in bilateral temporo-parietal ROIs across L1 and L2 indicate increased regulation, supporting the engagement of lateralized temporo-parietal cortices in computations. These effects are discussed by considering advances in syntactic theory and the biology of language readiness."
348,"This study aimed to characterize cortical dysfunction and frequency-specific network reorganization following optic nerve injury using spin-exchange relaxation-free magnetoencephalography (SERF-MEG), and to assess the potential of MEG-derived multiscale features as sensitive functional biomarkers for clinical evaluation. In this prospective case-control study, SERF-MEG recordings were acquired during a pattern-reversal visual stimulation paradigm. Time-domain evoked components (M100/M135), global electrophysiological indices, energy-based metrics, and alpha- and beta-band phase-based functional connectivity were extracted. Network topology was quantified using graph-theoretical measures, including global and local efficiency, clustering coefficient, and assortativity. Group-level differences between patients and healthy controls were statistically analyzed. Patients showed significantly reduced M100/M135 amplitudes, prolonged M100 latency, and a lower early-component energy ratio. Functional connectivity was significantly decreased in the alpha and beta bands, accompanied by reduced global and local efficiency, mean strength, and clustering coefficient. Seed-based analyses revealed reduced connectivity predominantly in occipito-parietal and occipito-temporal pathways. SERF-MEG provides sensitive identification of cortical- and network-level functional impairments following optic nerve damage. MEG has significant clinical potential for disease diagnosis and therapy monitoring, providing a novel objective assessment tool for neuro-ophthalmological disorders."
349,"Mild cognitive impairment (MCI) is prevalent in patients with coronary heart disease (CHD) and has been linked to alterations in memory-related brain networks. Although computerized cognitive training (CCT) may enhance cognition by promoting neuroplasticity. It remains unknown whether multidomain adaptive CCT can induce structural and functional plasticity within specific memory circuits in patients with CHD and MCI, and whether such neural changes relate to cognitive and cardiovascular outcomes. In this secondary analysis of a multicenter, randomized trial, CHD patients with MCI received either multidomain adaptive CCT or basic CCT as active control. Multimodal MRI, cognitive testing, and blood pressure measurement were conducted at baseline after 12-week intervention. Outcome measures were functional connectivity (FC) of the two memory-related networks included the Parietal Memory Network (PMN) and Context Association Network (CAN), grey matter volume as well as structural connectivity of their key regions, and the association of FC changes with cognitive and blood pressure changes. A total of 185 participants (95 in the adaptive CCT group, 90 in the active control group) were eligible. The multidomain training significantly increased hypothesis-driven outcomes, including within-memory network FC (left CAN: p = 0.045; right CAN: p = 0.031; left PMN: p = 0.028) and right PMN whole-brain connectivity (p = 0.010). Exploratory analysis revealed that training-induced FC increased between PMN/CAN and multiple other networks (p<sub>FDR</sub> < 0.05). Multidomain CCT also increased grey matter volume in the right precuneus (p = 0.048) and parahippocampal cortex (p = 0.032), and strengthened structural connectivity in the right precuneus-inferior parietal lobule (p = 0.016) and parahippocampal-superior frontal gyrus (p = 0.044) pathways. Improvements in global cognition and working memory were positively associated with changes in FC of PMN (β = 0.23 to 0.36, ps < 0.05) in treatment group. Reductions in systolic blood pressure and pulse pressure were linked to changes in FC of right PMN ([Formula: see text] = -0.25 to 0.31, ps < 0.05), and mediation analyses indicated that FC of right PMN and the cingulo-opercular networks mediated the treatment effect on pulse pressure (p = 0.040). Multidomain adaptive CCT promotes functional and structural neuroplasticity in memory-related circuits in CHD patients with MCI. The alterations in functional connectivity were linked to cognitive gains and appeared to mediate the reduction in blood pressure as a modifiable cardiovascular risk factor, indicating that CCT may engage in the brain-heart axis. ClinicalTrials.gov, NCT05735041; Registered on Jan. 18, 2023."
350,"The efficacy of current transcranial stimulation in cognitive disorders is limited by single-node intervention. Recent evidence indicates that amnestic mild cognitive impairment (aMCI) is associated with dysconnectivity in the frontoparietal network (FPN) and abnormal theta oscillations. Modulating the FPN with theta-frequency stimulation therefore represents a promising intervention for aMCI. We developed a noninvasive transcranial alternating current stimulation (tACS) protocol to modulate long-range theta interactions within the FPN in aMCI patients. Thirty patients with aMCI were randomly assigned to receive 10 sessions (2 mA, 6 Hz, 25 min per session) of either dual-node tACS applied over the right FPN (i.e., the dorsolateral prefrontal cortex, DLPFC, and the posterior parietal cortex, PPC) or single-node tACS over the right DLPFC alone. Participants also undergone EEG recordings during resting state, a 2-back working memory, and an associative memory task before and after intervention. Compared with single-node stimulation, dual-node stimulation produced more significant improvements in global cognition, as measured by Montreal Cognitive Assessment. Dual-node stimulation also enhanced resting-state theta power in dorsolateral and midline prefrontal cortices. Furthermore, dual-node stimulation was superior to single-site stimulation in improving memory performance and network dynamics. Specifically, it enhanced theta-gamma phase-amplitude coupling in right DLPFC during the working memory task and increased right frontal-to-parietal theta-phase synchronization during the associative memory task. This study provides preliminary evidence that dual-node tACS targeted over the FPN may offer behavioral and neurophysiological benefits over single-node stimulation in aMCI. Trial registration: Chinese Clinical Trial Registry, ChiCTR2200058652; Registration Date: 2022-03-13."
351,"Background Childhood maltreatment (CM) and the amygdala are pivotal in the etiology of adolescents with major depressive disorder (MDD), but the neurobiological processes linking them remain ambiguous. Methods This study employed voxel based morphometry to quantify gray matter volume and examined the structural covariance networks (SCN) of amygdala subregions in 92 adolescents with MDD and 81 healthy controls (HCs), concurrently administering the Childhood Trauma Questionnaire-Short Form (CTQ-SF) to evaluate experiences of CM. Results The results demonstrated that, in contrast to healthy controls, adolescents with major depressive disorder displayed heightened developmental synchrony between the amygdala subregions and the parietal cortex. Moreover, CM may influence the top down regulation of the frontal cortex over the limbic system, which could contribute to atypical maturation of neural circuits and increase susceptibility to MDD. Conclusions This research demonstrates the influence of CM on brain development and mental health, highlighting the need for specific therapies for adolescents with a history of CM. Trial registration Prospective Registration, Chinese Clinical Trial Registry."
352,"Direct electrocortical stimulation (DES) is the gold standard for mapping eloquent cortex, yet existing functional atlases are limited by sampling biases and density-based methods that obscure a region's true functional probability. Consequently, interpatient variability and the functional contributions of nontraditional language areas, such as the middle frontal gyrus, remain poorly characterized, particularly in epilepsy populations where functional reorganization is common. We therefore developed a probabilistic functional atlas of extraoperative DES and applied data-driven methods to characterize the functional organization of language, motor, and sensory cortex. This was a retrospective observational study of patients undergoing intracranial monitoring for drug-resistant epilepsy (2008-2023). Electrical stimulation was delivered to intracranial electrodes during language tasks, and language, motor, and sensory findings were recorded. Positive and negative stimulation sites were analyzed in standard patient space and using the Human Connectome Project parcellation atlas. A multilevel statistical framework, including probability mapping, bootstrapped region-of-interest analyses, and kernel density estimation, defined structure-function relationships. Generalized linear mixed-effects models assessed the influence of clinical variables on language disruption. We analyzed 2,124 trials from 125 patients (mean age 30 years; 47% female). Instead of eloquent functions clustering into discrete canonical regions, they were distributed throughout the cortex along probabilistic continua. Language disruption demonstrated high interpatient variability with the middle frontal gyrus emerging as a high probability area for naming and speech arrest. Motor responses were not confined to the precentral gyrus but frequently extended into parietal association cortex. Clinically, early seizure onset (<i>p</i> = 0.006) and the presence of a temporal lobe lesion (<i>p</i> = 0.003) independently predicted a lower probability of language disruption in the temporal lobe. This extraoperative DES atlas provides a comprehensive benchmark for understanding functional cortical organization in epilepsy. We add evidence to the growing literature that language and motor systems are more distributed and variable than classically described. Substantial interpatient variability underscores the necessity of individualized mapping to guide safe neurosurgical planning. Limitations include the retrospective design and sampling bias inherent to electrode placement."
353,"Paired-pulse somatosensory evoked potentials (ppSEPs) offer a robust, non-invasive measure of inhibitory interactions in the human somatosensory cortex. The impact of long-term habitual physical activity on gating mechanisms remains poorly understood. This study quantified whether regular physical activity over extended periods modulates paired-pulse suppression (PPS) after tibial nerve (TN) stimulation and whether PPS relates to weekly training volume. Fifty-nine healthy participants (29 female; 22.4 ± 3.9 years) were analyzed. Physical activity over the previous two years was assessed by questionnaire and participants were classified as physically active (PA, n = 38) if they reported more than 1.25 h/week of regular training during this period. All others were classified as non-active (NA, n = 21) participants. Single-pulse (spSEP) and ppSEPs were recorded bilaterally after suprathreshold TN stimulation using a Cz'-Fz montage. Across all participants tested, significant PPS was observed for N30/P40, P40/N50 and N50/P60 ppSEP amplitudes after both left and right TN stimulation. However, PPS and spSEP did not differ between PA and NA. PPS in right N30/P40 correlated negatively with weekly training hours in PA. No such associations were found for P40/N50 or N50/P60, nor for left-sided PPS measures. Long-term physical activity does not seem to modulate SEP components or PPS after TN stimulation. However, training volume within PA was associated with PPS of the N30/P40 amplitude after right TN stimulation, indicating a potential selective dose-dependent modulation. Longitudinal studies are needed to establish causality, explain side-specific effects, and determine the behavioral relevance for sensorimotor performance."
354,"An 81-year-old woman with follicular lymphoma treated with obinutuzumab and bendamustine developed cognitive impairment and dysarthria. Three months before death, neurological exams showed dysarthria, right hemiparesis, and gait disturbance. Blood tests showed lymphocytopenia (lymphocyte 10.4%). Cerebrospinal fluid (CSF) findings were unremarkable, including with respect to cytology. Brain MRI demonstrated a mass-like hyperintense lesion in the left parietal lobe and band-like abnormalities in the left fronto-temporal white matter that lacked contrast enhancement. Symptoms progressed to hemiplegia and mutism; severe dysphagia eventually necessitated intravenous fluid management. Follow-up MRI one month before death revealed a lesion encompassing nearly the entire left hemisphere, with hyperperfusion observed during arterial spin labeling (ASL). JC virus was detected in CSF (221 copy/mL), confirming that the patient had progressive multifocal leukoencephalopathy (PML). Subsequently, she exhibited poor arousal, followed by death. Here, lymphoma recurrence or PML was suspected due to a post-chemotherapy unilateral expanding brain lesion. These conditions are usually differentiated by contrast-enhancement patterns, but PML can also enhance during immune reconstitution. Moreover, lesions rarely cause a mass effect and more often exhibit hyperperfusion, which may aid in diagnosis. While unilateral PML has been reported, especially in the early stage, such an extensive lesion involving nearly an entire single hemisphere, as seen in our case, is rare."
355,"Attention-deficit/hyperactivity disorder (ADHD) and developmental dyslexia (DD) are two prevalent neurodevelopmental disorders (NDDs) that frequently co-occur, resulting in comorbidity (COM), which is associated with significant cognitive and behavioral difficulties. These disorders are characterized by considerable clinical and neurobiological heterogeneity. The functional connectivity (FC) patterns within each disorder may consist of both individual-shared and individual-specific components. Disentangling these patterns may provide more in-depth insights into the neural mechanisms underlying these conditions. In this study, the common orthogonal basis extraction (COBE) method was applied to the resting state electroencephalography (EEG) FC data from children with ADHD, DD, COM, and age-matched typical development (TD) controls, aiming to separate individual-shared and individual-specific FC patterns. Individual-specific FC could significantly predict clinical symptoms in ADHD, DD, and COM, with distinct predictive connectivity patterns across different groups. The predictive features in ADHD were primarily located in the left central and parietal regions. In DD, they involved the left temporal lobe, left parietal lobe, and right central region. In COM, they involved the left frontal lobe and the right parietal lobe. At the group level, compared with TD, individual-shared FC showed significantly enhanced posterior FC in all clinical groups. The differences in shared FC among the three clinical groups further allowed for the classification of ADHD, DD, and COM with an accuracy of 73.55%. By disentangling the shared and individualized components of EEG FC, this study provides novel insights into the neural organization of ADHD, DD, and their COM. The results suggest that individual-specific FC is more strongly associated with clinical symptoms, whereas shared FC captures group-level connectivity alterations and differences among clinical groups. This framework may present a promising approach for investigating biological heterogeneity in NDDs."
356,"Two defining visual features of a real-world object are its shape and color. While previous fMRI pattern decoding studies showed that these features are represented in a largely orthogonal and independent manner in the human occipitotemporal cortex (OTC) during visual perception, how they are coded together in visual working memory (VWM) remains unknown. Here, we asked human participants to retain a real-world object's shape and color together in VWM. Using fMRI pattern decoding, we trained a linear classifier to decode two object shapes in one color to then decode the same two object shapes either in the same color (within-decoding) or in a different color (cross-decoding). During VWM encoding, replicating prior findings, we found significant cross-decoding and no drop in cross-decoding compared to within-decoding across OTC, indicating orthogonal and independent shape and color coding. During VWM delay, we again found significant cross-decoding, but more critically, a significant cross-decoding drop in OTC shape-selective areas and ventral color areas, indicating interactive shape and color coding in these areas in VWM. To our knowledge, this is the first time that interactive shape and color representations are reported in VWM in the human brain using fMRI pattern decoding. Sensory representations of an object's shape and color are thus transformed during VWM delay, likely tracking the demand of VWM to enable more efficient information storage."
357,"Very preterm birth has been associated with altered brain development and impaired global motion processing within the dorsal visual stream. We explored whether cortical thickness in occipital and parietal regions predicted global motion processing in 7-year-old children born very preterm. Structural magnetic resonance imaging (MRI) measures were successfully computed for 99 children, motion coherence thresholds were evaluated in 85 participants and functional MRI blood oxygen level-dependent (BOLD) percent signal change in the primary visual cortex (V1) and/or middle temporal area (V5) was quantifiable in 23 participants. Parietal cortical thickness predicted V5 BOLD response to 100% coherent motion stimuli, where individuals with thinner parietal cortices had stronger V5 BOLD responses to coherent motion. These findings indicate that parietal thickness may serve as a structural indicator of dorsal stream development in children born very preterm and provide a structural basis for understanding individual differences in global motion processing."
358,"Surgical resection is a mainstay of treatment for pediatric patients with low-grade gliomas (LGG). However, LGG arising in eloquent cortex or in deep-seated regions represent a surgical challenge. Laser interstitial thermal therapy (LITT) has shown efficacy for treating lesions in anatomically or functionally challenging locations. In this study, we describe our experience with using LITT to treat pediatric patients with LGG. We performed a single-institution retrospective chart review to identify all patients under age 25 who underwent LITT for the treatment of LGG. Patient demographics, lesion and treatment characteristics, and postoperative clinical and radiographic outcomes were collected. Thirteen pediatric patients with LGG who were treated with LITT (mean volume 2.4 ± 3.7 cc). Lesions were subcortical in the frontal (n = 7; 54%) or parietal (n = 2; 15%) lobes, cerebellar (n = 3; 23%), or thalamic (n = 1; 8%). No technical challenges were noted. In two patients (15%) with large lesions (> 5 cc), two-trajectory LITT was used. A biopsy was performed prior to LITT using the same trajectory in twelve patients (92%). At last follow-up (mean 28mo), 12 patients (92%) experienced no disease progression. One patient experienced progression of disease 3 months after LITT. Two patients (15%) experienced transient neurological deficits, which resolved within 1 month with steroid medication. There were no mortalities or postoperative hemorrhages. Pediatric patients with LGG can be safely and effectively treated with LITT. This approach is particularly promising for treating small, deep-seated lesions that are often seen in pediatric patients and can be integrated into the surgical workflow for patients where a lesion biopsy is warranted."
359,"This study investigated cognitive-load-dependent effects of high-definition transcranial direct current stimulation (HD-tDCS) on the executive vigilance (EV) decrement and its modulation by aperiodic electroencephalography (EEG) markers. Given the relevance of vigilance for daily functioning and its susceptibility to decline over time, we examined whether HD-tDCS could counteract this decrement under varying cognitive demands. In a between-participant design (<i>N</i> = 180), anodal HD-tDCS was applied over the right posterior parietal cortex (rPPC) during performance of a single-, dual-, or triple-task, with on-task EEG recorded pre- and post-stimulation. Power spectra were parametrized to extract aperiodic (non-oscillatory) components; the aperiodic exponent and offset across two frequency ranges (1-35 and 30-45 Hz). HD-tDCS induced a reduction in the aperiodic exponent within the 30-45 Hz range (i.e., flattening of the spectral slope), consistent with increased cortical excitation. This change was associated with a mitigated EV decrement under high task demand and an exacerbated decrement under low demand, suggesting a mechanistic link between changes in excitation/inhibition balance and behavioral outcomes. However, these effects reached significance only under a directional hypothesis and seemed to be obscured by a push-pull relationship with the aperiodic offset, indicating a more complex interaction between local excitability and broadband spectral dynamics. Baseline aperiodic markers did not significantly moderate the stimulation effect but predicted overall task performance, independent of stimulation. These findings suggest a mechanistic understanding of how endogenous neural activity, specifically, aperiodic EEG features, modulates brain stimulation outcomes. By demonstrating that HD-tDCS effects vary as a function of cognitive load and spectral dynamics, the study underscores the need for future research, centered on refined, state-sensitive stimulation protocols to mitigate the EV decrement."
360,"The extracellular matrix (ECM) performs several functions during development and in mature nervous tissue plasticity; ECM concentrates in lattice-like envelopes called perineuronal nets (PNNs), which surround the cell bodies and proximal dendrites, mainly of parvalbumin (PV) γ-aminobutyric acidergic interneurons. PNNs are proposed to serve synaptic plasticity regulation, synapse stabilization, and neuron protection, by forming a physical barrier from potentially damaging neurochemical stimuli. We analyzed aggrecan expression, a major component of adult PNNs, in human specimens obtained from epilepsy surgery. Postsurgical tissues were obtained from 20 patients with drug-resistant epilepsy: six cases with no histological alterations (cryptogenic epilepsy) and 14 patients showing type IIa and IIb focal cortical dysplasia (FCDII). For comparison, cortices from three autoptic controls with short postmortem delay were analyzed. Immunohistochemistry, confocal microscopy, and RNAscope technique were applied. Control autoptic cases showed high aggrecan expression in the cortex, with a clear decreasing expression gradient from occipital to frontal and temporal areas. This expression gradient was lost in cryptogenic cases, which showed severe aggrecan loss, with residual immunoreactive arrangements mainly around PV interneurons. In FCDII, altered immunolabeling was evident in the core of the dysplastic lesion, and PNNs were identified around both PV interneurons and dysmorphic neurons (DNs) presenting abnormal vGLUT1 and vGAT perisomatic basket formations. Diffuse weak staining of the white matter without PNNs was also found in FCDII. As for cryptogenic cases, FCDII perilesional cortex showed a marked aggrecan staining loss. RNAscope findings confirmed that aggrecans are produced by FCDII pathological neurons, such as DNs. These data support the notion that etiology-specific PNN remodeling is part of the epileptogenic process. FCDII tissues show altered PNN expression in DNs suggestive of a pathogenic role within the FCD lesion, and the disappearance of histochemical PNN labeling in cryptogenic and FCDII perilesional area suggests a possible role mediated by seizure activity."
361,"Passive working memory (WM) is rarely detectable because it is thought to rely less on persistent neural firing, leaving a minimal trace in ongoing brain activity. This elusive nature poses a major challenge for exploring its neural basis. While the activity-silent working memory (ASWM) framework proposes that such latent representations are maintained through transient reconfiguration in intrinsic functional connectivity, tracking these rapid dynamics via functional MRI remains methodologically difficult. Alternatively, investigating the brain's intrinsic functional architecture provides insights into the baseline ""neural scaffolding"" that predisposes individuals to successful passive WM. To explore this, we combined pre-task resting-state fMRI, structural MRI, and behavioral data from a sequential change-detection paradigm in 151 healthy adults. Functional connectivity-behavior associations revealed that individual differences in passive WM performance were significantly reflected by intrinsic connections among large-scale networks encompassing dorsal attention, control, and sensorimotor. Granger causality analyses further revealed a group-level temporal dependency pattern linking these functional systems. Furthermore, exploratory structural analyses suggested spatial convergence between uncorrected cortical-thickness associations and certain functionally identified sensorimotor nodes. Overall, this study adopts an exploratory approach to demonstrate that baseline intrinsic functional architecture-complemented by preliminary structural findings-is significantly associated with individual differences in passive WM."
362,"Temporal lobe epilepsy (TLE) is one of the most prevalent pharmaco-resistant epilepsies in adults, for which no effective curative regimens or disease-modifying therapies are currently available. Studies have shown that cerebral blood volume (CBV) is significantly reduced throughout the whole brain in epileptic patients during the interictal period, while some have reported increased local cerebral blood flow (CBF). These findings indicate that during epileptic seizures, there are changes in the blood flow of the brain. However, for TLE, the changes in brain blood flow and the functional connections of related nuclei remain unclear. The present study aimed to use functional ultrasound imaging (fUS) to detect changes in CBV in mice during acute seizure state of TLE, as well as alterations in global brain functional network connectivity. Our findings showed that most brain regions exhibit changes in relative CBV (rCBV). Among the 12 epilepsy-related brain regions, all except the intermediodorsal nucleus of the thalamus (IMD) and striatum (STR) showed an initial increase followed by a decrease in rCBV. Additionally, the rCBV changes in the reticular nucleus of the thalamus (RT) occurred earlier than in other nuclei, the brain's functional connectivity (FC) underwent distinct changes, which may be associated with the remodeling of brain FC. These results demonstrated that CBV exhibited heterogeneous changes across the whole brain, and the overall brain functional network connectivity underwent modifications during acute seizure state of TLE in mice."
363,"Lower levels of several synaptic proteins in cerebrospinal fluid (CSF) have been associated with greater cognitive decline among older adults, but there is limited understanding of their associations with brain structure. This study is among the first to examine the cross-sectional relationship between levels of three synaptic proteins (VGF, NPTX2, and GluA4) with magnetic resonance imaging (MRI) measures of white matter microstructure and volumes, and with cognitive performance. We also examined whether relationships between synaptic protein levels and white matter measures are influenced by CSF Alzheimer's disease (AD) biomarker levels [ratio of p-tau<sub>181</sub>/(Aβ<sub>42</sub>/Aβ<sub>40</sub>)]. Participants included 151 middle-aged and older adults without dementia (132 cognitively unimpaired, 19 mild cognitive impairment, <i>M</i> <sub>age</sub> = 69.3 years). White matter volumes and microstructure [fractional anisotropy (FA), mean diffusivity (MD)], derived from MRI scans, were assessed in three regions: global cerebral, medial temporal lobe, and cerebellar peduncles. In linear regression analyses, lower levels of NPTX2, VGF, and GluA4 were associated with lower FA and higher MD, even after accounting for CSF AD biomarker levels. Synaptic proteins were not associated with white matter volumes. Additionally, lower FA, higher MD, and lower VGF levels were associated with poorer executive function performance. An exploratory mediation analysis showed that cerebral white matter MD statistically mediated the relationship between VGF and executive performance. These findings provide preliminary, cross-sectional support that VGF may act on cognition via white matter microstructure. Together the results suggest that white matter microstructure may represent one pathway linking synaptic proteins levels to cognitive performance among older adults. Future research is needed to advance understanding of the specific mechanisms driving these relationships."
364,"Frontotemporal dementia (FTD) and primary progressive aphasia (PPA) are complex, partially overlapping neurodegenerative syndromes primarily affecting the frontal and temporal lobes, resulting in deficits in behaviour, executive function and language. FTD is among the leading causes of early-onset dementia and has several subtypes, including behavioural-variant FTD (bvFTD) and PPA. PPA is subdivided into three main variants: non-fluent variant PPA (nfvPPA), semantic variant PPA (svPPA)/semantic dementia (SD) and logopenic variant PPA (lvPPA), each characterized by distinct language and cognitive impairments. Although these syndromes are clinically distinguishable, overlapping cognitive, behavioural and neuroanatomical features are common. To provide a comprehensive quantitative synthesis of the associated neuroimaging findings for each subgroup, we conducted an activation likelihood estimation (ALE) meta-analysis of structural and functional neuroimaging studies across bvFTD and the major PPA syndromes. The analysis included coordinate-based data from 114 studies comprising 8057 patients. Across syndromes, patients showed widespread brain abnormalities relative to healthy controls, involving frontal, temporal and parietal cortices as well as subcortical and limbic regions, including the basal ganglia and thalamus. Each FTD subtype demonstrated distinct, yet partially overlapping, patterns of degeneration. bvFTD showed prominent degeneration in the frontal and medial temporal lobes, insula, cingulate cortex and limbic system, consistent with impairments in social cognition and disinhibition. svPPA/SD exhibited focal atrophy in the anterior temporal lobes, disrupting the semantic network and impairing semantic processing. nfvPPA was associated with degeneration in the speech production network, particularly the insula and inferior frontal gyrus. lvPPA displayed left-lateralized abnormalities in the posterior temporal and inferior parietal lobes, affecting language function. In addition to these prototypical patterns, overlapping regions were observed between specific syndromes, including shared involvement of anterior temporal and limbic regions in bvFTD and svPPA/SD, frontal-insular regions in bvFTD and nfvPPA and lateral temporal regions in svPPA/SD and lvPPA. Together, these findings provide a robust synthesis of distinct and overlapping neuroanatomical alterations across FTD and PPA syndromes, clarifying how syndrome-specific and shared patterns of degeneration may contribute to clinical heterogeneity."
365,"The medial temporal lobe is organized into two memory-critical networks: the anterior-temporal and posterior-medial systems. While these systems show selective vulnerability to aging and Alzheimer's disease, the underlying structural and molecular determinants of this susceptibility remain unclear. We aimed to characterize the specific white matter pathways supporting these networks, investigate how amyloid-β and neuroinflammation interact to impact their integrity, and determine if structural changes relate to functional connectivity alterations. In 88 cognitively unimpaired (CU) older adults (≥ 65 years) from the Age-Well cohort (NCT02977819), we combined longitudinal diffusion MRI tractography, resting-state fMRI, amyloid-β PET (Florbetapir), and plasma glial fibrillary acidic protein (GFAP). We reconstructed fiber pathways of the perirhinal (anterior-temporal system hub) and parahippocampal (posterior-medial system hub) cortices and quantified their microstructural integrity, network connectivity, and relationships to pathology. The anterior-temporal and posterior-medial systems relied on partly distinct structural pathways. Both involved the inferior longitudinal and cingulum bundles, but the anterior-temporal system was specifically associated to their inferior portions, as well as thalamic radiations, and callosal fibers, whereas the posterior-medial system relied more on their superior portions and the inferior fronto-occipital fasciculus. We identified a non-linear, inverted U-shaped association between pathway integrity and amyloid-β burden, suggesting dynamic structural changes across early pathological stages. Crucially, plasma GFAP moderated this relationship for the posterior-medial pathway: the negative impact of amyloid-β on structural integrity was exacerbated in individuals with higher astroglial reactivity, highlighting a synergistic pathological effect. Finally, in high amyloid-β individuals, increased anterior-temporal functional connectivity correlated with lower anterior-temporal pathway integrity, suggesting that network higher FC may represent a maladaptive response to early amyloid-β deposition leading to white matter integrity loss. Together, our findings reveal distinct mechanisms of vulnerability within medial temporal networks: while the posterior-medial system is primarily sensitive to the synergistic effects of amyloid-β and astroglial reactivity, the anterior-temporal system shows lower structural integrity linked to higher FC in the presence of amyloid. By providing a mechanistic framework for these early disruptions, this study advances the understanding of preclinical Alzheimer's disease and identifies specific structural-functional signatures that could serve as sensitive biomarkers for targeted interventions."
366,"Misophonia is a poorly understood clinical condition characterized by reduced tolerance to select trigger sounds. Whether misophonic distress and its regulation involve unique neural mechanisms compared to other forms of emotion dysregulation remains unclear. We used functional magnetic resonance imaging (fMRI) to identify putative neural signatures of misophonic reactivity and regulation compared to a transdiagnostic clinical control group. Twenty-nine adults with misophonia and 30 with high emotional dysregulation and a DSM-5 psychiatric disorder underwent an fMRI session. After the presentation of misophonic, aversive, or neutral sound cues, they either experienced emotions naturally or reduced negative affect through cognitive reappraisal. Compared to controls, participants with misophonia showed greater distress after listening to or downregulating misophonic sounds and lower distress when listening to non-misophonic aversive sounds. Listening to misophonic sounds elicited lower functional connectivity between the right insula and the left dorsomedial prefrontal cortex (dmPFC), and between the left insula and the right superior temporal sulcus, in the misophonia group compared with controls. During the regulation of misophonic sounds, the misophonia group showed increased left insula connectivity with the anterior cingulate cortex and increased right insula connectivity with the bilateral dmPFC and other sensorimotor regions compared to controls. In the misophonia group only, higher emotion dysregulation and lower habitual use of reappraisal were respectively associated with increased insula-dmPFC connectivity and with increased insula connectivity with the dorsolateral prefrontal cortex. Prefrontal cortex activation during regulation of misophonic distress was not significantly different between the two groups. Insula activity and connectivity may be key features that distinguish misophonia from other forms of emotional dysregulation. These novel findings identify candidate neural processes that may be selectively associated with misophonia, as well as processes that may be shared between misophonia and other forms of emotion dysregulation."
367,"Although lateralisation of brain function is relatively common in animals, this is rarely accompanied by overt anatomical asymmetries. Morphological differences between the cerebral hemispheres are well established in Hominoids and other large primate species, but regarded as subtler, or inconsistent, in other primates. We demonstrate that the left hemisphere is reproducibly larger than the right hemisphere in one of the smallest primates, the marmoset. Among 208 adult marmosets the left hemisphere was on average 2.31% larger than the right (range: 0.22%- 4.37%). This asymmetry develops during early postnatal life, persists throughout adulthood, and is primarily due to differences in the volume of cortex associated with social cognition, including in the lateral and inferior temporal lobe areas and ventral premotor areas. These results challenge the notion that the morphological asymmetry between the hemispheres is linked to the evolution of large brains and progressive reduction in the relative connectivity between hemispheres."
368,"Although language neuroscience has largely focused on 'core' left frontal and temporal brain areas and their right-hemisphere homotopes, numerous other areas-cortical and subcortical-have been implicated in linguistic processing. However, these areas' contributions to language remain unclear given that the evidence for their recruitment comes from diverse paradigms, many of which conflate language processing with perceptual, motor, or task-related cognitive processes. Using fMRI data from 772 participants (438 females, 334 males) performing an extensively validated language 'localizer' paradigm that isolates language processing from other processes, we a) delineate a comprehensive set of areas that respond reliably to language across written and auditory modalities, and b) evaluate these areas' selectivity for language relative to a demanding non-linguistic task. In line with prior claims, many areas outside the core fronto-temporal network respond during language processing, and most of them show selectivity for language relative to general task demands. These language-selective areas of the extended language network include areas around the temporal poles, in the medial frontal cortex, in the hippocampus, and in the cerebellum, among others. Although distributed across many parts of the brain, the extended language-selective network still only comprises a small fraction (<5%) of the grey matter volume, challenging the view that the entire brain processes language. These newly identified language-selective areas can now be systematically characterized to decipher their contributions to language processing, including testing whether these contributions differ from those of the core language areas.<b>Significance statement</b> Language processing consistently recruits a left-lateralized fronto-temporal brain network, but language tasks often additionally engage areas outside this core system. In an fMRI dataset of 772 participants performing a validated language localizer task, we identified 17 brain areas outside the core fronto-temporal network that respond to both auditory and written language. Most of these areas show selectivity for language, including regions in the temporal poles, medial frontal cortex, hippocampus, and cerebellum. Despite its large number of components, this extended language network still only takes up a small fraction of the grey matter volume, challenging the view that the entire brain processes language. These findings lay the foundation for systematic characterization of these newly identified non-canonical language areas."
369,"To evaluate the long-term efficacy and safety of perampanel (PER) monotherapy in pediatric Self-limited Epilepsy with Centrotemporal Spikes (SeLECTS) and investigate the relationship between baseline EEG spatial characteristics and specific treatment-emergent adverse events (TEAEs). This retrospective study included 62 treatment-naïve children newly diagnosed with SeLECTS receiving PER monotherapy. We assessed long-term seizure freedom rates, documented TEAEs, and evaluated the correlations between baseline EEG features and specific neuropsychiatric side effects. At the final follow-up, 87.1% of patients achieved complete seizure freedom. Seizure persistence at 6 months strongly predicted a lower probability of achieving optimal long-term seizure control (p = 0.002). TEAEs occurred in 32.3% of patients (irritability 16.1%, somnolence 6.5%), with a 100% treatment retention rate. Notably, TEAE incidence was independent of PER dose (p = 0.582). Instead, predominantly left-hemispheric epileptic activity (OR=5.00, p = 0.039) and temporal lobe involvement (OR=10.02, p = 0.011) significantly predisposed patients to irritability. Conversely, predominantly right-hemispheric activity was significantly associated with an elevated risk of somnolence (OR=11.87, p = 0.0498). PER monotherapy demonstrates robust efficacy and excellent tolerability in pediatric SeLECTS. Specific neuropsychiatric adverse events appear to be associated with hemisphere-dependent neurobiological factors, independent of dosage. Integrating baseline EEG lateralization profiles may inform future biomarker-guided approaches."
370,"Visual perspective-taking requires mentally adopting another spatial viewpoint by aligning one's own perspective with that of a reference, such as another person or object. This alignment process is thought to rely on embodied spatial transformations engaging both spatial computation and motor-related systems. Using functional magnetic resonance imaging (fMRI), we tested whether neural responses scale with angular disparity between observer and reference viewpoints. Participants judged the relative position of objects from the perspective of either an avatar or an empty chair across alignment conditions and rotation angles. Unaligned conditions elicited stronger activation than aligned conditions in a distributed network encompassing medial frontal, premotor, opercular, posterior parietal, ventral temporal, and cerebellar regions. Both reaction time and Blood-Oxygen-Level-Dependent signal (BOLD) magnitude increased linearly with angular disparity, and individual differences in response time correlated with activation magnitude, linking behavioral effort to neural computation. Comparable results were obtained when the reference was a chair, indicating that these mechanisms generalize beyond social contexts. Together, these findings reveal a cerebello-frontoparietal network that supports perspective alignment through embodied simulation, spatial transformation, and predictive modeling, providing a unified account of the neural computations underlying VPT."
371,"The claustrum is a thin, bilateral structure embedded deep within the human brain. Its widespread cortical connectivity has motivated perhaps the broadest range of functional hypotheses of any subcortical structure. Yet its complex, sheet-like morphology has hindered investigation in living humans, leaving a small in vivo MRI literature marked by large and often implausible discrepancies. Here, we construct a three-dimensional histological ""gold standard"" model of the human claustrum and systematically evaluate three ultra-high field 7-Tesla MRI datasets against this reference and its downsampled derivatives. We show that apparent discrepancies in MRI-based claustrum morphology arise primarily from resolution-dependent effects rather than contrast limitations, which transform the claustrum's intricate sheet into an artifactually thickened ribbon. Despite this, submillimeter MRI reliably captures a dorsal ""core"" containing most claustral volume and cell density and encompassing major corticoclaustral connectivity, and at the highest acquired resolution (0.5 mm isotropic), the ventral claustrum's extension into the temporal lobe is partially recovered, with uncertainty reflecting boundary imprecision rather than anatomical absence. Together, these findings overturn the view that the human claustrum is inaccessible to MRI and establish a foundation for future functional and clinical investigation in the living human brain."
372,"Detailed evaluation of language function is important in the management of dominant temporal lobe lesions. Although spoken language is routinely evaluated in patients, disturbances in written language may remain undetected without detailed assessment. The Japanese writing system, consisting of logographic Kanji and phonographic Kana, provides a unique framework for identifying selective impairments of the ventral language stream. We report a 51-year-old right-handed Japanese male who presented with selective agraphia for Kanji following a left posterior temporal subcortical hemorrhage. Upon admission, spontaneous speech was fluent, and auditory comprehension was preserved, with no clinically apparent aphasia. However, comprehensive neuropsychological assessment revealed a profound impairment in Kanji writing. Although standard language scores improved significantly by the chronic phase (Day 87), qualitative assessment revealed persistent deficits in Kanji retrieval, characterized by frequent non-responses and morphologically related errors. Conversely, Kana writing and reading abilities were largely preserved. This case demonstrates that selective impairment of written language (pure agraphia for Kanji) may occur in association with posterior temporal lesions, despite preserved spoken language. Unlike typical cortical lesions that destroy the orthographic representation itself, we propose that this specific subcortical hemorrhage caused a transient disconnection within the ventral language stream, selectively disrupting the semantic access pathway to Kanji. From a functional and clinical perspective, systematic evaluation of writing function is essential for neurosurgeons and clinicians to prevent overlooked disabilities."
373,"Brain resilience to tau has been mainly studied in relation to grey matter, while its role in white matter remains unclear in Alzheimer's disease (AD). Sex may moderate associations between brain resilience and cognition. We analyzed medial temporal lobe tau PET SUVR, entorhinal cortical thickness, cingulum-hippocampal mean diffusivity, and cognition in 205 amyloid-positive individuals from ADNI. Associations between grey- and white-matter resilience to tau and cognitive performance or decline were examined using linear and mixed-effects models, including sex interactions and stratified analyses. Higher grey-matter resilience to tau related to better cross-sectional memory and language performance (p<0.005), whereas higher white-matter resilience related to slower decline in these domains (p<0.03). These associations were seen in men but not women. DISCUSSION: White-matter resilience may better capture early cognitive changes in AD. Sex differences suggest greater sensitivity of cognition to brain resilience in men."
374,"Poor sleep quality is a risk factor for Alzheimer's disease (AD). Older African Americans experience disproportionately high rates of sleep disturbance and AD. Medial temporal lobe (MTL) flexibility reflects dynamic neural reorganization and may be a marker of generalization performance. This study examined whether sleep quality moderates the association between MTL flexibility and memory generalization. Fifty older African Americans (MeanAge=69.7±6.21 years; 80% women) underwent rs-fMRI to quantify MTL flexibility, Rutgers Acquired Equivalence Task for memory generalization, and Pittsburgh Sleep Quality Index for sleep quality. Greater MTL flexibility was associated with better generalization (r=0.367, p=.017). Good sleepers showed higher MTL flexibility (F <sub>(1,44)</sub> =8.11, ηp <sup>2</sup> =.156, p=.007) and superior generalization (F <sub>(1,46)</sub> = 12.33, ηp <sup>2</sup> =.211, p=.001). Sleep quality significantly moderated the MTL flexibility-generalization relationship (β=-1.519, p=.012). Preserved MTL flexibility may confer generalization only in good sleepers, suggesting that sleep disturbance may disrupt the MTL neural resilience among older African Americans. Prior research has established that poor sleep quality is associated with increased Alzheimer's disease (AD) risk, hippocampal dysfunction, and impaired memory. Studies also show that medial temporal lobe (MTL) network dynamics, including flexibility, support key features of cognition including memory generalization. However, limited work has examined how sleep quality interacts with neural flexibility to influence cognition, particularly in older African Americans, a population at elevated risk for both sleep disturbance and AD. This study demonstrates that sleep quality significantly moderates the relationship between MTL flexibility and memory generalization. While greater MTL flexibility is associated with better generalization, this benefit is evident only among individuals with good sleep quality. These findings suggest that sleep disruption may impair the functional expression of neural resilience mechanisms, even when underlying network flexibility is preserved."
375,"Tracking and predicting seizure frequency in patients with epilepsy is important for prognostication and therapy management. Interictal spikes have been proposed as a biomarker of seizure burden, but their association with seizure frequency has not been well quantified across epilepsy subtypes. Our objective was to measure the association between spike rate and seizure frequency and how this varies by epilepsy subtype. We studied 3,614 consecutive routine outpatient EEGs from 3,245 patients with epilepsy followed for a median of 2.8 years. A validated automated detector (SpikeNet2) estimated spike frequency. Validated large language models performed natural language processing on outpatient clinic notes to extract seizure frequency and epilepsy subtype. We measured Spearman correlation between spike frequency (spikes/hour) and seizure frequency (seizures/month) for all patients with epilepsy and for patients with generalized epilepsy, temporal lobe epilepsy, and frontal lobe epilepsy. Overall, spike frequency was modestly associated with seizure frequency (N = 3,245, ρ = 0.11 [95% CI 0.07-0.14], p < 0.001). Significant positive associations were observed in generalized epilepsy (N = 625, ρ = 0.23 [0.15-0.30], Bonferroni-adjusted p < 0.001) and temporal lobe epilepsy (N = 834, ρ = 0.12 [0.05-0.19], p = 0.0013), but not in frontal lobe epilepsy (N = 263, ρ = 0.11 [-0.02-0.24], p = 0.22). A mixed-effects model revealed a stronger spike-seizure association for clinic visits close in time to EEGs (OR=0.983 [0.967-0.999], p = 0.03), suggesting that spike rate may be a time-varying biomarker of seizure frequency. In this large outpatient cohort, higher interictal spike rates on routine EEG were associated with higher seizure frequencies, with the strongest relationship observed in generalized epilepsy. These associations support interictal spike rate as a quantitative EEG marker of seizure burden. Spike rate may have clinical utility for risk stratification at diagnosis and for monitoring longitudinal changes in seizure burden in response to therapy."
376,"Instrumental activities of daily living (IADLs) represent a critical but understudied measure of day-to-day function in persons with epilepsy(PWE). In the multicenter Brain Aging and Cognition in Epilepsy (BrACE) study of PWE aged ≥55 years, we examined the proportion, clinical correlates, epilepsy-related predictors, and longitudinal trajectory of IADL impairment. IADLs were assessed using the Functional Activities Questionnaire(FAQ; range=0-30; higher=more impaired); FAQ≥2 defines MCI-level impairment and FAQ≥5 dementia-level functional impairment. Multivariable logistic regression identified predictors of baseline function. Global cognition (Montreal Cognitive Assessment [MoCA]), individual cognitive measures, and quality of life (QOL) were compared between the impaired and unimpaired groups. Linear regression evaluated predictors of longitudinal functional decline. Of 57 participants(mean age=66.6±7.2 years; female=52.6%), 38.6%(n=22) had MCI-level functional impairment and 17.5%(n=10) had dementia-level functional impairment. In univariate analyses, worse FAQ scores were associated with lower education, higher area deprivation index, early-onset epilepsy (EOE < 60 years), antiseizure medication polytherapy, and epilepsy localization (all p < 0.05). In multivariable analysis, temporal lobe epilepsy (OR=4.46, 95%-CI=1.09-21.83,p=0.047), EOE(OR=7.14,95%-CI=1.16-59.97,p=0.046), and lower education(OR=0.70,95%-CI=0.49-0.93,p=0.025) remained independently associated with baseline MCI-level functional-impairment. Lower education (OR=0.55,95%-CI=0.29-0.84, p=0.021) was the only factor associated with dementia-level IADL-impairment. IADL-impaired participants demonstrated lower verbal memory scores(adjusted-p=0.041) and MoCA(adjusted-p<0.001), particularly in visuospatial/executive function, attention, and memory subscores, and worse QOL(adjusted-p=0.041). IADL-impairment was greatest in financially-mediated and memory-dependent tasks.Longitudinally, EOE(β=7.51,95%-CI=1.92-13.10,p=0.017) and older age(β=0.38,95%-CI=0.12-0.65,p=0.012) predicted greater functional decline. Nearly one-third progressed to significantly worse function over a two-year period, with 15.4% progressing from MCI-level to dementia-level impairment and 15.4% from normal function to MCI-level IADL-impairment. Functional impairment affects ∼40% of older PWE, with ∼1-in-6 experiencing functional impairment comparable to overt dementias. Temporal lobe localization, EOE, lower education, and poorer cognition are important determinants of baseline functional status. EOE and older age predict accelerated functional decline, suggesting that cumulative disease burden and aging-related processes may drive functional deterioration. These findings provide one of the first epilepsy-specific longitudinal characterizations of IADL impairment and support routine functional assessment in PWE. - Functional impairment is common in older PWE, affecting <b>∼</b> 40%, with 1 in 6 showing dementia-level functional impairment. - Temporal lobe epilepsy localization, early-onset epilepsy, and lower education are independently associated with baseline MCI-level functional impairment.- Lower education was the only independent predictor of dementia-level IADL impairment.- IADL impairment was associated with worse verbal memory, global cognition, and quality of life.- Over two years, early-onset epilepsy and older age predicted greater functional decline, with nearly one-third progressing to worse functional status."
377,"This study aimed to characterize resting-state functional differences across clinically defined bothersome tinnitus, non-bothersome tinnitus, and hospital-based non-tinnitus control groups, focusing on imaging differences related to tinnitus phenotype. This case-control study included 61 patients with bothersome tinnitus (BT), 52 with non-bothersome tinnitus (NBT), and 50 hospital-based non-tinnitus controls. Resting-state fMRI scans were acquired, and the data were analyzed using fractional amplitude of low-frequency fluctuations (fALFF), regional homogeneity (ReHo), and seed-based functional connectivity (FC) using broad bilateral temporal lobe regions of interest to assess temporal-related network connectivity, including temporal-limbic interactions. Group comparisons were performed using ANCOVA controlling for demographic, audiological, physiological, sleep-related, and emotional covariates, cluster-level FDR-corrected <i>p</i> < 0.05. Exploratory correlation analyses were further conducted to examine associations between extracted imaging indices and clinical measures, as well as potential relationships among significant imaging findings. Resting-state fMRI revealed significant group differences in functional connectivity between the bilateral temporal lobe seed and the left ACC/mOFC cluster. <i>Post hoc</i> analyses showed stronger connectivity in BT than in NBT, whereas BT did not differ significantly from hospital-based non-tinnitus controls. A similar pattern was observed for ReHo in the medial superior frontal gyrus, with lower values in NBT than in both BT and controls. fALFF analyses showed region-specific differences across temporal, frontal, insular, occipital, supramarginal, and postcentral regions, with the most consistent differences observed between BT and NBT. Exploratory analyses showed no significant FC-ReHo correlation within the BT group, and no associations between imaging indices and clinical or audiological measures survived FDR correction. In sensitivity analyses retaining the original covariate structure and additionally adjusting for tinnitus loudness VAS, most BT-NBT differences were attenuated, suggesting that these imaging differences may partly reflect tinnitus loudness or related clinical burden. Resting-state FC, fALFF, and ReHo measures revealed phenotype-related functional differences between BT and NBT. Because several key measures did not differ between BT and hospital-based non-tinnitus controls, these findings should be interpreted as group-level imaging features across tinnitus phenotypes, not as BT-specific abnormalities."
378,"The causal relationship between variations in thyroid dysfunction and brain structure remains elusive. We intended to probe into this causal connection using a Mendelian randomization (MR) approach. Aggregated statistics from the genome-wide Association Study (GWAS) on Autoimmune thyroid dysfunction were obtained from the FinnGen database, including autoimmune hyperthyroidism (N = 2,190) and autoimmune hypothyroidism (N = 49,055). Aggregate statistics on cortical area and thickness for GWAS were obtained from the Enhancing NeuroImaging Genetics through Meta-Analysis (ENIGMA) Consortium (N = 51,665). The main method employed is inverse variance weighting (IVW), supplemented by weighted median, Mr-Egger regression, MR-pleotropy residuals, and outliers. Some sensitivity analyses were conducted to determine heterogeneity and pleiotropy. For autoimmune hypothyroidism (exposure), significant causal associations were observed with cortical thickness (outcome type) in the following regions: pars triangularis (β = -0.003, 95% CI: -0.005 to -0.001, PTH = 0.023; PTH: P-value for cortical thickness,), posterior cingulate (β = 0.003, 95% CI: 0.000-0.006, PTH = 0.034), and transverse temporal (β = 0.006, 95% CI: 0.002-0.010, PTH = 0.004; β = 0.006, 95% CI: 0.001-0.011, PTH = 0.010). For autoimmune hyperthyroidism (exposure), significant causal associations were observed with cortical surface area (outcome type) in the entorhinal (β = -2.576, 95% CI: -4.714 to -0.437, PSA = 0.018; PSA: P-value for cortical surface area), frontal pole (β = -1.195, 95% CI: -2.118 to -0.271, PSA = 0.011), lateral occipital (β = -15.787, 95% CI: -31.171 to -0.403, PSA = 0.044), lingual (β = -10.778, 95% CI: -20.888 to -0.668, PSA = 0.037), postcentral (β = -16.360, 95% CI: -28.410 to -4.309, PSA = 0.008), precentral (β = -16.089, 95% CI: -29.281 to -2.897, PSA = 0.017), and superior parietal (with global weighting; β = 11.360, 95% CI: 0.435-22.285, PSA = 0.042). Additionally, autoimmune hyperthyroidism was causally associated with cortical thickness (outcome type) in the entorhinal (β = 0.009, 95% CI: 0.000-0.018, PTH = 0.039) and posterior cingulate (β = 0.004, 95% CI: 0.001-0.008, PTH = 0.025). These findings remained reliable in the sensitivity analyses. These findings suggest that autoimmune hyperthyroidism and autoimmune hypothyroidism may have potential causal effects on the surface area and thickness of specific regions of the cerebral cortex, but further studies are needed to fully understand the nature of this relationship."
379,"Leucine-rich glioma-inactivated-1 (LGI1) IgG-associated autoimmune encephalitis typically presents with faciobrachial dystonic seizures, hyponatremia, and temporal lobe MRI abnormalities. However, the clinical spectrum of LGI1 IgG-associated AE extends beyond these classical features, with reports of diverse seizure semiologies and atypical presentations challenging traditional diagnostic paradigms. This study reports a male in his late 60s presenting with recurrent episodes of right foot cramping and electric shock-like pain, progressing to generalized tonic-clonic seizures. Initial workup suggested chronic inflammatory demyelinating polyradiculoneuropathy (CIDP), but LGI1 IgG antibodies were subsequently detected. Despite treatment with intravenous immunoglobulin (IVIG), the seizures persisted. This case highlights the heterogeneity in LGI1 encephalitis presentations. The patient's proprioceptive-induced reflex seizures represent a rare manifestation of the disease. Treatment with rituximab, a B-cell depleting therapy, resulted in significant improvement, suggesting its potential effectiveness in LGI1 encephalitis with a resistant seizure course. The case also emphasizes the intricate interplay between the mesial temporal lobe, basal ganglia, and frontal regions in LGI1 encephalitis pathophysiology."
380,"Mild cognitive impairment (MCI) is associated with age-related alterations in neural oscillatory activity and cerebral hemodynamics, while mobility limitations often restrict participation in conventional exercise-based interventions. This study investigated exploratory, single-arm, within-subject short-term neurovascular and electrophysiological responses to a combined visual and vibration stimulation protocol in older adults with MCI. Cerebral blood flow was assessed using near-infrared spectroscopy (NIRS) in 27 participants, and electroencephalography (EEG) was additionally recorded in a subgroup of nine participants (<i>n</i> = 9) drawn from the same cohort. The intervention consisted of simultaneous 40 Hz visual flicker and low-frequency mechanical vibration delivered during a seated condition. Changes in total hemoglobin concentration and EEG power in predefined frequency bands were analyzed before and after the intervention, with additional time-window analyses to examine temporal dynamics. At baseline, NIRS revealed higher total hemoglobin levels in the left prefrontal cortex compared with the right. Following the intervention, total hemoglobin decreased significantly in both hemispheres, with a larger reduction observed in the right hemisphere. Time-resolved analyses demonstrated an earlier hemodynamic response in the right hemisphere, followed by a delayed response in the left. EEG analyses showed a reduction in frontal gamma-band power accompanied by an increase in theta-band power in temporoparietal regions after the intervention. These electrophysiological changes were stable across time windows. Together, these findings suggest that short-term combined visual and vibration stimulation was associated with asymmetric and time-dependent changes in cerebral hemodynamics and neural oscillatory activity in older adults with MCI. This non-volitional stimulation approach may provide a feasible experimental framework for investigating brain responses in aging populations with limited mobility. Given the exploratory, uncontrolled design, acute measurement window, and small EEG subgroup, these findings should be interpreted as hypothesis-generating rather than as evidence of clinical or neuroplastic efficacy."
381,"Alzheimer's disease (AD) is characterized by amyloid-β (Aβ) peptide plaques and neurofibrillary tangles from hyperphosphorylated tau, though factors linking amyloid and tau pathology remain unclear. We investigated whether microRNA-181d-5p (miR-181d) associates with AD-related brain changes and regulates neprilysin and tau. Modeling miR-181d across individuals with no cognitive impairment, mild cognitive impairment, and AD revealed region- and sex-specific associations. Higher miR-181d levels associated with greater AD probability in the temporal lobe and cerebellum, and lower probability in the posterior cingulate cortex of males; miR-181c attenuated these probabilities. SNPs near MIR181 associated with altered entorhinal cortical thickness. In cellular models, miR-181 reduced neprilysin 3'-UTR activity, mRNA, protein, and enzymatic activity, while increasing tau mRNA and protein. Neprilysin diminution impairs Aβ clearance and elevates tau, contributing to AD. RNA sequencing identified miR-181d-responsive neurodegenerative pathways. These findings identify miR-181 as a regulator of AD-relevant amyloid and tau pathways, providing novel targets. MiRNA-181 is a key regulator of Alzheimer's risk through its effects on neprilysin and tau proteins, a novel potential target."
382,"Tonic glutamate signaling by ambient levels of extracellular glutamate has been implicated in development, brain injury, pathologies, and physiological activity. However, it has been difficult to assay extracellular glutamate changes with spatial and temporal resolution. Here, we utilize the rarely used ratiometric excitations properties of the fluorescence glutamate sensor iGluSnFr to enable the characterization of ambient glutamate levels in acute brain slices. This ratiometric imaging enables a spatial, temporal and calibratable assay of ambient glutamate and demonstrates regional differences in ambient glutamate and sensitivity to glutamate transporters and system Xc inhibition."
383,"Recent behavioral and neural research on reading shows that humans can extract syntactic structure from short sentences within a fraction of a second-faster than many estimates for recognizing the meaning of a single word. This challenges a core assumption of many language processing models-that combinatory operations depend on prior lexical access. Furthermore, studies using parallel presentation of full sentences have revealed electrophysiological responses remarkably similar to those well established for single words. This raises the question of whether words, phrases, and sentences all move through the same processing stages, regardless of syntactic complexity. Using magnetoencephalography, we examined how single words, phrases, and sentences are processed when all visual information is available at once. Across all three levels, we observed highly similar waveform dynamics, with early responses reflecting bottom-up detection of form, followed by activity in the left anterior and posterior temporal cortices and ventromedial prefrontal cortex consistent with combinatory processing. Of these regions, the left anterior temporal lobe showed effects of bigram frequency suggestive of serial left-to-right dynamics. Together, these results support a Global-to-Sequential Assembly model in which the brain first detects the global form of the stimulus in a snapshot-like manner and then probes its combinatory properties through partially serial processes."
384,"Ketamine is an antagonist of the N-Methyl-D-aspartate (NMDA) receptor with the effect of inducing aberrant excitatory-inhibitory neurotransmission and oxidative neurotoxicity, which mimic the cognitive impairments found in schizophrenia. This study explored the potential of mangiferin, a strong antioxidant xanthone polyphenol, to normalize neurotransmitter levels and mitigate oxidative and glial changes in rats subjected to ketamine treatment. Male Wistar rats were anaesthetised with ketamine (50 mg/kg, i.p., for 7 days) to induce excitotoxicity and subsequently treated for 14 days with mangiferin (25, 50 or 75 mg/kg, p.o.) or risperidone (2 mg/kg, i.p.). Behavioral performance was assessed using the Morris Water Maze, Y-Maze, Open Field, and Novel Object Recognition tests. Neurochemical assays in the prefrontal, hippocampal and temporal cortices measured glutamate, γ-aminobutyric acid (GABA), dopamine, and acetylcholinesterase (AChE) activities. Cellular pathology was evaluated through histopathology (H&E) and immunohistochemistry for glial fibrillary acidic protein (GFAP) and nuclear factor erythroid 2-related factor 2 (Nrf2). Ketamine induced severe cognitive deficits, hyperlocomotion, anxiety-like behavior, reduced cortical GABA and glutamate levels, increased dopamine, and elevated AChE activity-confirming excitatory-inhibitory imbalance and cholinergic disruption. Mangiferin enhanced spatial learning, working memory, recognition memory, and normalized locomotor activity in a dose-dependent manner, with higher doses restoring performance to near control levels. Neurochemically, mangiferin increased GABA and glutamate to baseline levels while decreasing dopamine and AChE hyperactivity. Histology showed preserved cortical cytoarchitecture and reduced neuronal loss and vacuolation. Notably, mangiferin reversed ketamine-induced astrogliosis (decreased GFAP immunoreactivity) and increased nuclear Nrf2 expression, indicating activated endogenous antioxidant defenses. Mangiferin exhibited significant neuroprotection against ketamine-induced excitotoxicity through restoration of neurotransmitter homeostasis, establishment of redox resilience, and regulation of astrocytic reactivity. These multifaceted actions underscore its therapeutic potential for neuropsychiatric diseases associated with oxidative stress and glial dysfunction."
385,"Visual recognition is supported in humans by category-selective neural activity in the ventral occipito-temporal cortex (VOTC). While category-selectivity is generally defined as an increase in neural activity (i.e., larger responses) for a given visual category of interest, category-selective decreases have also been reported yet generally ignored. Here we use electrophysiological intracerebral recordings across the VOTC of a large human sample (N=140; >11k recording sites) to characterize and compare category-selective neural decreases relative to increases, in response to images of faces. Face-selective high frequency broadband (HFB: 30-160 Hz) neural activity elicited by natural images of faces periodically embedded in a train of nonface objects was objectively quantified in the frequency-domain, then defined as increases or decreases in the time-domain, revealing quantitative and qualitative differences between the two types of responses. About 40% of the recording sites reflect category-selective decreases that are spatially distinct from increases, being distributed more posteriorly and medially in the VOTC, without the characteristic right hemispheric lateralization of increases and an overall weaker signal amplitude. While category-exclusive increases are frequently encountered especially in the anterior temporal lobe, category-exclusive decreases are rare at the neural population level. Category-selective decreases are largely concurrent with increases, yet emerging slightly later and of shorter duration, with population-level increases arguably playing a more significant function in visual recognition. While a majority of signal decreases appear to reflect reduced activity to face than to non-face images, a sizeable proportion of signal decreases potentially manifest category-selective inhibition. Our findings of large-scale category-selective decreases in human VOTC suggest that these responses play a role in visual recognition distinct from neural response increase, including potential category-selective inhibition."
386,"Proline metabolism has been associated with schizophrenia pathophysiology; however, the underlying molecular mechanisms remain elusive. This study aimed to investigate the changes in the entire proline metabolic pathway in postmortem brains of patients with schizophrenia. Herein, enzyme-linked immunosorbent assay was performed to determine the protein levels of proline metabolism-associated key enzymes (prolidase [PEPD], proline dehydrogenase [PRODH], pyrroline-5-carboxylate synthetase [ALDH18A1], ornithine aminotransferase [OAT], and pyrroline-5-carboxylate reductase 1 [PYCR1]). Additionally, amino acids metabolized through the proline pathway, including proline, ornithine, and glutamic acid, were quantitatively analyzed through liquid chromatography-tandem mass spectrometry. The alterations in the expression of proline metabolism-associated enzymes and associated amino acid levels were analyzed in the postmortem brains of individuals with schizophrenia, and their associations with premortem clinical symptom scores were examined. Notably, in patients with schizophrenia, PRODH and PYCR1 expression significantly decreased in the superior temporal gyrus and prefrontal cortex, respectively, whereas amino acid levels showed no significant differences. Overall, the findings of this study show that dysregulation in proline metabolism may contribute to mitochondrial dysfunction owing to its close association with energy production and redox regulation. These results suggest the underlying pathophysiology of schizophrenia and provide insights for developing novel therapeutic strategies for managing schizophrenia."
387,"Mesial temporal lobe epilepsy (mTLE) is a subtype of focal epilepsy in which approximately one-third of patients develop pharmaco-resistance, likely driven by multiple mechanisms including structural changes and dysregulated non-coding RNAs (ncRNAs). However, our understanding of the contribution of ncRNAs to mTLE pathogenesis remains incomplete, and many classes remain uncharacterized. Notably, transfer RNAs (tRNAs) and their stress-induced fragments are emerging as important regulators of gene expression and candidate fluid-based biomarkers. However, their tissue-level expression and role in disease pathogenesis remain poorly understood. Therefore, in this study we performed profiling of tRNA and tRNA-derived fragments (tRFs), in human hippocampal and cortical samples from hippocampal sclerosis mTLE (mTLE-HS) and non-hippocampal sclerosis mTLE (mTLE non-HS) patients and postmortem controls by total RNA sequencing (RNA-seq) and small non-coding RNA sequencing (sncRNA-seq). Our data reveal widespread changes in the neural expression of pre-tRNA, tRNA and tRF expression in human mTLE brain tissue. One of the most prominent changes observed was a downregulation of 5' fragments derived from tRNA-His-GTG. Knockdown of this tRNA and its 5' fragments combined with total RNA-seq in neuronal cells identified 5'tRNA-His-GTG fragments as strong regulators of gene expression, including of epilepsy-associated genes. For example, Cannabinoid Receptor 1 (CNR1) was identified as a possible downstream target of 5'tRF-His-GTG. To investigate the contribution of 5'tRF-His-GTG to TLE pathogenesis and seizure activity, the increased expression of this tRF that was observed at 24 h after status epilepticus (SE) in mice was targeted using inhibitors. This induced increased seizures and altered network activity, with reduced theta and alpha power bands, and enhanced glial fibrillary acidic protein (GFAP) expression. Together, our study confirms and extends previous findings by identifying widespread changes in human brain tRF expression in mTLE and demonstrates for the first time that tRF manipulation affects seizure activity and mTLE pathology."
388,"The utility of various cognitive assessment tools for distinguishing between mild impairment and dementia, as well as for determining cutoff values for specific populations, continues to be the subject of extensive research. Here, we assessed the utility and feasibility of these tools in the first Slovak memory clinic cohort. We enrolled a Slovak memory clinic cohort of patients with MCI and dementia (MCI, n = 84; dementia, n = 55). The participants were characterized using a range of cognitive assessment tools-Auditory Verbal Learning (AVLT), Category and Letter Fluency (CFT, LFT), Digit Span (DSF, DSB), Digit-Symbol Coding (DS-C), Frontal Assessment Battery (FAB), MMSE, MoCA, Rey Osterrieth Complex Figure (ROCF), and Trail Making Test (TMTA, TMTB); clinical assessments-Amsterdam Instrumental Activities of Daily Living (A-IADL) and 5-level EuroQol questionnaire with 5 dimensions (EQ-5D-5 L); and scales for anxiety, dependency, depression, dignity, and MRI volumetry. The ability of the various assessments to distinguish between MCI and dementia was evaluated. Over the course of three years, at a single memory clinic, it was feasible to enrol and evaluate a total of 150 participants, 139 of whom fulfilled the definition of either MCI or nonvascular dementia. Of the employed cognitive and clinical assessment tools, the best differentiation between MCI and dementia was observed for the AVLT and A-IADL. The DSF and DSB tests did not reveal differences between the populations. No differences were observed in education, vital signs, or anthropometric measurements. Participants with dementia had greater degrees of brain atrophy in the hippocampi and frontal, parietal, and temporal cortex; lower total brain volumes; and greater ventricular dilation. This study confirms the utility of a range of cognitive assessment tools and scales for differentiating between MCI and dementia but reveals that some commonly employed tools, such as the DSF and DSB, may not be sensitive to these differences. This study highlights the importance of accurate assessment of the ability to perform activities of daily living and supports the development of objective, ecologically valid assessments of IADL."
389,"Alzheimer's disease (AD) and dementia with Lewy bodies (DLB) co-occur frequently, and growing evidence, including neuropathology, supports synergistic interplay between the diseases. We tested whether a single T1-weighted MRI scan may differentiate neuropathologically confirmed comorbid AD/DLB and AD controls using heterogeneously acquired neuroimaging. We obtained structural neuroimaging, on two groups, AD with and without DLB pathology. Convolutional neural networks are trained across dimensions. We introduce a triple-ensemble strategy consisting of majority voting schemes within a variety of plane permutations. In addition, we conduct voxel-wise statistical analyses. Here we show convolutional neural networks record a classification accuracy of 0.820 and an f1 score of 0.79 in identifying comorbid DLB/AD from AD patients. Prediction accuracy is higher proximal to date of death, while the trained model largely outperforms clinical baseline diagnosis. The slice-level performance varies depending on the sampled brain location, with sensitivity highest in the temporal lobe and specificity highest in the occipital lobe. In DLB/AD, gray matter is relatively preserved though atrophy is observed in the occipital lobe, suggesting that the comorbidity differentially affects brain loss and may accelerate it in the occipital lobe. This study demonstrates how machine learning approaches can address diverse neuroimaging data from clinical sources to differentiate neurodegenerative diseases using a true gold standard of neuropathological confirmation. The frameworks utilized here can be extended to other diseases that are frequently co-occurring and feasibly extend to single scan diagnostic clinical utility of scans already being acquired."
390,"The extracellular matrix (ECM) performs several functions during development and in mature nervous tissue plasticity; ECM concentrates in lattice-like envelopes called perineuronal nets (PNNs), which surround the cell bodies and proximal dendrites, mainly of parvalbumin (PV) γ-aminobutyric acidergic interneurons. PNNs are proposed to serve synaptic plasticity regulation, synapse stabilization, and neuron protection, by forming a physical barrier from potentially damaging neurochemical stimuli. We analyzed aggrecan expression, a major component of adult PNNs, in human specimens obtained from epilepsy surgery. Postsurgical tissues were obtained from 20 patients with drug-resistant epilepsy: six cases with no histological alterations (cryptogenic epilepsy) and 14 patients showing type IIa and IIb focal cortical dysplasia (FCDII). For comparison, cortices from three autoptic controls with short postmortem delay were analyzed. Immunohistochemistry, confocal microscopy, and RNAscope technique were applied. Control autoptic cases showed high aggrecan expression in the cortex, with a clear decreasing expression gradient from occipital to frontal and temporal areas. This expression gradient was lost in cryptogenic cases, which showed severe aggrecan loss, with residual immunoreactive arrangements mainly around PV interneurons. In FCDII, altered immunolabeling was evident in the core of the dysplastic lesion, and PNNs were identified around both PV interneurons and dysmorphic neurons (DNs) presenting abnormal vGLUT1 and vGAT perisomatic basket formations. Diffuse weak staining of the white matter without PNNs was also found in FCDII. As for cryptogenic cases, FCDII perilesional cortex showed a marked aggrecan staining loss. RNAscope findings confirmed that aggrecans are produced by FCDII pathological neurons, such as DNs. These data support the notion that etiology-specific PNN remodeling is part of the epileptogenic process. FCDII tissues show altered PNN expression in DNs suggestive of a pathogenic role within the FCD lesion, and the disappearance of histochemical PNN labeling in cryptogenic and FCDII perilesional area suggests a possible role mediated by seizure activity."
391,"The medial temporal lobe is organized into two memory-critical networks: the anterior-temporal and posterior-medial systems. While these systems show selective vulnerability to aging and Alzheimer's disease, the underlying structural and molecular determinants of this susceptibility remain unclear. We aimed to characterize the specific white matter pathways supporting these networks, investigate how amyloid-β and neuroinflammation interact to impact their integrity, and determine if structural changes relate to functional connectivity alterations. In 88 cognitively unimpaired (CU) older adults (≥ 65 years) from the Age-Well cohort (NCT02977819), we combined longitudinal diffusion MRI tractography, resting-state fMRI, amyloid-β PET (Florbetapir), and plasma glial fibrillary acidic protein (GFAP). We reconstructed fiber pathways of the perirhinal (anterior-temporal system hub) and parahippocampal (posterior-medial system hub) cortices and quantified their microstructural integrity, network connectivity, and relationships to pathology. The anterior-temporal and posterior-medial systems relied on partly distinct structural pathways. Both involved the inferior longitudinal and cingulum bundles, but the anterior-temporal system was specifically associated to their inferior portions, as well as thalamic radiations, and callosal fibers, whereas the posterior-medial system relied more on their superior portions and the inferior fronto-occipital fasciculus. We identified a non-linear, inverted U-shaped association between pathway integrity and amyloid-β burden, suggesting dynamic structural changes across early pathological stages. Crucially, plasma GFAP moderated this relationship for the posterior-medial pathway: the negative impact of amyloid-β on structural integrity was exacerbated in individuals with higher astroglial reactivity, highlighting a synergistic pathological effect. Finally, in high amyloid-β individuals, increased anterior-temporal functional connectivity correlated with lower anterior-temporal pathway integrity, suggesting that network higher FC may represent a maladaptive response to early amyloid-β deposition leading to white matter integrity loss. Together, our findings reveal distinct mechanisms of vulnerability within medial temporal networks: while the posterior-medial system is primarily sensitive to the synergistic effects of amyloid-β and astroglial reactivity, the anterior-temporal system shows lower structural integrity linked to higher FC in the presence of amyloid. By providing a mechanistic framework for these early disruptions, this study advances the understanding of preclinical Alzheimer's disease and identifies specific structural-functional signatures that could serve as sensitive biomarkers for targeted interventions."
392,"This study aimed to characterize resting-state functional differences across clinically defined bothersome tinnitus, non-bothersome tinnitus, and hospital-based non-tinnitus control groups, focusing on imaging differences related to tinnitus phenotype. This case-control study included 61 patients with bothersome tinnitus (BT), 52 with non-bothersome tinnitus (NBT), and 50 hospital-based non-tinnitus controls. Resting-state fMRI scans were acquired, and the data were analyzed using fractional amplitude of low-frequency fluctuations (fALFF), regional homogeneity (ReHo), and seed-based functional connectivity (FC) using broad bilateral temporal lobe regions of interest to assess temporal-related network connectivity, including temporal-limbic interactions. Group comparisons were performed using ANCOVA controlling for demographic, audiological, physiological, sleep-related, and emotional covariates, cluster-level FDR-corrected <i>p</i> < 0.05. Exploratory correlation analyses were further conducted to examine associations between extracted imaging indices and clinical measures, as well as potential relationships among significant imaging findings. Resting-state fMRI revealed significant group differences in functional connectivity between the bilateral temporal lobe seed and the left ACC/mOFC cluster. <i>Post hoc</i> analyses showed stronger connectivity in BT than in NBT, whereas BT did not differ significantly from hospital-based non-tinnitus controls. A similar pattern was observed for ReHo in the medial superior frontal gyrus, with lower values in NBT than in both BT and controls. fALFF analyses showed region-specific differences across temporal, frontal, insular, occipital, supramarginal, and postcentral regions, with the most consistent differences observed between BT and NBT. Exploratory analyses showed no significant FC-ReHo correlation within the BT group, and no associations between imaging indices and clinical or audiological measures survived FDR correction. In sensitivity analyses retaining the original covariate structure and additionally adjusting for tinnitus loudness VAS, most BT-NBT differences were attenuated, suggesting that these imaging differences may partly reflect tinnitus loudness or related clinical burden. Resting-state FC, fALFF, and ReHo measures revealed phenotype-related functional differences between BT and NBT. Because several key measures did not differ between BT and hospital-based non-tinnitus controls, these findings should be interpreted as group-level imaging features across tinnitus phenotypes, not as BT-specific abnormalities."
393,"The causal relationship between variations in thyroid dysfunction and brain structure remains elusive. We intended to probe into this causal connection using a Mendelian randomization (MR) approach. Aggregated statistics from the genome-wide Association Study (GWAS) on Autoimmune thyroid dysfunction were obtained from the FinnGen database, including autoimmune hyperthyroidism (N = 2,190) and autoimmune hypothyroidism (N = 49,055). Aggregate statistics on cortical area and thickness for GWAS were obtained from the Enhancing NeuroImaging Genetics through Meta-Analysis (ENIGMA) Consortium (N = 51,665). The main method employed is inverse variance weighting (IVW), supplemented by weighted median, Mr-Egger regression, MR-pleotropy residuals, and outliers. Some sensitivity analyses were conducted to determine heterogeneity and pleiotropy. For autoimmune hypothyroidism (exposure), significant causal associations were observed with cortical thickness (outcome type) in the following regions: pars triangularis (β = -0.003, 95% CI: -0.005 to -0.001, PTH = 0.023; PTH: P-value for cortical thickness,), posterior cingulate (β = 0.003, 95% CI: 0.000-0.006, PTH = 0.034), and transverse temporal (β = 0.006, 95% CI: 0.002-0.010, PTH = 0.004; β = 0.006, 95% CI: 0.001-0.011, PTH = 0.010). For autoimmune hyperthyroidism (exposure), significant causal associations were observed with cortical surface area (outcome type) in the entorhinal (β = -2.576, 95% CI: -4.714 to -0.437, PSA = 0.018; PSA: P-value for cortical surface area), frontal pole (β = -1.195, 95% CI: -2.118 to -0.271, PSA = 0.011), lateral occipital (β = -15.787, 95% CI: -31.171 to -0.403, PSA = 0.044), lingual (β = -10.778, 95% CI: -20.888 to -0.668, PSA = 0.037), postcentral (β = -16.360, 95% CI: -28.410 to -4.309, PSA = 0.008), precentral (β = -16.089, 95% CI: -29.281 to -2.897, PSA = 0.017), and superior parietal (with global weighting; β = 11.360, 95% CI: 0.435-22.285, PSA = 0.042). Additionally, autoimmune hyperthyroidism was causally associated with cortical thickness (outcome type) in the entorhinal (β = 0.009, 95% CI: 0.000-0.018, PTH = 0.039) and posterior cingulate (β = 0.004, 95% CI: 0.001-0.008, PTH = 0.025). These findings remained reliable in the sensitivity analyses. These findings suggest that autoimmune hyperthyroidism and autoimmune hypothyroidism may have potential causal effects on the surface area and thickness of specific regions of the cerebral cortex, but further studies are needed to fully understand the nature of this relationship."
394,"Perceptual training yields specific, long-lasting improvements, yet its transfer to untrained conditions is often limited. This tension has been proposed to involve interactions between early sensory plasticity and higher-order parietal processes, with the early visual cortex contributing to stimulus-specific learning and parietal regions potentially supporting more flexible generalization. However, causal evidence comparing how occipital and parietal stimulation modulates learning and transfer remains limited. To address this gap, we combined high-frequency transcranial random noise stimulation (tRNS) with a classical perceptual training paradigm. We examined whether occipital and parietal tRNS differentially enhance learning and whether they modulate transfer. Forty-one participants were randomly assigned to one of three groups: active tRNS over occipital cortex, active tRNS over parietal cortex, or sham stimulation, during multi-session training on a contour detection task. Results revealed that the learning dynamics exhibited distinct stage-specific modulations, with parietal tRNS accelerating early-stage acquisition and occipital tRNS sustaining learning rates during the later asymptotic phase. Furthermore, both active stimulations significantly increased the overall magnitude of learning gains compared to sham. Importantly, however, only parietal tRNS reliably enhanced transfer, particularly across curvature. These results provide causal evidence that occipital and parietal stimulation differentially modulate the behavioral dynamics of perceptual learning and transfer. This pattern is consistent with hierarchical accounts in which sensory and higher-order systems may contribute differently to learning stability and flexibility, while also highlighting the potential of targeted neuromodulation to enhance distinct phases and outcomes of perceptual learning."
395,"Alzheimer's disease (AD) and dementia with Lewy bodies (DLB) co-occur frequently, and growing evidence, including neuropathology, supports synergistic interplay between the diseases. We tested whether a single T1-weighted MRI scan may differentiate neuropathologically confirmed comorbid AD/DLB and AD controls using heterogeneously acquired neuroimaging. We obtained structural neuroimaging, on two groups, AD with and without DLB pathology. Convolutional neural networks are trained across dimensions. We introduce a triple-ensemble strategy consisting of majority voting schemes within a variety of plane permutations. In addition, we conduct voxel-wise statistical analyses. Here we show convolutional neural networks record a classification accuracy of 0.820 and an f1 score of 0.79 in identifying comorbid DLB/AD from AD patients. Prediction accuracy is higher proximal to date of death, while the trained model largely outperforms clinical baseline diagnosis. The slice-level performance varies depending on the sampled brain location, with sensitivity highest in the temporal lobe and specificity highest in the occipital lobe. In DLB/AD, gray matter is relatively preserved though atrophy is observed in the occipital lobe, suggesting that the comorbidity differentially affects brain loss and may accelerate it in the occipital lobe. This study demonstrates how machine learning approaches can address diverse neuroimaging data from clinical sources to differentiate neurodegenerative diseases using a true gold standard of neuropathological confirmation. The frameworks utilized here can be extended to other diseases that are frequently co-occurring and feasibly extend to single scan diagnostic clinical utility of scans already being acquired."
396,"Recent studies have reported regional brain structural alterations in patients with chronic prostatitis/chronic pelvic pain syndrome (CP/CPPS). However, patterns of cortical thickness (CT) changes and the topological organization of structural covariance networks (SCNs) in CP/CPPS remain insufficiently understood. This study aimed to investigate CT alterations and SCN organization in CP/CPPS using structural magnetic resonance imaging and graph theoretical analysis. A total of 31 patients with CP/CPPS and 28 healthy controls (HCs) were included. All participants underwent three-dimensional T1-weighted magnetic resonance imaging. Cortical thickness was estimated based on the Destrieux atlas. CT-based SCNs were constructed using the Brain Connectivity Toolbox, and between-group differences in network topology were assessed using graph theoretical analysis. Compared with HCs, patients with CP/CPPS exhibited regional cortical thickness alterations, including cortical thinning in the left planum temporale, left inferior frontal sulcus, left inferior part of the precentral sulcus, left subparietal sulcus, right lingual gyrus, right planum temporale, and right superior occipital sulcus and transverse occipital sulcus, as well as cortical thickening in the left superior frontal gyrus, left inferior temporal sulcus, and right short insular gyrus. Within patients, cortical thickness of the left subparietal sulcus was negatively correlated with PCS helplessness scores, whereas cortical thickness of the right short insular gyrus was positively correlated with NIH-CPSI quality of life impact scores. At the network level, CP/CPPS patients showed higher clustering coefficient (C<sub>p</sub>), longer characteristic path length (L<sub>p</sub>), and lower global efficiency (E<sub>global</sub>), suggesting increased network segregation and reduced integration. No significant differences were observed in local network metrics after correction for multiple comparisons; however, exploratory analyses (<i>p</i> < 0.01, uncorrected) suggested increased nodal degree in the left middle frontal gyrus and decreased nodal metrics in occipital regions. CP/CPPS may be associated with multi-level structural brain alterations, including regional cortical thickness changes and altered structural covariance network organization. These findings support the involvement of central nervous system structural abnormalities in CP/CPPS and provide preliminary insights into its neurobiological basis."
397,"<b>Background/Objectives:</b> A current debate addresses where syntactic Merge primarily resides: the left-hemisphere posterior inferior frontal gyrus (IFG) or the temporo-parietal cortex. For proponents of the former, the temporo-parietal cortex supports more effortful processing; for the latter, the IFG supports integration and conflict resolution. We examine aperiodic activity in processing <i>wh</i>-filler-gap dependencies in French for evidence from network dynamics addressing engagement in syntax across L1 and L2. <b>Methods:</b> We extracted aperiodic activity 1/f components (considering offsets as a reflection of neuronal spiking and exponents as a reflection of excitatory-inhibitory balance) out of power spectrum density at 0.5-40 Hz across occipital and bilateral frontal and temporo-parietal regions of interest (ROIs) in reading. <b>Results:</b> Greater exponents arose in temporo-parietal than frontal ROIs in L1 and L2, with strong spiking and regulation suggested by greater offsets and exponents in the occipital ROI in L2-unlike L1-and with potential modulation by L1-L2 representation overlaps. These patterns suggest distributed cell assemblies for L1 and L2 processing. Increased regulation in temporo-parietal ROIs across L1 and L2 cell assemblies might suggest a structural function across temporo-parietal cortices in syntactic processing. <b>Conclusions:</b> Aperiodic activity reflecting connectivity in L1 and L2 processing supports distinct L1 and L2 cell assemblies, with L2 patterns suggesting potential overlap between L1 and L2 circuit modules. Greater exponents in bilateral temporo-parietal ROIs across L1 and L2 indicate increased regulation, supporting the engagement of lateralized temporo-parietal cortices in computations. These effects are discussed by considering advances in syntactic theory and the biology of language readiness."
398,"The human brain's natural capacity for music perception relies on dynamic interactions across distributed neural systems. To understand this process, we investigated how the brain responds to musical segment transitions and identified the acoustic and informational features that drive these neural dynamics. In a passive listening task, we used Mozart's Serenade in G major for Strings, K.525 (Allegro) as the auditory stimulus. Based on distinct acoustic and informational profiles, two contrasting 10-s segments were selected: one transitioned from a high-frequency, less-predictable segment to a low-frequency, more-predictable segment, and the other followed the reverse pattern. We calculated metrics of EEG rhythms and brain networks and subjected them to statistical analysis to investigate their dynamics during the transitions. The study reveals that the brain employs an efficiency-trade-off strategy during musical transitions. In stable periods, it conserves energy through efficient frontal and occipital processing. During a transition, the fronto-occipital-central network dynamically reconfigures, accompanied by a transient drop in global efficiency and recruitment of the right prefrontal cortex. Such resource reallocation during unpredictable shifts delays neural processing. Furthermore, θ power increased with greater structural complexity and a higher spectral centroid (FDR-corrected p < 0.05), indicating a specific mapping between these acoustic features and oscillatory activity. Our study provides evidence for the deep interactive relationship that persists between changes in musical acoustic structure and internal neural oscillations of the brain."
399,"This study longitudinally investigated LT's impact on cerebral function in MHE patients using rs-fMRI. Twenty patients underwent neuropsychological tests, clinical assessments and rs-fMRI before and one month after LT. Regional homogeneity (ReHo) and Granger causality analysis (GCA) were employed to evaluate alterations in local neural activity and effective connectivity before and after surgery. Pearson correlation analysis was conducted to examine the relationships between altered neural indices and clinical variables. After LT, ReHo in the left cuneus was significantly increased (p < 0.05). GCA revealed that the left cuneus exerted inhibitory effects on the bilateral superior frontal gyri, middle frontal gyri, right cingulate gyrus, and right precuneus, while the left cuneus experienced facilitatory effects from the right orbital middle frontal gyrus, left middle frontal gyrus, right middle occipital gyrus, and the cortex surrounding the right calcarine. The inhibitory connectivity from the left cuneus to the left middle frontal gyrus (r = 0.509, P = 0.022) and the facilitatory connectivity from the right middle occipital gyrus to the left cuneus (r = 0.468, P = 0.037) were positively correlated with improvements in liver function. These findings suggest LT-induced neural changes may underlie early cognitive recovery in MHE patients."
400,"The primary visual cortex (V1) is tuned to several visual features, including orientation and spatial frequency, that are organized into overlapping functional maps. Local neurons sharing tuning properties tend to connect more strongly, but how these features lead to distal functional connectivity in V1 remains unclear. We recorded multiunit activity from layers II/III of cat V1 using electrode pairs separated by 410 µm and assessed functional connectivity using shift-corrected cross-correlograms. Visual stimuli were positioned to largely overlap the receptive fields of neurons at both recording sites. Functional connectivity was compared during orientation-constant and spatial frequency-constant stimulus conditions. Neurons in the same ensemble exhibited significantly more and stronger distal functional connections during the spatial frequency-constant condition than during the orientation-constant condition. This effect persisted at the population level, indicating that distal connectivity is selectively recruited depending on the stimulus feature rather than anatomical proximity or differential stimulus drive. These findings demonstrate that functional connectivity in V1 is stimulus-dependent, with spatial frequency processing preferentially engaging distributed cortical interactions. Such feature-dependent distal connectivity may support integration across spatial scales and reflect the flexible organization of early visual cortical networks."
401,"<b>Background/Objectives</b>: Migraine may be associated with structural changes in the brain, including the cerebellum and brainstem. Some of these changes reflect the brain's plasticity in adapting to migraine-related alterations, but others may influence the severity of migraines and resistance to treatment. Some studies report changes in cortical thickness among migraine patients, and focal cortical dysplasia (FCD) has been considered a possible cause of these changes. We argued that FCD could contribute to the development of migraine and the severity of its symptoms. To date, there has been no consistent report of FCD occurring in migraine patients. <b>Case</b>: A 29-year-old woman presented with a history of at least 19 years of high-frequency episodic migraine without aura. She experienced motion sickness during childhood and adolescence. Her condition worsened last year, evolving into chronic migraine, which was partially controlled by medications such as amitriptyline and rizatriptan, leading to high-frequency episodic migraines. An MRI conducted in 2024 showed a small area of signal abnormality in the left occipital lobe, believed to represent cortical dysplasia. A follow-up MRI after three months showed no changes in this area. She is currently diagnosed with high-frequency episodic migraine and demonstrated severe migraine-related disability, with a MIDAS score of 25, and a severe impact on daily functioning, with a HIT-6 score of 65. <b>Conclusions</b>: The case involves a worsening migraine that was somewhat alleviated by a pharmacological intervention. FCD may contribute to brain hyperexcitability in this case and her motion-related problems during childhood and adolescence. FCD could also play a role in the increasing severity of her migraines and her partial resistance to medication."
402,"<b>Background and Clinical Significance</b>: Cerebral amyloid angiopathy (CAA) is a neurovascular disorder characterized by the deposition of amyloid beta (A<i>β</i>) peptides within the walls of small-to-medium-sized cerebral vessels, leading to vascular fragility and an increased risk of lobar intracerebral hemorrhage (ICH), cognitive decline, and recurrent stroke. CAA is an important cause of spontaneous ICH in elderly patients and may be underrecognized, particularly when presenting with acute neurologic symptoms that mimic ischemic stroke. Early identification has significant implications for management, prognosis, and secondary prevention. <b>Case Presentation</b>: An 80-year-old male presented to the emergency department with incoherent speech, rambling, and severe headache concerning for acute stroke. His medical history was notable for a prior cerebrovascular accident, hypertension, diabetes mellitus, benign prostatic hyperplasia, and recent evaluation for dementia-like symptoms. Initial neuroimaging revealed a 3.2 cm intraparenchymal hemorrhage in the left occipital lobe with surrounding edema. Subsequent MRI demonstrated a lobar hemorrhage pattern suggestive of CAA based on imaging findings and clinical context. The patient was admitted to the intensive care unit (ICU) for close neurologic monitoring. He remained hemodynamically stable with no new motor or sensory deficits. Over a three-day hospital course, his speech and visual deficits improved. Blood pressure was carefully controlled, and repeat imaging demonstrated stable hemorrhage without progression. He was diagnosed with probable CAA and discharged home with supportive services. <b>Conclusions</b>: This case highlights the importance of considering cerebral amyloid angiopathy in elderly patients presenting with spontaneous lobar intracerebral hemorrhage and cognitive symptoms. Prompt recognition and appropriate neuroimaging are critical for diagnosis, risk stratification, and guiding management."
403,"Self-limited focal epilepsies in childhood (SELFEs), formerly referred to as ""benign epilepsies in childhood"", constitute a heterogeneous group of epileptic conditions with onset predominantly in the neonatal, infantile, and childhood periods. A defining feature of these syndromes is that seizures arise without underlying structural, metabolic, or other demonstrable cerebral pathology, and the overall clinical trajectory is expected to be favorable, with seizures resolving spontaneously over time. Current nosological frameworks divide SELFEs into two broad categories according to age at onset: (a) neonatal and infantile forms, encompassing self-limited familial and non-familial neonatal, neonatal-infantile, and infantile epilepsies, genetic epilepsy with febrile seizures plus (GEFS+), and myoclonic epilepsy of infancy (MEI); and (b) childhood-onset forms, including self-limited epilepsy with centrotemporal spikes (SeLECTS), self-limited epilepsy with autonomic seizures (SeLEAS), childhood occipital visual epilepsy (COVE), and photosensitive occipital lobe epilepsy (POLE). Despite their historically ""benign"" label, there is no general agreement to include GEFS + and MEI among the group of SELFEs as both these conditions have been not classified as focal epilepsy in general. Accumulating evidence shows that a subset of affected children subsequently develop additional seizure types, cognitive deterioration, and behavioral or neuropsychiatric difficulties-outcomes that the word ""benign"" does not adequately communicate. Advances in molecular genetics have identified pathogenic variants affecting ion channels, synaptic transmission, and neuronal excitability, reshaping current understanding of disease mechanisms and phenotypic variability across these syndromes. This review highlights clinically relevant challenges in the diagnosis and management of SELFEs, critically examines emerging genotype-phenotype correlations, and provides evidence-based recommendations for antiseizure medication initiation and withdrawal tailored to individual syndrome characteristics and risk profiles."
404,"Evaluation of biological significance in the visual cortex occurs along multiple parallel pathways to provide fast but coarse processing. This was critical when visual horizons were expanded by the sea-to-land transition, which meant broader visual exposure to a range of survival threats. Response latencies in the macaque cortex and postdictive effects of evolutionary-relevant stimuli in humans attest to fast visual processing."
405,"Very preterm birth has been associated with altered brain development and impaired global motion processing within the dorsal visual stream. We explored whether cortical thickness in occipital and parietal regions predicted global motion processing in 7-year-old children born very preterm. Structural magnetic resonance imaging (MRI) measures were successfully computed for 99 children, motion coherence thresholds were evaluated in 85 participants and functional MRI blood oxygen level-dependent (BOLD) percent signal change in the primary visual cortex (V1) and/or middle temporal area (V5) was quantifiable in 23 participants. Parietal cortical thickness predicted V5 BOLD response to 100% coherent motion stimuli, where individuals with thinner parietal cortices had stronger V5 BOLD responses to coherent motion. These findings indicate that parietal thickness may serve as a structural indicator of dorsal stream development in children born very preterm and provide a structural basis for understanding individual differences in global motion processing."
406,"In recent years, the prevalence of electronic cigarettes (e-cigs) use has continued to rise, particularly among youth populations. However, the long-term effects of e-cigs use on brain functional activity remain unclear. Resting-state functional brain controllability metrics, including average controllability and modal controllability, were computed and compared at the network level between 93 nicotine-dependent e-cigs users and 96 demographically-matched healthy controls. Spearman correlation analyses were implemented to assess the relationships between controllability and various e-cigs use characteristics, including duration of use, frequency patterns, and dependence severity measures. Compared with healthy controls, e-cigs users exhibited increased average controllability in the right middle frontal gyrus, inferior frontal gyrus, insula, and thalamus (P < .001, false discovery rate corrected), along with increased modal controllability in the left medioventral occipital cortex (P < .001, false discovery rate corrected). Additionally, controllability in subcortical and visual network regions showed a negative correlation with e-cigs use characteristics and sleep quality. This study is the first to apply network control theory and reveals significant alterations in the average controllability of the right middle frontal gyrus, middle frontal gyrus, inferior frontal gyrus, insula, thalamus and the left insula, as well as in the modal controllability of the left medioventral occipital cortex among nicotine-dependent e-cigs users, indicating impaired brain state transition function. Furthermore, these alterations in brain network properties show negative correlations with both the duration of e-cigs use and sleep quality, suggesting potential behavioral and clinical relevance. These changes may serve as potential biomarkers for future research exploring related intervention strategies.This trial is registered with clinicaltrials.gov (NCT05788068). Our study identified brain regions that may represent potential neuroimaging features of nicotine-dependent e-cigs users. Furthermore, our findings suggest a new hypothesis for targeted intervention. Key nodes identified-such as the right IFG and INS-warrant further investigation as potential targets for neuromodulation techniques. Future interventional trials are needed to verify whether modulating activity in these brain areas can restore normal control functions and aid smoking cessation, which may pave the way for personalized treatment strategies."
407,"The visual system must integrate spatially fragmented information to perceive coherent object boundaries. Contour integration represents a fundamental process underlying this perceptual organization by linking discrete edge elements into continuous contour. Gamma oscillations have been associated with perceptual grouping processes, from contour integration to object perception; however, their causal contribution to contour integration remains unclear. Participants performed a contour detection task in which they identified the orientation of a target contour composed of four collinearly aligned segments embedded among randomly oriented and positioned distractors. To investigate the role of gamma oscillations in contour integration, participants were randomly assigned to one of three groups: gamma-tACS (40 Hz), theta-tACS (7 Hz; active control), or sham stimulation (control condition). Participants completed both pre-stimulation and stimulation sessions. During the stimulation session, the assigned tACS was applied over the early visual cortex. A mixed-effects linear model analysis revealed a significant session × group interaction, such that contour detection performance improved from the pre-stimulation session to the stimulation session specifically in the gamma-tACS group, whereas no comparable improvement was observed in the sham and theta-tACS groups. These findings provide causal evidence that gamma-frequency stimulation over occipital cortex can facilitate contour integration, suggesting that gamma-band oscillations contribute to the integration of spatially distributed visual elements into coherent contours."
408,"Breathing, beyond its metabolic role, has been increasingly implicated in shaping perception, attention, and aspects of cognitive processing. Here, we propose the Rhythmic Embodied Perception (REP) Framework, a multi-level framework linking body and brain to explain how respiration structures conscious experience. At the neurophysiological level, slow respiratory cycles modulate cortical oscillations <i>via</i> cross-frequency coupling, biasing excitability patterns across frontoparietal and occipital networks. At the perceptual-phenomenological level, these oscillatory dynamics create transient pause states-low-excitability phases of alpha/theta activity-during which sensory input is most likely to reach awareness. Respiration rhythmically gates these windows, coordinating perceptual clarity and attentional receptivity. At the regulatory-attentional level, volitional breath control stabilizes oscillatory and perceptual dynamics by entraining neuromodulatory networks such as the locus coeruleus-noradrenaline system, extending pause duration, and enhancing attentional stability. The REP Framework yields concrete, testable predictions: for example, respiratory phase should modulate phase-dependent sensory detection, and slow-paced breathing should strengthen respiration-cortex coupling and improve attentional continuity. Conceptually, this framework unifies evidence from neuroscience, theories of discrete perception, and yogic models of prana, grounding ancient accounts of pulsative attention in contemporary neural dynamics. Practically, it positions respiration as a trainable lever for shaping perceptual and attentional rhythms, offering an experimentally tractable route to probe the embodied mechanisms of consciousness. By highlighting the rhythmic interplay of breath, brain, and perception, the REP Framework provides a novel, integrative perspective on how bodily rhythms structure conscious experience, with implications for cognitive neuroscience, contemplative practice, and therapeutic interventions."
409,"Ensemble perception refers to the visual system's ability to extract summary statistics of groups of similar elements, manifested, for example, as efficient perceptual averaging. While this phenomenon has been extensively studied and characterized behaviorally, its underlying neural mechanisms remain largely unexplored. We ask if average orientation is represented in early visual cortex, known for sensitivity to local orientation, or at higher cortical levels, including object- and scene-selective regions. Kahneman et al. (1992) classically proposed that object features are represented in ""object files"" and Ayzenberg and Behrmann (2022a) concluded that ventral representations form basis sets of local object features. Following these suggestions, we hypothesize that ensemble statistical characteristics are represented in similar ""ensemble files."" This similarity leads to the possibility that ensembles may be represented in object-selective regions, specifically Lateral Occipital Complex, LOC. Using fMRI, we studied neural representations of ensemble averages derived from bars with various orientations. Participants (8 male; 17 female) estimated their average orientation and occasionally reported this in a two-alternative forced choice task. We found modest, broadly-tuned representations of average orientation in early visual area V3, and parietal regions. However, the strongest contribution emerged in the Lateral Occipital Complex (LOC), which manifested distinct voxel activity patterns reliably differentiating ensemble orientation averages. Multi-Voxel-Pattern Analysis (MVPA) pinpointed LOC in both Region-of-Interest-based and searchlight-based decoding analyses, and in complementary correlation analyses. Notably, LOC decoding strength was correlated with participants' performance, suggesting functional importance of LOC representation. We conjecture that object-related LOC may represent ensemble characteristics in ""ensemble files"" similar to previously-suggested ""object files.""<b>Significance Statement</b> Using fMRI, we find that object-related Lateral Occipital Complex LOC has the major representation of average orientation of visual-bar ensembles. Representation strength correlated with participants' performance estimating this average, supporting its behavioral relevance. This neural observation supports classical hypotheses that object features are represented as ""object files"" and subsequent suggestions that features are represented at high levels of the ventral stream. We now observe that LOC representation of object features extends to ensemble characteristics. This novel finding informs our view of how the brain treats ensembles, and also our understanding of what, for the brain, is an object."
410,"L-theanine in tea markedly enhances umami perception, but the mechanism remains insufficiently understood. This study aimed to investigate the umami perception mechanism of L-theanine and its synergistic effect with monosodium glutamate (MSG) through sensory evaluation, molecular simulation, and electroencephalogram (EEG) analysis. The threshold of L-Theanine is 0.2-0.95 g/100 mL and an equivalent umami intensity to 0.2 g/100 mL MSG at 4 g/100 mL. In L-theanine-MSG system, molecular-docking analyses revealed a markedly reduced binding free energy of -8.9 kcal/mol relative to either compound alone. This cooperative interaction is stabilized by an extended hydrogen-bonding network (SER-148, THR-149, ALA-170, SER-276 and SER-107) and reinforced by salt-bridge formation with the cationic residues ARG-151 and ARG-277. EEG results further substantiated this synergy. L-theanine recruited the occipital lobe and generated greater inter-individual discriminability between high- and low-umami-sensitivity cohorts. This study provides novel insights into tea's umami modulation and paves the way for advancing natural flavor enhancement."
411,"Early sensory deprivation drives large-scale reconfiguration of cortical networks, yet we still lack a clear understanding of the relative contributions of early visual experience and spontaneous prenatal retinal waves on the establishment of cortical networks. We compared two mouse models of early blindness, neonatal enucleation and congenital anophthalmia, across two genetic strains (C57Bl/6 J and ZRDBA) using mesoscopic calcium imaging of spontaneous activity and graph-theoretical analysis. Concomitantly, the functional network organization was redirected toward medial higher-order visual areas, the associative retrosplenial cortex, and somatosensory regions, while the primary and lateral visual cortices exhibited reduced influence and integration within the modular architecture. Notably, ZRDBA groups showed limited global changes to their cortical network. However, anophthalmic ZRDBA mice, lacking prenatal retinal waves, exhibited connectivity patterns more akin to enucleated C57Bl/6 J than to their enucleated littermates, suggesting a potential contribution of spontaneous prenatal retinal activity. These findings support a connectivity-constrained, experience-dependent model in which preexisting structural pathways guide diffuse, resilient reorganization following sensory loss."
412,"Icons, as simplified visual symbols, play a key role in visual communication, yet little neuroimaging research has addressed how icons are represented in the brain. We investigated how concreteness and attractiveness modulate the spatiotemporal dynamics of icon processing in a 2 × 2 factorial design in 35 adults using magnetoencephalography. Source-level event-related field (ERF) analysis and representational similarity analysis (RSA) were used to characterize neural responses, with partial RSA isolating each feature's unique contribution after controlling for low-level visual similarity. ERF results showed that concreteness exerted a robust and sustained influence on neural dynamics, with concrete icons eliciting stronger responses than abstract ones from 90 to 1,000 ms, emerging in bilateral occipital cortices and extending to occipitotemporal, temporal, and parietal regions. RSA confirmed concreteness as a representational dimension across processing stages. Attractiveness showed an early but transient effect in occipital and ventral occipitotemporal regions (80 to 130 ms), though this did not survive RSA after controlling for low-level visual property models. A concreteness × attractiveness interaction modulated early occipital and later parietal processing (100 to 185 ms), indicating these features do not operate independently. Our results reveal that semantic content outweighs esthetic appeal in shaping the neural representation of icons."
413,"Fluctuations in single-neuron activity in the sensory cortex often correlate with perceptual decisions. This kind of correlation is often hypothesized to reflect a causal influence of sensory signals on decisions, but it can be attributed to various noncausal factors as well. To disentangle these different possibilities, we have examined local field potentials (LFPs) recorded from the middle temporal (MT) area and area V4 of nonhuman primates (Macaca mulatta) while they performed two different perceptual decision-making tasks. Compared to single-neuron spiking, LFPs have the advantage of being decomposable into frequency bands that are associated with different anatomical sources of input. More importantly, they persist when spiking activity is inactivated, which precludes a causal influence of the corresponding neural activity on behavior. We found that high-gamma frequency (70-150 Hz) LFP power was correlated with perceptual decisions and that this correlation disappeared when spikes were inactivated, consistent with a causal role for this frequency band in decision-making. These signals overlapped in time with decision signals in the lower gamma band (30-70 Hz), which persisted after spiking inactivation, suggesting a noncausal input. Interestingly, lower-frequency LFP signals (5-30 Hz) reflected both impending perceptual decisions and the outcome of preceding trials, suggesting a modulatory influence of recent experience on neural dynamics. Our results, therefore, reveal that neural activity multiplexes different sources of information about perceptual decisions and that these types of information can be estimated reliably from different LFP frequencies."
414,"Crossed aphasia is a rare form of aphasia in right-handed individuals with right-hemisphere lesions. We report a man aged 67 years who developed crossed aphasia after a right posterior cerebral artery infarction involving the occipital lobe, thalamus, and medial parietal lobe. Neurological and neuropsychological examinations revealed mild anomic aphasia with preserved repetition and comprehension, left homonymous hemianopia, unilateral spatial neglect, prosopagnosia, and no apraxia. Writing showed a marked script-specific dissociation: kana writing was intact, whereas kanji writing was severely impaired and dominated by recall-failure errors (>90%), with few orthographic or component errors. One-year follow-up using the same language and writing tasks demonstrated partial improvement in accuracy but a stable error profile dominated by recall failures. This rare case indicates that selective kanji agraphia can occur in crossed aphasia due to right-hemisphere lesions and suggests impaired access to the visual orthographic lexicon with atypical hemispheric lateralization of writing functions in Japanese."
415,"Reduced or lost sensation and movement after a spinal cord injury (SCI) impairs the brain's ability to accurately localize paralyzed body parts, causing deficits in its internal body map, or ""mental body representations"" (MBR). These deficits hinder functional recovery and contribute to neuropathic pain. Medications for neuropathic pain are often ineffective and carry side-effects. Our pilot trials found that <i>in-person</i> Cognitive Multisensory Rehabilitation (CMR), a physical therapy restoring MBR, led to prolonged pain reduction, improved sensorimotor function, and enhanced brain function, to greater extent than adaptive fitness. To explore more accessible interventions for those in rural areas or with transportation challenges, we examined whether 12 weeks of <i>remotely delivered</i> CMR or exercise would (1) improve function and reduce pain; (2) increase brain activity and connectivity related to sensorimotor function and MBR in adults with SCI. Of 19 adults with SCI who consented, 15 (51±15 years old, 8±10 years post-SCI) were randomized to 12 weeks of remotely delivered CMR or exercise (45min, 3x/week). Eight reported neuropathic pain ≥3/10. The Numeric Pain Rating Scale (NPRS), ASIA Impairment Scale (AIS), and Neuromuscular Recovery Scale (NRS) assessed pain and sensorimotor function at baseline, post-intervention, and 6-month follow-up. Functional MRI included resting-state and four tasks: imagining feeling the left leg, imagining moving the left leg, whole-body movement imagery, and a sensation task. After CMR (n=8), participants improved on AIS (large effect sizes: touch: d=1.30; pinprick: d=1.21; lower limb motor function: d=1.83). Exercise (n=7) produced smaller improvements (touch: d=0.35; pinprick: d=0.36; lower limb motor function: d=0.80). CMR showed greater NRS effect sizes (core: d=1.48; upper limb: d=0.69; lower limb: d=1.25) than exercise (core: d=0.31; upper limb: d=0.74; lower limb: d=0.83). Benefits persisted at follow-up for both AIS and NRS, especially in the CMR group. Highest neuropathic pain intensity decreased in both groups post-intervention (CMR: d=-0.61; exercise: d=-0.73) and at 6-month follow-up (CMR: d=-0.55; exercise: d=-0.55). Unlike previous studies, group effects for CMR were not found due to high heterogeneity. Increased task-based activation, including in the lateral occipital cortex involved in visual body perception and spatial awareness, was seen for the exercise group (n=5). These preliminary results support the potential of remotely delivered CMR and exercise to improve function and reduce neuropathic pain in adults with SCI, highlighting the need for larger trials. Clinicaltrial.gov: NCT05870189."
416,"A key challenge in neuroscience is inferring relationships between brain structure and function from high-dimensional, multimodal neuroimaging data. While conventional multivariate approaches often simplify statistical assumptions and estimate one-dimensional independent sources shared across modalities, the true relationships between latent sources are likely more complex-statistical dependence may exist both within and between modalities and span more than one dimension per modality. Here, we introduce Multimodal Subspace Independent Vector Analysis (MSIVA), a method for capturing both joint and unique vector sources from multiple data modalities by defining cross-modal and unimodal subspaces with variable dimensions. MSIVA enables flexible estimation of varying-size independent subspaces within modalities and their one-to-one linkage to corresponding subspaces across modalities. Crucially, it captures subject-level variability at the voxel level within independent subspaces, in contrast to traditional methods that share identical independent components across subjects. We evaluated three initialization workflows with five candidate subspace structures in multiple synthetic datasets and two large multimodal neuroimaging datasets, including structural MRI (sMRI) and functional MRI (fMRI). After confirming that MSIVA successfully recovered ground-truth subspace structures in synthetic data, we applied MSIVA to identify latent subspace structures in neuroimaging data. Subsequent subspace-specific canonical correlation analysis, brain-phenotype prediction, and voxelwise brain-age delta analysis revealed that MSIVA sources were strongly associated with multiple phenotype variables, including age, sex, schizophrenia, lifestyle factors, and cognitive functions. Further, we identified modality- and group-specific brain regions related to age (for example, cerebellum, precentral gyrus, and cingulate gyrus in sMRI; occipital lobe and superior frontal gyrus in fMRI), sex (for example, cerebellum in sMRI, frontal lobe in fMRI, and precuneus in both sMRI and fMRI), and schizophrenia (for example, cerebellar, frontal, and insular cortices in sMRI; occipital pole, lingual gyrus, and precuneus in fMRI), shedding light on linked phenotypic and neuropsychiatric biomarkers of brain structure and function."
417,"Autonomous sensory meridian response (ASMR) is a tingling sensation that originates in the occipital region and spreads along the neck and spine, elicited by specific audiovisual stimuli known as ASMR triggers. The characteristics of ASMR-related changes in brain activity relative to other external stimuli, and whether these changes are specific to ASMR, remain unclear. The aim of this study is to compare changes in functional connectivity during exposure to ASMR triggers and classical music, and to clarify the changes in connectivity that are more strongly associated with ASMR trigger listening. Forty-eight healthy adults without a history of psychiatric disorders underwent functional MRI under three conditions: resting state without auditory stimulation, listening to ASMR triggers, and listening to classical music. Functional connectivity during the ASMR and classical-music conditions was assessed relative to the resting state. As a result, functional connectivity between the medial prefrontal cortex and the right lateral parietal cortex increased during ASMR trigger listening compared to rest. Relative to classical music listening, ASMR trigger listening increased functional connectivity between the medial prefrontal cortex and the right lateral parietal cortex, between the left anterior insula and left supramarginal gyrus, and between the right rostral prefrontal cortex and the anterior cingulate cortex. No significant changes in functional connectivity were observed during classical music listening alone. These findings suggest that, compared with classical music listening, ASMR trigger listening is associated with stronger functional connectivity between specific ROI pairs involved in self-referential/internal evaluative processing and sensory integration."
418,"The present study employed event-related potential (ERP) technique combined with random dot kinetograms (RDK) tasks to investigate visual motion processing in methamphetamine group, heroin group, and healthy controls. Two RDK conditions with 80% and 100% motion consistency were used to record transient ERP components (N1, N2, P2) and analyze group differences in visual motion processing. ① No significant group differences were found in N1 amplitude or latency (all p > 0.05); ② Heroin group showed significantly different N2 amplitudes from healthy controls at occipital O1/O2 electrodes (F (1, 49) = 4.534, p = 0.038, η<sup>2</sup><sub>p</sub> = 0.085), while no N2 differences were observed in methamphetamine group; after controlling for smoking frequency as a covariate, the main effect of group became non-significant (F (1, 45) = 2.660, p = 0.110, η<sup>2</sup><sub>p</sub> = 0.056); ③ Methamphetamine-dependent individuals exhibited significantly reduced P2 amplitude relative to healthy controls at fronto-central electrodes including Fz and FCz (F (1, 43) = 4.713, p = 0.036, η<sup>2</sup><sub>p</sub> = 0.099). A similar reduction in P2 amplitude was observed for heroin-dependent individuals at frontal and fronto-central electrodes including Fz, FCz, and FC4 (F (1, 45) = 5.988, p = 0.018, η<sup>2</sup><sub>p</sub> = 0.117). A Mixed-design repeated-measures ANOVAs further revealed a significant main effect of group on P2 latency at frontal sites (F7, F3, Fz, F4, F8, FC3, FCz) (F (2, 64) = 9.087, p < 0.001, η<sup>2</sup><sub>p</sub> = 0.221) and at central sites (C3, Cz) (F (2, 64) = 4.837, p = 0.011, η<sup>2</sup><sub>p</sub> = 0.131). Post hoc comparisons indicated that P2 latency was significantly shorter in the healthy control group than in the two addiction groups. Chronic methamphetamine and heroin use impairs visual motion processing, with distinct neural mechanisms possibly mediating the effects of different addictive substances on fronto-parietal visual integration networks. The research team used event-related potential (ERP) technology to explore the sensory and perceptual brain functions of individuals with substance addiction (including methamphetamine group and heroin addicts); based on the random dot kinematogram (RDK) experimental paradigm, the study revealed that the abuse of psychoactive substances impairs not only the frontal lobe but also the parietal cortex, thereby providing a new brain region-based basis for intervention in subsequent treatment."
419,"To determine whether the rates of pathological and physiological high-frequency oscillations (HFOs; 80-200 Hz) differ between non-rapid eye movement sleep (NREM) and propofol anesthesia (PA). We retrospectively analyzed 11 patients with drug-resistant epilepsy who underwent chronic intracranial EEG monitoring and intraoperative EEG recording under PA. Among 761implanted electrodes, 29 sites were classified as epileptogenic cortex (EC), defined as seizure onset sites whose resection resulted in postoperative seizure freedom. Fifty-eight sites were classified as functional cortex (motor, somatosensory, visual, or language) based on electrical stimulation mapping. None of these 87 sites exhibited interictal spikes or overlapped between epileptogenic and functional categories. We examined whether PA altered HFO rates compared with NREM. HFO rates remained stable between NREM and PA. HFO rates in epileptogenic and visual cortical sites were higher than those in other functional sites (p < 0.05). HFO rates were comparable between epileptogenic and visual cortical sites, with no significant differences in either state. Although the EC showed higher HFO rates than most functional cortices, the visual cortex displayed HFO rates comparable to the EC, with no significant differences in either state (NREM, p = 0.87; PA, p = 0.66). Under both NREM and PA, the rate of pathological HFOs exceeded that of physiological HFOs, except those generated in the visual cortex. Distinct patterns of pathological and physiological HFOs may aid interpretation of intraoperative recordings obtained under PA, although caution is required for occipital HFOs."
420,"BackgroundDepressive symptoms frequently co-occur with cognitive impairment in older adults. Although depression and cognition interact in brain activity, the underlying functional connectivity mechanisms in mild cognitive impairment (MCI) remains unclear.ObjectiveTo investigate how depressive symptoms modulate the relationship between cognition and amygdala/hippocampus functional connectivity in MCI.MethodsThis study included 138 participants (45 healthy controls and 93 MCI patients) who underwent resting state functional magnetic resonance imaging (rs-fMRI) and neuropsychological assessment using the Montreal Cognitive Assessment-Basic (MoCA-B) for cognitive function and Hamilton Depression Rating Scale (HAMD) for depressive symptoms. Seed-based functional connectivity analysis was performed using bilateral amygdala and hippocampus as seed regions to quantify the HAMD × MoCA-B non-monotonic interactions on whole-brain connectivity. Simple slopes analyses were conducted to characterize directionality changes across depression severity levels.ResultsWhole-brain analyses revealed significant HAMD × MoCA-B interaction effects (cluster p value < 0.05, voxel p value < 0.01, GRF corrected) demonstrating symptom-dependent reorganization of cognition-FC relationships. Amygdala connectivity decreased to anterior/middle cingulate and precuneus but increased to triangular part of inferior frontal gyrus (IFGtri), medial superior frontal gyrus, and cerebellar lobule IX. Hippocampal connectivity decreased to cuneus, insula, thalamus, and caudate but increased to opercular part of inferior frontal gyrus (IFGop), orbitofrontal cortex, and cerebellar lobule VIII.ConclusionDepressive symptoms alter amygdala and hippocampal FC relationships with cognition in MCI. Depression-dependent hippocampal/amygdala connectivity changes with the frontoparietal network (FPN-A)-particularly IFGop/IFGtri and cerebellum-suggest their role as critical hubs for emotional-cognitive integration, highlighting them as potential neuromodulation targets for cognitive and depressive symptoms in MCI."
421,"<b>Background:</b> Childhood maltreatment is associated with behavioural dysregulation, including heightened impulsivity, but the psychological and neurobiological pathways linking early adversity to impaired self-regulation remain unclear.<b>Methods:</b> This study tested theory-informed statistical mediation models to examine whether specific childhood maltreatment subtypes were associated with impulsivity through region-specific cortical thickness and personality traits. Sixty-one healthy adults completed the Childhood Trauma Questionnaire, NEO Five-Factor Inventory, and Barratt Impulsiveness Scale, and 59 also underwent 3 T structural MRI. An exploratory extension was conducted in an affective disorder cohort.<b>Results:</b> In healthy adults, associations between maltreatment and attentional, motor, and non-planning impulsivity were primarily indirect through personality traits. Physical neglect was associated with lower agreeableness and conscientiousness, whereas emotional neglect was associated with higher neuroticism and lower conscientiousness and extraversion. Cortical thickness further contributed to these pathways, particularly in the anterior cingulate cortex and ventral medial-orbitofrontal regions. In the affective disorder cohort, the maltreatment-personality-impulsivity structure was partly retained, but cortical involvement differed, with pathways involving ventral cingulate, lateral prefrontal, and medial orbitofrontal regions. These clinical findings should be interpreted as exploratory.<b>Conclusions:</b> Findings support a multilevel framework in which childhood maltreatment is statistically associated with impulsivity through personality traits, with additional contribution from cortical thickness in regulatory brain systems. Clinical context may be associated with differences in neurobehavioral organisation linking early adversity, personality, and impulsivity."
422,"This study aimed to investigate the regulatory roles of distinct neuronal subtypes within the anterior cingulate cortex (ACC) in acute seizures and to identify cell type-specific mechanisms underlying seizure modulation in this region. Acute seizure models were established in mice via pentylenetetrazol injection. In vivo fiber photometry and miniscope calcium imaging were employed to monitor neuronal calcium activity, and multichannel electroencephalography was used to record brain electrical signals simultaneously. Subsequently, bidirectional chemogenetic and optogenetic manipulations were performed on calcium/calmodulin-dependent protein kinase II (CaMKII) excitatory neurons and vesicular γ-aminobutyric acid (GABA) transporter (vGAT)-expressing GABAergic interneurons, as well as parvalbumin (PV) and somatostatin (SST) interneuron subpopulations. Calcium recordings demonstrated that both excitatory and inhibitory neurons in the ACC exhibited significant, temporally coordinated hyperactivity during acute seizures. Inhibition of CaMKII neurons significantly reduced seizure severity, whereas their activation induced spontaneous seizurelike activity. Enhancing GABAergic interneuron activity significantly decreased seizure frequency and severity. Notably, inhibition of GABAergic interneurons resulted in markedly more severe seizures. Further examination of interneuron subtypes revealed functional heterogeneity; activation of SST interneurons effectively suppressed seizures, whereas PV activation did not produce significant antiseizure effects. Critically, inhibition of either PV or SST interneurons triggered spontaneous seizurelike activity, indicating that both subtypes are necessary for maintaining network stability. This study elucidates the differential roles of ACC neuronal populations in acute seizure dynamics. Activating GABAergic interneurons or inhibiting CaMKII-positive neurons effectively suppresses seizure activity. Among interneuron subtypes, SST activation reduces seizures, whereas PV activation does not. However, inhibiting either subtype triggers spontaneous epileptiform activity, indicating both are indispensable and play complementary roles in maintaining network homeostasis. These findings reveal the microcircuit mechanisms by which the ACC modulates acute seizures, highlighting that cortical stability relies on both the classical excitation-inhibition balance and the cooperative interplay of multiple interneuron subtypes."
423,"Functional Neurological Disorder (FND) is increasingly understood as a disorder of brain functioning rather than structural damage. While contemporary predictive coding models have provided important insights into the generation of functional symptoms, they offer limited explanations for vulnerability, developmental risk, and the striking association between FND and adverse life experiences. A substantial body of evidence indicates that early-life stress, trauma, and chronic adversity are overrepresented in individuals with FND and are associated with enduring neurobiological alterations in brain systems central to emotional processing, interoception, and motor control. In this paper, we propose that stress-related neuroplasticity constitutes a key developmental substrate that predisposes the brain to maladaptive learning processes, increasing the likelihood that salient bodily states become rigidly encoded and persist as functional symptoms. We review evidence linking trauma exposure to long-lasting changes in limbic, paralimbic, and sensorimotor circuits implicated in FND, including the amygdala, anterior cingulate cortex, insula, orbitofrontal cortex, and supplementary motor areas. We further examine autonomic and neuroendocrine abnormalities and gender-related biological factors that may amplify these effects. We argue that these convergent findings support a model in which FND emerges from excessive, stress-biased neuroplasticity that promotes overlearning of bodily predictions, rather than from a primary failure of belief updating. This framework provides a coherent account of vulnerability, symptom persistence, and heterogeneity in FND, and offers a biologically grounded bridge between developmental risk factors and contemporary computational models of functional symptoms."
424,"Frontotemporal dementia (FTD) and primary progressive aphasia (PPA) are complex, partially overlapping neurodegenerative syndromes primarily affecting the frontal and temporal lobes, resulting in deficits in behaviour, executive function and language. FTD is among the leading causes of early-onset dementia and has several subtypes, including behavioural-variant FTD (bvFTD) and PPA. PPA is subdivided into three main variants: non-fluent variant PPA (nfvPPA), semantic variant PPA (svPPA)/semantic dementia (SD) and logopenic variant PPA (lvPPA), each characterized by distinct language and cognitive impairments. Although these syndromes are clinically distinguishable, overlapping cognitive, behavioural and neuroanatomical features are common. To provide a comprehensive quantitative synthesis of the associated neuroimaging findings for each subgroup, we conducted an activation likelihood estimation (ALE) meta-analysis of structural and functional neuroimaging studies across bvFTD and the major PPA syndromes. The analysis included coordinate-based data from 114 studies comprising 8057 patients. Across syndromes, patients showed widespread brain abnormalities relative to healthy controls, involving frontal, temporal and parietal cortices as well as subcortical and limbic regions, including the basal ganglia and thalamus. Each FTD subtype demonstrated distinct, yet partially overlapping, patterns of degeneration. bvFTD showed prominent degeneration in the frontal and medial temporal lobes, insula, cingulate cortex and limbic system, consistent with impairments in social cognition and disinhibition. svPPA/SD exhibited focal atrophy in the anterior temporal lobes, disrupting the semantic network and impairing semantic processing. nfvPPA was associated with degeneration in the speech production network, particularly the insula and inferior frontal gyrus. lvPPA displayed left-lateralized abnormalities in the posterior temporal and inferior parietal lobes, affecting language function. In addition to these prototypical patterns, overlapping regions were observed between specific syndromes, including shared involvement of anterior temporal and limbic regions in bvFTD and svPPA/SD, frontal-insular regions in bvFTD and nfvPPA and lateral temporal regions in svPPA/SD and lvPPA. Together, these findings provide a robust synthesis of distinct and overlapping neuroanatomical alterations across FTD and PPA syndromes, clarifying how syndrome-specific and shared patterns of degeneration may contribute to clinical heterogeneity."
425,"The primate anterior entorhinal cortex (EC) receives rich projections from the amygdala and from multimodal association areas, including the medial prefrontal, anterior cingulate, and orbitofrontal cortices. Axon terminations from these structures on the anterior EC facilitate processing of the emotional aspects of stimuli and events. The EC projects to hippocampus, which is associated with episodic memory. Processing in the anterior EC is modulated by inhibitory neurons, which in primates express the calcium-binding proteins (CBPs): calretinin (CR), or calbindin (CB) or parvalbumin (PV), which collectively account for most inhibitory neurons in the primate cortex. Here, stereological analysis of these neurochemical classes of inhibitory neurons in the anterior half of EC in humans revealed similar patterns as in rhesus monkeys. In both primate species, the densest neuronal subpopulation of presumed inhibitory neurons expressed CR, followed by CB, and lastly by PV. In both species CR neurons were most prevalent in layers I and II, CB neurons in layers II and III and PV neurons in the middle-deep layers. Moreover, the medial and lateral sectors of the anterior EC had different densities of neurons expressing these CBPs. Further analysis revealed that in the human anterior EC, virtually all PV neurons expressed the GABAergic marker GAD67/GAD1 (glutamate decarboxylase 67/glutamate decarboxylase 1), whereas only two-thirds of CB neurons and only one-third of CR neurons colocalized with GAD67/GAD1. In the entire neuronal population of the anterior half of human EC estimated by stereology, 10% expressed GAD67/GAD1, comparable to the collective population of CBP-positive neurons that colocalized with GAD67/GAD1. These findings reveal that the medial and lateral sectors of anterior EC have distinct inhibitory microenvironments, which likely affect the processing of input and output of hippocampus."
426,"This report presents a case of behavioral variant frontotemporal dementia caused by mutations in the MATR3 and NOS3 genes, aiming to analyze its clinical manifestations and genetic characteristics. For a case presenting with personality changes and gait abnormalities as the initial symptoms, this study conducted a comprehensive analysis of its clinical manifestations, neuropsychological assessments, cerebrospinal fluid biomarkers, head imaging changes, and genetic test results. It also discussed the possible causes based on the literature. Its main manifestations include personality changes, gait disorders, and a decline in executive functions. 18F-FDG PET shows decreased FDG metabolism in both bilateral frontal lobes, temporal lobes, and anterior cingulate gyrus, accompanied by corresponding brain atrophy, and no abnormal deposition of Aβ in both cerebral hemispheres. The related gene detection indicates mutations in the MATR3 gene (NM_018834.6: intron 11: c.1778 + 3A > G) and NOS3 gene (NM_000603.5: exon 20: c.2435C > A). There is no report of the coexistence of these two genes. The clinical diagnosis is behavioral variant frontotemporal dementia(bvFTD). The conclusion is that the mutations in MATR3 and NOS3 are likely to be associated with the pathological process of frontotemporal dementia by altering the structure and function of the encoded proteins. The identification of these variations provides new candidate gene combinations for the genetic variation spectrum of frontotemporal dementia, which should be regarded as hypothetical generative observation results. The clinical significance of these results needs to be further verified."
427,"Misophonia is a poorly understood clinical condition characterized by reduced tolerance to select trigger sounds. Whether misophonic distress and its regulation involve unique neural mechanisms compared to other forms of emotion dysregulation remains unclear. We used functional magnetic resonance imaging (fMRI) to identify putative neural signatures of misophonic reactivity and regulation compared to a transdiagnostic clinical control group. Twenty-nine adults with misophonia and 30 with high emotional dysregulation and a DSM-5 psychiatric disorder underwent an fMRI session. After the presentation of misophonic, aversive, or neutral sound cues, they either experienced emotions naturally or reduced negative affect through cognitive reappraisal. Compared to controls, participants with misophonia showed greater distress after listening to or downregulating misophonic sounds and lower distress when listening to non-misophonic aversive sounds. Listening to misophonic sounds elicited lower functional connectivity between the right insula and the left dorsomedial prefrontal cortex (dmPFC), and between the left insula and the right superior temporal sulcus, in the misophonia group compared with controls. During the regulation of misophonic sounds, the misophonia group showed increased left insula connectivity with the anterior cingulate cortex and increased right insula connectivity with the bilateral dmPFC and other sensorimotor regions compared to controls. In the misophonia group only, higher emotion dysregulation and lower habitual use of reappraisal were respectively associated with increased insula-dmPFC connectivity and with increased insula connectivity with the dorsolateral prefrontal cortex. Prefrontal cortex activation during regulation of misophonic distress was not significantly different between the two groups. Insula activity and connectivity may be key features that distinguish misophonia from other forms of emotional dysregulation. These novel findings identify candidate neural processes that may be selectively associated with misophonia, as well as processes that may be shared between misophonia and other forms of emotion dysregulation."
428,"Cannabis use is linked to elevated psychosis risk, yet the neurobiological mechanisms that couple use to symptom expression remain unclear. Because glutamatergic dysregulation has been implicated in both cannabis effects and psychosis vulnerability, we examined whether brain glutamate relates to dimensional psychosis symptoms as a function of cannabis use across the psychosis spectrum. Seventy-nine participants-typically developing controls, clinical high-risk individuals, and patients with psychosis-completed dimensional clinical assessments, detailed cannabis use surveys, urine toxicology, and ultra-high-field 7T magnetic resonance spectroscopy (<sup>1</sup>HMRS) of the anterior cingulate cortex (ACC). Linear models assessed the main and interactive effects of ACC glutamate and cannabis use on psychopathology symptoms. Self-reported cannabis use showed good concordance with urine toxicology, with strongest agreement among frequent users. Both lower ACC glutamate and higher cannabis use were independently associated with positive and negative psychosis symptoms. Notably, lower glutamate levels were associated with higher positive symptoms in cannabis users but not cannabis non-users. Exploratory analyses suggested interactions for depressive and manic symptoms, indicating that glutamatergic abnormalities may amplify the overall severity of cannabis-related symptoms. Sensitivity analyses revealed lower ACC glutamate in psychosis patients-especially cannabis users-highlighting diagnostic group differences and reinforcing the link between cannabis exposure and glutamatergic dysfunction. These findings implicate ACC glutamatergic dysfunction as a transdiagnostic correlate of symptom burden, particularly in those with psychosis who are cannabis users. Glutamate-targeted interventions and longitudinal designs will be needed to examine causal pathways linking cannabis exposure to psychosis-relevant outcomes."
429,"Chronic pain is increasingly conceptualized within a stress-related framework. However, it remains unclear whether chronic pain and prototypical stress-related conditions-such as post-traumatic stress disorder (PTSD)-show convergence in their morphometric alterations and underlying normative functional connectivity profiles. To this end, we conducted a pre-registered transdiagnostic meta-analytic study of gray matter volume alterations in chronic pain (60 studies) and PTSD (20 studies), testing convergence at two complementary levels: direct anatomical overlap and network-level convergence within normative resting-state functional systems. Disorder-specific meta-analyses revealed that chronic pain was associated with distributed volume reductions across ventromedial prefrontal, middle cingulate, and insular cortices, whereas PTSD exhibited a single cluster of reduced volume in the anterior cingulate/dorsomedial prefrontal cortices. A direct conjunction analysis identified a spatially focal overlapping cluster of reduced volume in the bilateral medial orbitofrontal/anterior cingulate area. Importantly, using normative resting-state fMRI data (HCP 7 T dataset), we found that the disorder-specific structural abnormalities were embedded within partially overlapping large-scale systems. Specifically, chronic pain abnormalities were embedded within a distributed architecture of large-scale circuits encompassing mesocorticolimbic/reward, default mode, salience, frontoparietal, dorsal attention, and somatosensory networks. On the other hand, the PTSD focal neuroanatomical alteration was embedded in a single large-scale circuit mapping onto the mesocorticolimbic/reward, default mode, salience, and visual networks. In both conditions, the mesocorticolimbic/reward circuit emerged as the most robustly involved large-scale network. Notably, the shared cluster of reduced volume showed functional integration within the mesocorticolimbic/reward and default mode networks, with neurochemical fingerprinting revealing robust spatial correspondence with dopaminergic, serotonergic, opioid, and endocannabinoid receptor/transporter maps. Overall, these findings indicate that brain morphological alterations in chronic pain and PTSD converge in a focal medial prefrontal/anterior cingulate region and that disorder-specific abnormalities map onto partially overlapping normative functional networks, particularly involving the mesocorticolimbic/reward-related system, the default mode network, and the salience network. This network-level convergence is consistent with the hypothesis that chronic pain may, at least in part, be conceptualized within a stress-related framework."
430,"Borderline personality disorder (BPD) is a chronic mental health condition associated with marked elevations in disability. Limited pharmacological treatment options are currently available, and kappa opioid receptors (KOR) have been identified as a promising treatment target. However, the KOR system has not yet been directly examined in BPD. This study examined KOR in individuals with BPD and investigated links between KOR and BPD's clinical features. Twenty individuals with BPD and 20 demographically matched healthy control (HC) volunteer participants were scanned with [<sup>11</sup>C]EKAP positron emission tomography (PET) and completed self-report and interview measures. KOR availability (volume of distribution; V<sub>T</sub>) was measured in brain regions of interest (ROIs) relevant to the pathophysiology of BPD. No differences in age or sex were observed between HCs (Mean age: 32.94; SD=8.45; 60% female), and individuals with BPD (Mean age: 33.30; SD=9.34; 60% female). In individuals with BPD, KOR V<sub>T</sub> was significantly lower in the amygdala (M<sub>diff</sub>=-8.04; 95% CI[11.40; -4.69]), anterior cingulate (M<sub>diff</sub>=-2.95; 95% CI [-5.22; -0.68]), hippocampus (M<sub>diff</sub>=-2.12; 95% CI [-3.37; -0.88]), insula (M<sub>diff</sub>=-3.58; .95% CI[-5.71; -1.46]), and frontal ROIs (M<sub>diff</sub>=-1.83; 95% CI[-3.28; -0.38]). V<sub>T</sub> correlated negatively with specific clinical features including impulsivity (r(28)=-.45 p=.013, 95% CI[-.72; -.11]) and depressive symptoms (r(28)=-.43, p=.021, 95% CI[-.70, -.07]), but not trauma symptoms. Findings demonstrate differences in KOR availability in BPD and relationships between KOR availability and clinically relevant features. Results highlight the relevance of KOR in BPD pathophysiology and further implicate the opioid system as a promising target for treatment development in BPD."
431,"Although Major depressive disorder with mixed features (DMF) is recognized as a clinically distinct subtype, its underlying electrophysiological signatures remain unknown. This study aimed to investigate subtype-specific alterations in resting-state alpha band oscillations between DMF and Major depressive disorder without mixed features (nDMF), as well as the relationship of these oscillations with white matter structure. We collected resting-state magnetoencephalography (MEG) and diffusion tensor imaging (DTI) data from 197 participants. The cohort comprised 86 healthy controls (HC), 35 patients with DMF, and 76 nDMF. We analyzed alpha band functional connectivity across all participants and, in a subsample, examined global and regional structural-functional (SC-FC) coupling. The relationship of these neuroimaging metrics with clinical features was assessed. DMF patients showed higher alpha-band connectivity between the right supplementary motor area (SMA.R) and right anterior cingulate gyrus (ACC.R) than nDMF patients, and uniquely enhanced SC-FC coupling in the left anterior cingulate gyrus (ACC.L) versus both nDMF and HC groups, which negatively correlated with the subthreshold (hypo)manic symptom items. Conversely, nDMF patients exhibited higher connectivity between the SMA.R and the right middle temporal gyrus (TPOmid.R) than both DMF and HC groups. Both patient groups shared increased connectivity between the SMA.R and the right superior parietal gyrus (SPG.R) relative to HC group. Our findings support DMF as a neurobiologically distinct subtype, characterized by a dissociable pattern of alpha band connectivity and SC-FC coupling, providing a multimodal framework for refining diagnostic precision in depressive disorders."
432,"Major depressive disorder (MDD) ranks among the foremost contributors to disability worldwide, yet its neurophysiological mechanisms remain poorly understood. Excitation-inhibition (E/I) imbalance has been implicated in MDD pathophysiology, but cortex-wide E/I ratio and its molecular substrates in MDD remain unknown. Resting-state functional magnetic resonance imaging data from 254 MDD patients and 451 healthy controls (HCs) across six sites were analyzed. The Hurst exponent, a biophysically confirmed proxy of E/I balance, was estimated using a fractionally integrated process framework. Neurobiological decoding analyses were performed to map the transcriptomic and neurochemical signatures of cortical E/I imbalance in MDD. An independent ketamine clinical trial dataset (32 treatment-resistant depression patients and 21 HCs) was used to examine ketamine-induced changes in cortical E/I balance. Patients with MDD demonstrated significantly reduced Hurst exponent values, predominantly encompassing the parietal and prefrontal-cingulate cortices. Transcriptomic analysis identified enrichment for neuronal structural organization, nucleic acid metabolism, and mitochondrial function, with preferential overlap with excitatory and inhibitory neuron-specific gene sets. Neurochemically, Hurst exponent alterations were spatially associated with GABAergic, opioidergic, serotonergic, and synaptic density distributions. Divergent group-by-treatment effects were observed in the anterior cingulate and medial prefrontal cortices, with ketamine-induced increases in TRD patients. These findings highlight that prefrontal-cingulate E/I imbalance, anchored to specific transcriptional and neurochemical substrates, may underlie the pathophysiology of MDD and the antidepressant effects of ketamine. The Hurst exponent offers a promising neuroimaging approach for probing E/I imbalance and identifying potential treatment targets in depression."
433,"The ability to dynamically adjust a behavioral response to a stimulus depending on context is of critical importance for animals. To investigate the neural basis supporting context-dependent sensory processing, we developed a behavioral task in which mice changed their response to a single whisker deflection according to a continuously present contextual cue. Through unbiased optogenetic inactivation mapping, we found that neuronal activity in sensory and motor cortices contributed to task execution and, interestingly, we uncovered an unexpected role of the retrosplenial cortex (RSC) for contextual integration. Widefield calcium imaging revealed that the RSC was the first dorsal cortical area to show context discrimination in response to whisker stimulation, followed by the whisker motor cortex. Finally, we combined optogenetic inactivation with calcium imaging to define causal context-dependent changes in sensorimotor processing. Our cortex-wide mapping experiments thus begin to define key cortical nodes for context-dependent sensorimotor transformation and highlight an important contribution of RSC."
434,"Alzheimer's disease is the most common cause of dementia in humans and has been the subject of intense study for decades. Despite these efforts, the precise underlying cause or causes of Alzheimer's disease have remained elusive. Here we implement novel analysis of mass-spectrometry derived proteomics data to examine an understudied phenomenon related to Alzheimer's disease, isomerization of the protein tau. Isomerization is a spontaneous chemical modification that occurs in long-lived proteins and evolves most rapidly at aspartic acid. Recent results have demonstrated that isomerization of tau is more prevalent in Alzheimer's disease relative to healthy controls. To further map out the importance of tau isomerization in neurodegeneration, we examined its prevalence in several additional diseases by mining publicly available datasets and our own results, allowing for examination of Parkinson's disease, Lewy body dementia, vascular brain injury, and chronic traumatic encephalopathy. To evaluate the extent of tau isomerization in various locations within the brain in Alzheimer's disease, we examined samples from the frontal cortex, anterior cingulate gyrus, inferior parietal lobule, and caudate. Interestingly, our results demonstrate that significant isomerization of tau occurs only in individuals with Alzheimer's disease. In terms of localization, tau was easily detected in all regions of the brain, and tau isomerization was detected for Alzheimer's disease in all regions except the caudate. Importantly, tau isomerization can be easily and rigorously quantified from proteomics data. Comparison of the extent of tau isomerization with pre-mortem performance on the Mini-Mental State Examination revealed strong correlation. In addition to minimal abundance in other forms of neurodegeneration, tau isomerization was also low for a small number of the individuals designated to have Alzheimer's disease in our study, however consideration of other factors such as genetic predisposition, age, and mental acuity also differentiates these individuals. Importantly, the amount of tau isomerization observed in our studies does not correlate in any meaningful way with tau aggregation. Collectively, these observations suggest that tau isomerization derives from a different pathogenesis than other neurodegenerative markers, one that is only prevalent in Alzheimer's disease and may offer means for delineating the underlying causes of the disease."
435,"Post-traumatic stress disorder (PTSD) is marked by impaired contextual modulation of fear, leaving patients vulnerable to symptom return after extinction-based therapy. The thalamus is theorized to coordinate hippocampal-prefrontal circuits during contextual updating. Yet, its role in PTSD remains uncharacterized. We examined the contribution of the medial mediodorsal thalamus (MDm) to extinction-recall and fear renewal and its association with symptom severity. 425 participants completed threat renewal and 524 extinction-recall paradigms during fMRI (threat renewal: 189 healthy controls, HC; 129 trauma-exposed HC, TEHC; 107 PTSD extinction-recall: 280 HC; 132 TEHC; 112 PTSD). Analyses examined MDm activation and connectivity with canonical fear-regions; lateral mediodorsal thalamus (MDl) and anterior pulvinar served as control regions. Structural equation modeling characterized the covariance linking thalamocortical connectivity to diagnostic group. During fear renewal but not extinction-recall, a Time × Group interaction emerged in MDm functional connectivity: PTSD participants showed reduced MDm connectivity with hippocampus and sgACC relative to control groups during early but not late fear renewal. Parallel reductions emerged in anterior pulvinar-vmPFC connectivity. MDl, showed no group differences. Structural equation modeling indicated that thalamo-hippocampal connectivity covaried with group via both MDm-sgACC and anterior pulvinar-vmPFC connectivity. MDm-dACC connectivity scaled with PTSD severity, independent of MDl and anterior pulvinar. State-specific reductions in MDm-hippocampal-cingulate and pulvinar-vmPFC connectivity during early fear renewal in PTSD highlight parallel thalamocortical alterations during flexible contextual threat updating. These alterations, along with the selective MDm-dACC association with symptom severity, nominate MDm-centered circuit as a hypothesis-generating focus for future mechanistic neuromodulation studies."
436,"Serotonergic psychedelics (e.g., psilocybin, LSD) have potential to treat psychiatric disorders, with therapeutic effects lasting days to weeks after a single dose. Prominent theories suggest that psychedelics have a lasting effect on hierarchical brain circuits, reducing top-down influence on information processing to facilitate an unbiased, bottom-up reassessment of the world, but direct and concrete evidence for such an effect is lacking. Here we directly tested this hypothesis in both humans and mice, assessing predictive processing in the fronto-visual system in the days after a single psychedelic exposure. Individuals who recently (<3 weeks) used 5-HT <sub>2A</sub> Receptor agonist psychedelics (psilocybin, LSD) were assessed via electroencephalography (EEG) and electrooculography recordings during a saccadic prediction task and compared to age- and sex-matched non-users. Compared to non-users, recent psychedelic users produced fewer fast saccades and less suppression of EEG delta/theta power to predictively presented stimuli, pointing to a disruption of predictive processing. These changes correlated with time since psychedelic use and were replicated in a second cohort taking a different serotonergic psychedelic (5-MeO-DMT). Direct recordings of primary visual cortex (V1) in mice administered psilocybin (1 mg/kg) evinced a similar loss of predictive suppression 24-hrs after the dose. This coincided with weakened top-down modulation of V1 from anterior cingulate area (ACa), a subregion of medial prefrontal cortex, along with clear spine growth in ACa neurons that project to V1. These results suggest that psychedelic-induced neural plasticity serves to reorganize feedback circuits in the cortex and relax top-down influence on bottom-up sensory processing - an effect that persists beyond the acute exposure period and may underlie a therapeutic window."
437,"The thalamus plays a pivotal role in the pathophysiology of adolescent depression, with its subregions showing functional heterogeneity. Abnormalities in the default mode (DMN) and frontoparietal networks (FPN) are associated with depressive symptoms, and both networks are closely coupled with the thalamus. This study examined, at a finer granularity, functional connectivity (FC) changes between thalamic subregions and these networks in depressed adolescents, aiming to reveal underlying mechanisms and explore their potential as diagnostic biomarkers. This study included 64 depressed adolescents and 54 matched healthy controls. All participants underwent functional magnetic resonance imaging. Using thalamic subregions as seeds, we calculated the FC of these seeds with the DMN and FPN. We correlated FC values exhibiting group differences with clinical scores and constructed a machine learning model to evaluate clinical relevance and predictive accuracy. Compared to healthy controls, depressed adolescents exhibited reduced connectivity between the right ventral posterior (VP) thalamus and bilateral anterior cingulate cortex, and between the left VP thalamus and the right supramarginal gyrus (SMG) and inferior parietal lobule. The FC strength between the left VP thalamus and right SMG was negatively correlated with self-esteem. The classifier incorporating these altered FCs demonstrated moderate discriminative ability between the groups, where each feature contributed to the model decision. This study identified abnormal FC between thalamic subregions and the DMN and FPN. These alterations may contribute to the onset and progression of adolescent depression and show promise as potential biomarkers, thus providing a more objective basis for clinical diagnosis."
438,"This study examined cortical thickness and appetite-regulating hormones-neuropeptide Y (NPY) and ghrelin-to better understand the neurobiological mechanisms underlying binge eating disorder (BED) and obesity in adolescence. We compared adolescents with BED and obesity, adolescents with obesity without BED, and healthy controls (HCs), and explored the relationships among these measures, BMI, and psychological symptoms. Seventy adolescents (aged 12-18 years) were included: 24 adolescents with BED and obesity, 24 adolescents with obesity without BED, and 22 HC. Cortical thickness was measured using 3.0 T structural MRI with FreeSurfer-based analysis, and fasting serum levels of NPY and ghrelin were quantified by ELISA. Participants also completed the Eating Attitudes Test-40 (EAT-40), the Eating Disorder Examination Questionnaire (EDE-Q), the Children's Depression Inventory (CDI), and the State-Trait Anxiety Inventory for Children (STAI-C). Both groups with obesity showed significantly elevated NPY levels compared to HCs (p < 0.001), with no difference between adolescents with and without BED; fasting total ghrelin levels did not differ across groups. Adolescents with BED exhibited reduced cortical thickness in the right posterior cingulate cortex relative to both comparison groups (p = 0.002), while left posterior cingulate thinning was observed in both groups with obesity versus HCs (p = 0.004). No significant group differences were found in insular or anterior cingulate thickness. Both groups with obesity showed greater depressive symptoms, disordered eating attitudes, and eating-related psychopathology than HCs. In multiple regression analyses adjusted for diagnostic group membership, higher BMI (β = 0.47, p < 0.001) and lower left insular cortical thickness (β = -0.45, p = 0.031) were independently associated with elevated NPY levels. Findings suggest that elevated NPY levels may represent a shared neurobiological feature of adolescent obesity, whereas reduced right posterior cingulate cortical thickness may be more specifically associated with the diagnosis of BED. These findings contribute to understanding the neurobiological correlates of disordered eating behaviors during adolescence."
439,"This scoping review systematically compares the neural mechanisms underlying trait mindfulness and hypnosis susceptibility, focusing on three key dimensions: brain region activation, electroencephalographic (EEG) signals, and core brain networks. The aim is to elucidate potential shared mechanisms involved in conscious state modulation. Through a comprehensive review of existing brain imaging and EEG studies, we found that both phenomena involve the prefrontal cortex and anterior cingulate cortex, enhanced theta and alpha EEG rhythms, and are closely related to the dynamic interaction between the salience network and the central executive network. These findings suggest their potential role in attentional regulation. Guided by the theory of predictive coding for interoception, we propose an integrative framework: trait mindfulness and hypnosis susceptibility jointly influence cognitive processes and alter self-conscious states through differential regulation. Specifically, trait mindfulness enhances perceptual inference and metacognitive awareness, whereas hypnosis susceptibility facilitates the acceptance of high-precision prior cues (suggestions) and promotes active inference. This framework provides a unified perspective for understanding the foundation of the two constructs and identifies directions for future research and clinical translation (e.g., anxiety interventions)."
440,"Multiple Sclerosis (MS) is characterised by altered brain metabolism and increased chronic perceived fatigue. However, the relationship between brain metabolites, fatigue, and physical task effects in MS remains unclear. This study investigated brain metabolite concentrations (glutamate + glutamine (Glx), lactate, and total creatine (tCr)) in the anterior cingulate cortex (ACC), a region involved in interoceptive processing and fatigue perception, before and after a physical task. Twenty-two people with MS (pwMS) and 22 matched controls underwent Magnetic Resonance Spectroscopy before and after fatiguing isometric wrist extension tasks. Perceptual measures of state fatigue and effort were recorded. Linear mixed models analysed group differences and task-induced metabolite changes. PwMS showed higher ACC lactate concentrations than controls at rest and post-exercise (F = 7.08, p = 0.011, 95% CI[0.033, 0.228]). No significant Glx differences were observed. A significant group × exercise interaction for tCr occurred (F = 4.63, p = 0.037, 95% CI[0.027, 0.581]), with tCr decreasing post-exercise in controls (t = 3.09, p = 0.02) but remaining stable in pwMS. Metabolite concentrations did not correlate with baseline fatigue measures in either group. Changes in lactate correlated moderately with perceived effort in pwMS only (r = 0.51, p = 0.04). This study provides novel evidence of metabolic differences in pwMS, characterised by elevated lactate and stable post-exercise tCr, suggesting altered energy metabolism potentially linked to mitochondrial dysfunction. While these metabolic alterations did not directly correlate with perceived fatigue, they may contribute to the complex pathophysiology of MS-related fatigue."
441,"Humans and other animals are driven to acquire information about opportunities in their environments, yet how they evaluate what is worth learning remains unclear. Here we combine artificial neural networks with symbolic regression to extract an expressive yet interpretable model that specifies how human participants evaluate decision-relevant information during choice. The recovered function depends primarily on the relative evidence accumulated across options rather than absolute uncertainty about each, revealing that participants seek information symmetry across alternatives rather than minimizing uncertainty option by option. This account outperforms standard models of uncertainty-based exploration and generalizes to an independent dataset. Using ultrahigh-field (7T) functional magnetic resonance imaging optimized for midbrain and brainstem, we simultaneously measured activity across five neuromodulatory nuclei and two cortical regions. Ventral tegmental area activity showed opposed coding of information and selection values, a pattern suited to arbitrating between sampling and choosing, and anterior cingulate cortex and anterior insula tracked value-of-information computations."
442,"A growing body of research highlights the fear extinction model as a key framework for understanding the pathology of anxiety disorders and developing therapeutic interventions. Functional imaging studies link successful extinction recall and reduced amygdala reactivity with ventromedial prefrontal cortex (vmPFC) activity, while dysfunctional vmPFC activity is associated with anxiety pathology. Enhancing vmPFC activity through transcranial direct current stimulation (tDCS) has thus emerged as a promising approach to augment cognitive behavioral therapy (CBT) and therapeutic exposure therapies for anxiety disorders. In this study, anodal tDCS was applied over the vmPFC during the extinction learning phase of a 3-day fear acquisition/extinction paradigm (anodal tDCS: 21, sham tDCS: 23 participants). Skin conductance response (SCR) and Blood Oxygenation Level Dependent (BOLD) brain activity were recorded simultaneously. Healthy participants who received real tDCS showed significantly improved extinction recall compared to the sham tDCS group, as indicated by the SCR. Fear acquisition activated core regions of the fear network, including the anterior cingulate cortex, amygdala, orbitofrontal cortex, and insular cortex. During extinction learning, real tDCS activated both fear and safety networks (particularly the posterior cingulate and middle temporal cortex) during early extinction, while the sham tDCS group showed activity only in the fear network. Furthermore, a decoupling of the vmPFC with fear network regions with real tDCS during extinction was observed, indicating strengthened inhibitory control. These findings suggest that anodal tDCS over the vmPFC promotes early activation of the safety network, enhancing extinction learning and consolidation. This suggests its translational potential as an adjunctive intervention for anxiety disorders."
443,"In humans and nonhuman primates, the anterior cingulate cortex (ACC) is an interface between ""interoceptive"" and ""exteroceptive"" domains. The ACC contains discrete subdivisions that are distinct in cytoarchitecture, connectivity, and function. The subgenual ACC (sgACC) is a key area for arousal state modulation. Importantly, the sgACC is dysregulated in major depression and a target for neuromodulation therapies, including deep brain stimulation. In contrast, the perigenual ACC (pgACC) is important for cognitive functions, including social decision-making. Understanding the major sources of afferent input to the sgACC and pgACC is essential for elucidating functional modulation, including in major depression. We took a mesoscopic, 'connectomic' approach to examine the balance of projections to ACC subdivisions from two sources of glutamatergic input: the prefrontal cortex (PFC) and insula, and the thalamus (n=6 macaques). Using retrograde tracer injections into ACC subdivisions in male macaques, and unbiased statistical clustering, we revealed that the ACC subdivisions are under the influence of strikingly different ""heavily-weighted"" (HW) inputs from PFC and thalamus. Only one cortical region, area 10m, has HW projections to both sgACC and pgACC, suggesting an integrative role. Additionally, the pgACC sends ""top-down"" inputs to the sgACC, without significant ""bottom-up"" return input. Finally, ACC and thalamus-ACC circuits are hierarchically organized, governed by cortical granularity and thalamo-cortical connectivity. Agranular cortices and their associated thalamic nuclei formed most inputs to the sgACC. In contrast, pgACC receives a balanced set of afferents from agranular, dysgranular, and granular cortices, coupled with inputs from broader thalamic regions associated with these cortices.<b>Significance statement</b> The ACC contains discrete subdivisions based on cytoarchitecture and connectivity, which serve unique functional roles. The sgACC and pgACC subdivisions receive many similar inputs based on neuroimaging work. Here, we leverage higher resolution retrograde tract-tracing in macaques to examine the relative weights and relationships of multiple cortical and thalamic afferents to each region. Using unbiased analyses of labeled cells, we conclude that the balance of afferent inputs shifts from a connectome dominated by agranular cortices and their thalamic partners in sgACC, to a more balanced afferent connectome in pgACC, represented by agranular, dysgranular, and granular cortices and their broader thalamic partners. These results facilitate interpretation of functional studies, and bridge understanding of the connectional basis of psychiatric disorders."
444,"To characterize white matter pathology, identify clinical correlates, and explore relevant biomarkers for deep brain stimulation (DBS) outcomes in craniocervical dystonia (CCD) using diffusion tensor imaging (DTI). We involved 37 CCD patients (22 undergoing bilateral subthalamic DBS [STN-DBS]) and 42 matched healthy controls. Using Tract-Based Spatial Statistics (TBSS) for whole-brain analysis and Automated Fiber Quantification (AFQ) for 20 specific tracts, DTI measurements of fractional anisotropy (FA), axial diffusivity (AD), radial diffusivity (RD) and mean diffusivity (MD) were extracted. Between-group metric comparisons and correlations with clinical features and treatment outcomes were assessed. TBSS revealed reduced FA in left anterior corona radiata and right posterior thalamic radiation, increased AD in splenium of corpus callosum, and widespread elevated MD/RD (p < 0.0125, family-wise error combined threshold-free cluster enhancement corrected). AFQ identified segmental increased MD/RD across several tracts, most notably within anterior thalamus radiation (ATR), corticospinal tract, cingulum cingulate, callosum forceps, and inferior fronto-occipital fasciculus (uncorrected p < 0.01). Microstructural alterations correlated with earlier disease onset, severe baseline blepharospasm, and botulinum toxin exposure (p < 0.01, uncorrected). Crucially, at an uncorrected threshold of p < 0.01, lower MD in the left ATR was associated with greater eye symptom improvement after STN-DBS surgery (r = -0.57, p = 0.009). CCD exhibits distributed white matter microstructural alterations across multiple networks, potentially serving as the neurostructural substrate for motor and non-motor symptoms. Left ATR integrity is negatively associated with DBS outcomes."
445,"The opercular cortex is the part of the brain that overlies the insula and is the prolongation of the frontal, parietal, and temporal lobes in the lateral fissure. Over the years, this region has undergone multiple parcellations, and updated, multimodal, large-scale brain atlases highlight up to 16 subregions organized within the frontal, parietal, and temporal opercula. Using complementary methods for brain mapping-such as functional neuroimaging, source connectivity on scalp EEG or magnetoencephalography signals, and effective connectivity measures based on intracranial EEG recordings and cortico-cortical evoked potentials-several connectivity patterns have been identified. The main bidirectional opercular connections are with the insular cortex. The anterior insula is preferentially connected with the temporal and frontal operculum (OpF), whereas the posterior insula is connected to all opercular subdivisions. All three opercular subdivisions are interconnected. The OpF is functionally connected to the cingulate cortex consistent with a role in salience processing and to the temporal basal, temporal neocortex, premotor, and primary sensorimotor regions implicated in language processing. The parietal operculum is functionally connected with the premotor-motor and parietal regions for sensorimotor and vestibular processing. Finally, the temporal operculum is functionally connected with the temporal basal, temporal pole, mesial temporal structures, and parietal cortex supporting auditory, vestibular, and language processing."
446,"<b>Background/Objectives:</b> Emotion recognition is a fundamental component of mammalian social cognition, enabling animals such as rodents to detect the emotional states of conspecifics and guide prosocial or avoidance behaviors. However, natural social landscapes are highly complex and multi-targeted. Furthermore, it remains unknown how an observer's own internal emotional state dictates social target prioritization in these dynamic environments. <b>Methods:</b> We used a novel multi-target social paradigm wherein observer mice subjected to naïve, positive (relieved), or negative (acute stress) experiences, interacting simultaneously with demonstrator mice in neutral, relieved, or stressed states. We utilized <i>in vivo</i> fiber photometry to record anterior cingulate cortex (ACC) calcium dynamics during these complex interactions, and employed bidirectional optogenetics to establish causal neural mechanisms. <b>Results:</b> Naïve and relieved observer mice exhibited a rapid, innate behavioral prioritization of acutely stressed conspecifics. Conversely, an internal state of acute stress experience in the observer completely abolished this early-stage discrimination. Fiber photometry revealed that ACC excitatory neuronal activity robustly encodes the prioritization of stressed conspecifics, a neural signature that is fundamentally suppressed in stressed observers. Optogenetic inhibition of the ACC abolished innate social preference in naïve and relieved mice, whereas targeted ACC activation successfully overrode internal stress to restore social discrimination in stressed observers. <b>Conclusions:</b> Acute negative internal states profoundly suppress social discrimination ability. The ACC acts as a state-dependent gatekeeper to dictate social prioritization."
447,"Assessing inhibitory function and error detection is crucial for the early detection of age-related cognitive decline. This study aimed to investigate the neural network dynamics underlying these functions in younger and older adults to better understand age-related changes in cognitive control. We recorded electroencephalograms (EEGs) during an inhibitory control task in 17 older and 15 younger healthy adults. Behavioral performance was assessed, and directional functional connectivity was analyzed using Low-Resolution Electromagnetic Tomography (LORETA), isolated effective coherence (iCoh), and Full Vector Field analysis across the theta, alpha, and beta frequency bands. Older adults showed significantly fewer correct responses than younger adults. During incorrect responses, older adults exhibited strong beta-band directionality from the ventral anterior cingulate cortex (ACC) to the left frontal polar cortex (FPC), alongside strong intra-ACC connectivity. During correct responses, they demonstrated alpha- and beta-band directionality from the left dorsolateral prefrontal cortex (DLPFC) to the right FPC. Conversely, compared with older adults, younger adults demonstrated significantly stronger mutual directionality within the ACC and widespread robust connectivity among the ACC, bilateral DLPFC, and FPC during correct responses. Efficient inhibitory control in older adults appears to rely on higher-order error-monitoring and error detection networks. The altered network dynamics in older adults suggest an age-related decline in immediate cognitive control. Evaluating these neural networks via EEGs provides a potential non-invasive biomarker for early cognitive decline and highlights higher-order executive control as a promising target for preventive interventions."
448,"<b>Background/Objectives</b>: Cognitive flexibility and working memory are regulated by the dorsolateral prefrontal cortex (DLPFC), which is closely linked to the progression of cognitive decline. The Mediterranean-DASH Intervention for the Neurodegenerative Delay (MIND) diet shows potential to lower cognitive decline risk in older adults. This study aimed to examine the association between Malaysian-MIND diet (MY-MINDD©) scores with brain activation among Malaysian older adults. <b>Methods</b>: A cross-sectional study was conducted among forty older adults aged 60-75 years. Subjects were stratified into quartiles of MY-MINDD© scores with ten subjects per quartile. Dietary intake was evaluated utilising a validated 124-item semiquantitative Food Frequency Questionnaire (FFQ). Brain activation was measured using task-based fMRI (N-back and Stroop Colour Word Test). DLPFC activation was analysed in Brodmann's areas 9, 46, and the anterior cingulate cortex (ACC). ANCOVA and multiple linear regression were used to evaluate brain activation differences across MY-MINDD© quartiles, accommodating for gender, age, education, and body mass index (BMI). <b>Results</b>: Subjects in the highest MY-MINDD© quartile had significantly greater DLPFC activation during 0-back, 1-back, and SCWT incongruent tasks (<i>p</i> < 0.05). Higher MY-MINDD© adherence is linked to better task performance (<i>p</i> < 0.001). Multivariate General Linear Model (GLM) revealed a significant overall effect on brain activation (Pillai's Trace = 0.544, F(8,27) = 4.11, <i>p</i> = 0.003). Multiple linear regression demonstrated significant positive associations between MY-MINDD© scores and DLPFC activation (<i>p</i> < 0.0125). <b>Conclusions</b>: Higher adherence to the MY-MINDD© diet was associated with greater brain activation, suggesting its relevance as a proxy for identifying risk of cognitive decline."
449,"Increasing evidence suggests that early life adversity characterized by threat disrupts amygdala connectivity to the prefrontal cortex, a neural circuit integral to adaptive emotional functioning. Yet, few empirical studies have investigated how adversity predicts amygdala connectivity while participants intentionally try to downregulate their emotions. Here, we examined (a) associations between dimensions of adversity (i.e., threat and deprivation) and amygdala connectivity during a cognitive reappraisal task and (b) whether threat exposure interacts with emotional awareness-a capacity that facilitates emotion regulation-to predict amygdala connectivity. We conducted secondary analyses of neuroimaging data from 125 adolescent females aged 9-17 years old (<i>M</i><sub>age</sub> = 12.77 years, <i>SD</i> = 1.94 years). Whole-brain activation analyses revealed that greater threat exposure predicted less activation of the anterior cingulate gyrus during cognitive reappraisal. Amygdala connectivity during reappraisal did not vary as a function of threat or deprivation exposure; however, threat exposure interacted with low emotional awareness to predict coupling between the amygdala and ventromedial prefrontal cortex during emotion regulation. Specifically, youth with relatively high threat exposure and poorer emotional awareness exhibited the strongest amygdala-ventromedial prefrontal cortex connectivity. The results of this interaction were similar after adjusting for co-occurring deprivation exposure. In contrast, deprivation exposure, when controlling for threat, was unrelated to neural activation and amygdala connectivity during reappraisal. These findings contribute to the growing evidence that threat exposure is uniquely associated with neural correlates of emotion functioning and suggest that poor emotional awareness may exacerbate threat-related differences in neural systems underlying effortful emotion regulation. (PsycInfo Database Record (c) 2026 APA, all rights reserved)."
450,"Frontotemporal dementia (FTD) and primary progressive aphasia (PPA) are complex, partially overlapping neurodegenerative syndromes primarily affecting the frontal and temporal lobes, resulting in deficits in behaviour, executive function and language. FTD is among the leading causes of early-onset dementia and has several subtypes, including behavioural-variant FTD (bvFTD) and PPA. PPA is subdivided into three main variants: non-fluent variant PPA (nfvPPA), semantic variant PPA (svPPA)/semantic dementia (SD) and logopenic variant PPA (lvPPA), each characterized by distinct language and cognitive impairments. Although these syndromes are clinically distinguishable, overlapping cognitive, behavioural and neuroanatomical features are common. To provide a comprehensive quantitative synthesis of the associated neuroimaging findings for each subgroup, we conducted an activation likelihood estimation (ALE) meta-analysis of structural and functional neuroimaging studies across bvFTD and the major PPA syndromes. The analysis included coordinate-based data from 114 studies comprising 8057 patients. Across syndromes, patients showed widespread brain abnormalities relative to healthy controls, involving frontal, temporal and parietal cortices as well as subcortical and limbic regions, including the basal ganglia and thalamus. Each FTD subtype demonstrated distinct, yet partially overlapping, patterns of degeneration. bvFTD showed prominent degeneration in the frontal and medial temporal lobes, insula, cingulate cortex and limbic system, consistent with impairments in social cognition and disinhibition. svPPA/SD exhibited focal atrophy in the anterior temporal lobes, disrupting the semantic network and impairing semantic processing. nfvPPA was associated with degeneration in the speech production network, particularly the insula and inferior frontal gyrus. lvPPA displayed left-lateralized abnormalities in the posterior temporal and inferior parietal lobes, affecting language function. In addition to these prototypical patterns, overlapping regions were observed between specific syndromes, including shared involvement of anterior temporal and limbic regions in bvFTD and svPPA/SD, frontal-insular regions in bvFTD and nfvPPA and lateral temporal regions in svPPA/SD and lvPPA. Together, these findings provide a robust synthesis of distinct and overlapping neuroanatomical alterations across FTD and PPA syndromes, clarifying how syndrome-specific and shared patterns of degeneration may contribute to clinical heterogeneity."
451,"Vision is an important sensory system for most fish species. The eye structure is related to the ecology of the respective fish species and depends on the depth of life of that species. Depending on the type of lifestyle, feeding, behavior, and habitat of the fish, the different lobes of the fish's brain have different sizes. Information about eye and brain structure can help in ecology modeling, aquaculture and fisheries industries, and fish histopathology studies. In this study, the structures of the eyes and brains of four different fish species (Scarus ghobban and Scarus persicus, Sphyraena obtusata, and Pseudorhombus elevatus) in various habitats were investigated. Fishes were collected from three areas of surface waters (S. obtusata), bottom waters (P. elevatus), and around coral reefs (Scarus species). After photographing and identifying the fish, the samples were biometrically measured, and some morphometric characteristics were measured. After dissecting the fish and extracting the brain and eyes, the samples are immediately fixed in Buen's solution. After fixation, the eye and brain samples were dehydrated with an ethanol series and embedded in paraffin. Serial sections were prepared with a thickness of 5 µm. Sections stained with Hematoxylin-eosin (H&E) were photographed. The prepared slides were examined under a microscope, and the number of cone and rod eye cells, as well as the percentage of brain neurons, were estimated. The results of this study showed that the percentage of cone cells in the eyes of S. obtusata was higher than that of other fish species, while the percentage of rod cells was higher in the eyes of P. elevatus. The percentage of cone and rod cells in the eye of parrotfish had intermediate values. On the other hand, the rate of front and middle brain neurons in Sphyraena obtusata was higher than in different species. In contrast, the percentage of posterior brain neurons was higher in P. elevatus than in others. Our findings showed that the predatory fish often uses its sense of sight and smell to hunt, which is due to the well-developed front brain and middle brain of this fish. Our results showed that the development of all parts of the brain in both types of parrotfish is nearly identical, and therefore, it can be concluded that parrotfish use all their senses equally to survive. Based on the available data, the percentage of neurons in the posterior cingulate and the forebrain of the benthic fish P. elevatus was high, which can reflect the strength of olfactory and motor senses in this demersal fish."
452,"The ability to dynamically adjust a behavioral response to a stimulus depending on context is of critical importance for animals. To investigate the neural basis supporting context-dependent sensory processing, we developed a behavioral task in which mice changed their response to a single whisker deflection according to a continuously present contextual cue. Through unbiased optogenetic inactivation mapping, we found that neuronal activity in sensory and motor cortices contributed to task execution and, interestingly, we uncovered an unexpected role of the retrosplenial cortex (RSC) for contextual integration. Widefield calcium imaging revealed that the RSC was the first dorsal cortical area to show context discrimination in response to whisker stimulation, followed by the whisker motor cortex. Finally, we combined optogenetic inactivation with calcium imaging to define causal context-dependent changes in sensorimotor processing. Our cortex-wide mapping experiments thus begin to define key cortical nodes for context-dependent sensorimotor transformation and highlight an important contribution of RSC."
453,"The causal relationship between variations in thyroid dysfunction and brain structure remains elusive. We intended to probe into this causal connection using a Mendelian randomization (MR) approach. Aggregated statistics from the genome-wide Association Study (GWAS) on Autoimmune thyroid dysfunction were obtained from the FinnGen database, including autoimmune hyperthyroidism (N = 2,190) and autoimmune hypothyroidism (N = 49,055). Aggregate statistics on cortical area and thickness for GWAS were obtained from the Enhancing NeuroImaging Genetics through Meta-Analysis (ENIGMA) Consortium (N = 51,665). The main method employed is inverse variance weighting (IVW), supplemented by weighted median, Mr-Egger regression, MR-pleotropy residuals, and outliers. Some sensitivity analyses were conducted to determine heterogeneity and pleiotropy. For autoimmune hypothyroidism (exposure), significant causal associations were observed with cortical thickness (outcome type) in the following regions: pars triangularis (β = -0.003, 95% CI: -0.005 to -0.001, PTH = 0.023; PTH: P-value for cortical thickness,), posterior cingulate (β = 0.003, 95% CI: 0.000-0.006, PTH = 0.034), and transverse temporal (β = 0.006, 95% CI: 0.002-0.010, PTH = 0.004; β = 0.006, 95% CI: 0.001-0.011, PTH = 0.010). For autoimmune hyperthyroidism (exposure), significant causal associations were observed with cortical surface area (outcome type) in the entorhinal (β = -2.576, 95% CI: -4.714 to -0.437, PSA = 0.018; PSA: P-value for cortical surface area), frontal pole (β = -1.195, 95% CI: -2.118 to -0.271, PSA = 0.011), lateral occipital (β = -15.787, 95% CI: -31.171 to -0.403, PSA = 0.044), lingual (β = -10.778, 95% CI: -20.888 to -0.668, PSA = 0.037), postcentral (β = -16.360, 95% CI: -28.410 to -4.309, PSA = 0.008), precentral (β = -16.089, 95% CI: -29.281 to -2.897, PSA = 0.017), and superior parietal (with global weighting; β = 11.360, 95% CI: 0.435-22.285, PSA = 0.042). Additionally, autoimmune hyperthyroidism was causally associated with cortical thickness (outcome type) in the entorhinal (β = 0.009, 95% CI: 0.000-0.018, PTH = 0.039) and posterior cingulate (β = 0.004, 95% CI: 0.001-0.008, PTH = 0.025). These findings remained reliable in the sensitivity analyses. These findings suggest that autoimmune hyperthyroidism and autoimmune hypothyroidism may have potential causal effects on the surface area and thickness of specific regions of the cerebral cortex, but further studies are needed to fully understand the nature of this relationship."
454,"Alzheimer's disease (AD) is characterized by amyloid-β (Aβ) peptide plaques and neurofibrillary tangles from hyperphosphorylated tau, though factors linking amyloid and tau pathology remain unclear. We investigated whether microRNA-181d-5p (miR-181d) associates with AD-related brain changes and regulates neprilysin and tau. Modeling miR-181d across individuals with no cognitive impairment, mild cognitive impairment, and AD revealed region- and sex-specific associations. Higher miR-181d levels associated with greater AD probability in the temporal lobe and cerebellum, and lower probability in the posterior cingulate cortex of males; miR-181c attenuated these probabilities. SNPs near MIR181 associated with altered entorhinal cortical thickness. In cellular models, miR-181 reduced neprilysin 3'-UTR activity, mRNA, protein, and enzymatic activity, while increasing tau mRNA and protein. Neprilysin diminution impairs Aβ clearance and elevates tau, contributing to AD. RNA sequencing identified miR-181d-responsive neurodegenerative pathways. These findings identify miR-181 as a regulator of AD-relevant amyloid and tau pathways, providing novel targets. MiRNA-181 is a key regulator of Alzheimer's risk through its effects on neprilysin and tau proteins, a novel potential target."
455,"The thalamus plays a pivotal role in the pathophysiology of adolescent depression, with its subregions showing functional heterogeneity. Abnormalities in the default mode (DMN) and frontoparietal networks (FPN) are associated with depressive symptoms, and both networks are closely coupled with the thalamus. This study examined, at a finer granularity, functional connectivity (FC) changes between thalamic subregions and these networks in depressed adolescents, aiming to reveal underlying mechanisms and explore their potential as diagnostic biomarkers. This study included 64 depressed adolescents and 54 matched healthy controls. All participants underwent functional magnetic resonance imaging. Using thalamic subregions as seeds, we calculated the FC of these seeds with the DMN and FPN. We correlated FC values exhibiting group differences with clinical scores and constructed a machine learning model to evaluate clinical relevance and predictive accuracy. Compared to healthy controls, depressed adolescents exhibited reduced connectivity between the right ventral posterior (VP) thalamus and bilateral anterior cingulate cortex, and between the left VP thalamus and the right supramarginal gyrus (SMG) and inferior parietal lobule. The FC strength between the left VP thalamus and right SMG was negatively correlated with self-esteem. The classifier incorporating these altered FCs demonstrated moderate discriminative ability between the groups, where each feature contributed to the model decision. This study identified abnormal FC between thalamic subregions and the DMN and FPN. These alterations may contribute to the onset and progression of adolescent depression and show promise as potential biomarkers, thus providing a more objective basis for clinical diagnosis."
456,"This study examined cortical thickness and appetite-regulating hormones-neuropeptide Y (NPY) and ghrelin-to better understand the neurobiological mechanisms underlying binge eating disorder (BED) and obesity in adolescence. We compared adolescents with BED and obesity, adolescents with obesity without BED, and healthy controls (HCs), and explored the relationships among these measures, BMI, and psychological symptoms. Seventy adolescents (aged 12-18 years) were included: 24 adolescents with BED and obesity, 24 adolescents with obesity without BED, and 22 HC. Cortical thickness was measured using 3.0 T structural MRI with FreeSurfer-based analysis, and fasting serum levels of NPY and ghrelin were quantified by ELISA. Participants also completed the Eating Attitudes Test-40 (EAT-40), the Eating Disorder Examination Questionnaire (EDE-Q), the Children's Depression Inventory (CDI), and the State-Trait Anxiety Inventory for Children (STAI-C). Both groups with obesity showed significantly elevated NPY levels compared to HCs (p < 0.001), with no difference between adolescents with and without BED; fasting total ghrelin levels did not differ across groups. Adolescents with BED exhibited reduced cortical thickness in the right posterior cingulate cortex relative to both comparison groups (p = 0.002), while left posterior cingulate thinning was observed in both groups with obesity versus HCs (p = 0.004). No significant group differences were found in insular or anterior cingulate thickness. Both groups with obesity showed greater depressive symptoms, disordered eating attitudes, and eating-related psychopathology than HCs. In multiple regression analyses adjusted for diagnostic group membership, higher BMI (β = 0.47, p < 0.001) and lower left insular cortical thickness (β = -0.45, p = 0.031) were independently associated with elevated NPY levels. Findings suggest that elevated NPY levels may represent a shared neurobiological feature of adolescent obesity, whereas reduced right posterior cingulate cortical thickness may be more specifically associated with the diagnosis of BED. These findings contribute to understanding the neurobiological correlates of disordered eating behaviors during adolescence."
457,"A growing body of research highlights the fear extinction model as a key framework for understanding the pathology of anxiety disorders and developing therapeutic interventions. Functional imaging studies link successful extinction recall and reduced amygdala reactivity with ventromedial prefrontal cortex (vmPFC) activity, while dysfunctional vmPFC activity is associated with anxiety pathology. Enhancing vmPFC activity through transcranial direct current stimulation (tDCS) has thus emerged as a promising approach to augment cognitive behavioral therapy (CBT) and therapeutic exposure therapies for anxiety disorders. In this study, anodal tDCS was applied over the vmPFC during the extinction learning phase of a 3-day fear acquisition/extinction paradigm (anodal tDCS: 21, sham tDCS: 23 participants). Skin conductance response (SCR) and Blood Oxygenation Level Dependent (BOLD) brain activity were recorded simultaneously. Healthy participants who received real tDCS showed significantly improved extinction recall compared to the sham tDCS group, as indicated by the SCR. Fear acquisition activated core regions of the fear network, including the anterior cingulate cortex, amygdala, orbitofrontal cortex, and insular cortex. During extinction learning, real tDCS activated both fear and safety networks (particularly the posterior cingulate and middle temporal cortex) during early extinction, while the sham tDCS group showed activity only in the fear network. Furthermore, a decoupling of the vmPFC with fear network regions with real tDCS during extinction was observed, indicating strengthened inhibitory control. These findings suggest that anodal tDCS over the vmPFC promotes early activation of the safety network, enhancing extinction learning and consolidation. This suggests its translational potential as an adjunctive intervention for anxiety disorders."
458,"To characterize white matter pathology, identify clinical correlates, and explore relevant biomarkers for deep brain stimulation (DBS) outcomes in craniocervical dystonia (CCD) using diffusion tensor imaging (DTI). We involved 37 CCD patients (22 undergoing bilateral subthalamic DBS [STN-DBS]) and 42 matched healthy controls. Using Tract-Based Spatial Statistics (TBSS) for whole-brain analysis and Automated Fiber Quantification (AFQ) for 20 specific tracts, DTI measurements of fractional anisotropy (FA), axial diffusivity (AD), radial diffusivity (RD) and mean diffusivity (MD) were extracted. Between-group metric comparisons and correlations with clinical features and treatment outcomes were assessed. TBSS revealed reduced FA in left anterior corona radiata and right posterior thalamic radiation, increased AD in splenium of corpus callosum, and widespread elevated MD/RD (p < 0.0125, family-wise error combined threshold-free cluster enhancement corrected). AFQ identified segmental increased MD/RD across several tracts, most notably within anterior thalamus radiation (ATR), corticospinal tract, cingulum cingulate, callosum forceps, and inferior fronto-occipital fasciculus (uncorrected p < 0.01). Microstructural alterations correlated with earlier disease onset, severe baseline blepharospasm, and botulinum toxin exposure (p < 0.01, uncorrected). Crucially, at an uncorrected threshold of p < 0.01, lower MD in the left ATR was associated with greater eye symptom improvement after STN-DBS surgery (r = -0.57, p = 0.009). CCD exhibits distributed white matter microstructural alterations across multiple networks, potentially serving as the neurostructural substrate for motor and non-motor symptoms. Left ATR integrity is negatively associated with DBS outcomes."
459,"The opercular cortex is the part of the brain that overlies the insula and is the prolongation of the frontal, parietal, and temporal lobes in the lateral fissure. Over the years, this region has undergone multiple parcellations, and updated, multimodal, large-scale brain atlases highlight up to 16 subregions organized within the frontal, parietal, and temporal opercula. Using complementary methods for brain mapping-such as functional neuroimaging, source connectivity on scalp EEG or magnetoencephalography signals, and effective connectivity measures based on intracranial EEG recordings and cortico-cortical evoked potentials-several connectivity patterns have been identified. The main bidirectional opercular connections are with the insular cortex. The anterior insula is preferentially connected with the temporal and frontal operculum (OpF), whereas the posterior insula is connected to all opercular subdivisions. All three opercular subdivisions are interconnected. The OpF is functionally connected to the cingulate cortex consistent with a role in salience processing and to the temporal basal, temporal neocortex, premotor, and primary sensorimotor regions implicated in language processing. The parietal operculum is functionally connected with the premotor-motor and parietal regions for sensorimotor and vestibular processing. Finally, the temporal operculum is functionally connected with the temporal basal, temporal pole, mesial temporal structures, and parietal cortex supporting auditory, vestibular, and language processing."
460,"<b>Background</b>: Auditory oddball paradigms are widely used to investigate neural responses to deviant stimuli and attentional processing. However, different paradigms involve deviant stimuli with varying levels of stimulus relevance, and the corresponding neural responses have rarely been directly compared within a unified experimental framework. The aim of this study was to compare neural responses elicited by three variants of the auditory oddball paradigm that differ in the type of deviant stimuli: tone, reversed speech, and self-name deviants. <b>Methods</b>: Electroencephalography (EEG) data were recorded from 38 healthy participants while they performed three paradigm variants. Event-related potentials (ERPs) were analyzed to examine neural responses to deviant stimuli. In addition, cortical activation patterns were identified via source reconstruction, and classification analyses were conducted to assess the discriminability of neural responses across the three variants. <b>Results</b>: ERP results revealed that the self-name paradigm elicited the largest ERP responses, characterized by a significant P300 amplitude (3.95 μV) and prominent MMN (-6.39 μV). Crucially, source-space analysis revealed a graded expansion of cortical recruitment: acoustic deviance (tone) and structural reanalysis (reversed speech) were associated with 7 and 6 significant clusters, respectively, primarily in the auditory and fronto-cingulate cortices, whereas the self-name paradigm engaged 12 significant clusters spanning a distributed network encompassing salience-processing regions and cortical midline structures associated with self-referential processing (including the insula and posterior cingulate cortex). Classification analyses mirrored these findings, with the self-name paradigm consistently yielding the highest neural separability (~80% accuracy) and greater robustness to interindividual variability, demonstrating the superior discriminability of self-referential neural patterns. <b>Conclusions</b>: These findings demonstrate that self-referential auditory stimuli elicit stronger and more discriminable neural responses than other auditory deviant stimuli in the oddball paradigm. These results provide a comparative perspective on how different dimensions of auditory relevance modulate neural processing and may inform the design of effective auditory paradigms for cognitive neuroscience and related translational applications."
461,"Parkinson's disease (PD)is a prevalent neurodegenerative disorder, and early diagnosis remains challenging due to the lack of sensitive and specific imaging biomarkers. Multimodal MRI provides a promising approach to capture both microstructural and macrostructural alterations. To investigate microstructural and macrostructural changes in the motor cortex (MC) and posterior cingulate cortex (PCC) in PD using NODDI and 3D structural MRI, and to develop a multimodal diagnostic model integrating these features. A total of 124 PD patients and 136 healthy controls were enrolled. NODDI-derived parameters, including neurite density index (NDI), orientation dispersion index (ODI), and isotropic volume fraction (Viso), as well as 3D structural metrics (cortical thickness, surface area, and gray matter volume), were extracted from MC and PCC. Group comparisons and correlations with clinical scales (UPDRS, NMSS, and Hoehn-Yahr stage) were performed. A multimodal diagnostic model was constructed and evaluated using receiver operating characteristic (ROC) analysis. No significant differences were observed between groups in age or sex (P > 0.05). Compared with controls, PD patients showed significantly decreased NDI and increased Viso in both MC and PCC (FDR-corrected, P < 0.01). ODI was significantly increased in MC (P < 0.001), but not in PCC. Structurally, PD patients exhibited reduced cortical thickness, surface area, and gray matter volume in MC (FDR-corrected, P < 0.001), whereas no significant differences were found in PCC. The multimodal model achieved superior performance (AUC = 0.77, accuracy = 0.705) compared with single-modality models. NODDI and 3D structural MRI can sensitively detect microstructural and macrostructural alterations in PD. Their integration improves diagnostic accuracy and may provide valuable imaging biomarkers for early diagnosis, disease monitoring, and treatment evaluation."
462,"Chronic primary pain (CPP) occurs without an identifiable causal disease and is characterized by persistent pain, emotional distress and functional impairment. Persistent pain may be accompanied by structural brain alterations linked to chronification. We investigated cortical surface morphometry and structural connectivity in CPP and explored associations with related biopsychosocial characteristics. Thirty patients with CPP and 30 matched healthy controls (HCs) underwent psychometric assessment, pain sensitivity testing, salivary sampling (cortisol, α-amylase), and MRI (T1-weighted, diffusion-weighted imaging (DWI)). Surface-based morphometry features (SBM) were estimated from T1-weighted data across multiple brain parcellations. DWI was used to reconstruct weighted structural connectomes via probabilistic tractography and to compute node-level graph-theoretical metrics. Partial least squares correlation (PLSC) assessed multivariate associations between imaging metrics and biopsychosocial characteristics. Compared with HCs, CPP patients showed focal cortical alterations dominated by folding-related features consistent across different brain parcellation schemes: increased gyrification in left prefrontal regions; reduced sulcal depth in right lateral frontal and orbitofrontal and right medial temporo-occipital regions; and reduced fractal dimension in posterior cingulate regions. Structural connectivity metrics showed only trend-level group differences that did not survive correction for multiple comparisons. PLSC revealed significant covariation between distributed SBM patterns and biopsychosocial characteristics, including perceived stress, childhood trauma, and α-amylase concentration, mainly expressed in HCs, linking stress-related features to profiles of gyrification, sulcal depth, and fractal dimension. These findings suggest that cortical surface morphology may be structurally altered in patients with CPP and encourage further longitudinal studies."
463,"Trust requires balancing potential mutual gain against possible betrayal. This decision depends not only on personal vulnerability to loss (risk) but also on the partner's incentive to betray (temptation) and whether the betrayal is committed intentionally (partner's agency). Previous research-limited by categorical behavioral designs and a neuroimaging focus on pathological mistrust-leaves it unclear how the brain systematically represents personal risk, partner's temptation, and partner's agency during typical trust decisions. We used functional magnetic resonance imaging with a parametric binary trust game to disentangle the effects of these factors. Thirty-one participants made binary trust decisions while these factors were systematically varied. Behaviorally, trust declined with increasing risk and with the risk × temptation interaction, owing to self-centered heuristics, while agency had no reliable effect. Neurally, risk was encoded in a decision-dependent manner: increasing risk in trust engaged the salience network (anterior mid-cingulate cortex), whereas in non-trust it recruited striato-motor circuits (putamen, motor cortex). Temptation, in interaction with risk, was represented independently of choice, expressed as increased activity in Calcarine but reduced activity in the medial prefrontal hub of the default mode network. Agency was distinguished neurally in the dorsomedial prefrontal cortex despite absent behavioral effects. Exploratory analyses showed that trust versus non-trust engaged distinct large-scale networks, with trust recruiting the central-executive and salience networks and non-trust the posterior default-mode network. These findings reveal distinct neural signatures for vulnerability, partner incentives, and partner agency in trust decisions, highlighting how self- and other-focused factors are encoded differently across large-scale brain networks."
464,"Neural oscillations play a critical role in shaping neuronal firing patterns. While phase-locked neuronal firing (""phase tuning"") has been extensively studied in animal models and human invasive recordings, much less is known about whether neurons show preferential firing at specific oscillatory frequencies, termed frequency tuning. Here, we employ human intracranial recordings across several brain regions including hippocampus, entorhinal cortex, anterior and posterior cingulate cortex, and orbitofrontal cortex to test the hypothesis that neurons exhibit frequency-specific firing. We analyzed 357 single units recorded simultaneously with local field potentials in 19 neurosurgical patients during awake resting. We estimated the instantaneous frequency of the LFP using adaptive spectral decomposition and assessed frequency tuning of each neuron while controlling for changes in firing rate unrelated to frequency changes. We found 27% of neurons exhibited increased or decreased firing within specific frequencies, most commonly within the low-frequency range (<10 Hz). Neurons exhibiting frequency tuning were distinct from those displaying phase tuning, and both types of tuning were observed across multiple brain regions with no anatomical preference. Together, our results demonstrate that the instantaneous frequency of neural oscillations modulates neuronal firing which may serve as an additional mechanism for information processing in the human brain, opening new avenues for frequency-targeted neural stimulation."
465,"Numerous studies have reported brain correlates of autonomic activity. However, ambiguity exists regarding whether those correlates reflect receiving or sending out autonomic signals. Additionally, little is known about how emotion and aging interact with brain-autonomic coordination. Based on time-varying heart rate variability (HRV) and blood oxygenation level dependent (BOLD) data (N = 104 younger; N = 51 older adults), we found insular and cingulate activity was negatively correlated with HRV during emotion regulation. We further examined the afferent and efferent nature of HRV-BOLD correlations during rest (N = 102 younger; N = 51 older adults). Functionally afferent regions where decreases in HRV were associated with subsequently increased BOLD activity included the posterior insula, postcentral gyrus and frontal pole. Functionally efferent regions where increased activity was associated with subsequently increased HRV included the anterior insula and cingulate. Information appeared to flow in one direction as the afferent regions' activity Granger-predicted the efferent regions' activity. Together, our findings suggest a feedback loop where decreased HRV increases the afferent regions' activity, which activates the efferent regions, leading to increased HRV. Aging seems to affect this system; the efferent and afferent regions scarcely overlapped for younger adults, but did overlap for older adults."
466,"Normal emotional experience depends on dynamic modulation of neural excitability across limbic and prefrontal circuits, yet the spectral markers that reflect these shifts in humans remain incompletely understood. In this study, we combined a validated video-based emotion induction paradigm with stereotactic electroencephalography (SEEG) in 31 patients with drug-resistant epilepsy to investigate how positive and negative affective states modulate oscillatory and aperiodic (asynchronous) neural activity. Using spectral parameterization to dissociate oscillatory power from the aperiodic 1/f component, we found that emotional valence robustly altered the aperiodic slope in a regionally specific manner: negative valence flattened the slope in thalamus, posterior insula, and posterior cingulate cortex, whereas positive valence produced flattening in dorsolateral prefrontal cortex. Simultaneous oscillatory changes included increased high-frequency activity and decreased alpha/beta power during negative affect, and reduced alpha power during positive affect, which were elucidated after adjusting for broadband aperiodic spectral shifts. These effects persisted after controlling for audiovisual stimulus or physiological features and were not evident in simultaneously recorded scalp EEG, underscoring their localization to intracranial sites. Together, these results provide the first direct evidence that active induction of emotional states modulates the aperiodic slope of human intracranial field potentials, reflecting valence-dependent shifts in local circuit excitability. The findings highlight the 1/f slope as a sensitive neural marker of affective brain states and for mood dysregulation."
467,"The proposed body-first and brain-first Parkinson's disease (PD) subtypes are classified based on the initial localization of α-synuclein inclusions. Emerging evidence indicates the copathology of α-synuclein and tau in PD. However, the topographical pattern of tau deposition and its difference between these two phenotypes remain unclear. This study aimed to describe the tau deposits via <sup>18</sup>F-Florzolotau PET/CT imaging in PD patients with the putative body-first and brain-first subtypes. A total of ten PD patients with presumed body-first subtypes (PDpRBD+), sixteen PD patients with presumed brain-first subtypes (PDpRBD-), and seventeen healthy controls (HCs) were enrolled. Clinical assessments and <sup>18</sup>F-Florzolotau PET imaging were conducted. <sup>18</sup>F-Florzolotau uptake was higher in the right precuneus and left posterior cingulate regions in the PDpRBD+ group than in the PDpRBD- group. Additionally, <sup>18</sup>F-Florzolotau uptake in the right limbic and paralimbic structures was inversely correlated with Mini-Mental State Examination (MMSE) scores in PD patients with the putative body-first subtype. Our preliminary findings demonstrated distinct <sup>18</sup>F-Florzolotau uptake patterns between the hypothesized PD subtypes. These results provide in vivo evidence of subtype-related differences in tau PET signals, suggesting potential heterogeneity beyond classical α-synuclein pathology, though further validation is warranted."
468,"Many individuals with Late Life Depression fail to respond to psychotherapy treatment. Understanding what factors affect treatment response is a critical step toward improving geriatric mental health care. The authors examined associations between baseline regional gray matter volume and depression symptom improvement following a structured psychotherapy intervention. Longitudinal observational study with pre- and post-intervention assessment. Outpatient clinical research setting. Older adults with major depression (N = 104, ages 65-91). Problem Solving Therapy. Structural Magnetic Resonance Imaging was acquired at baseline. Depression severity was evaluated at baseline and post-intervention. Logistic regression evaluated whether a composite score of gray matter regions encompassing affective and cognitive networks at baseline was associated with treatment response, controlling for age, sex, education, baseline depression severity, and intracranial volume. Exploratory logistic regression analyses evaluated associations between individual gray matter regions and treatment response. Greater composite gray matter volume at baseline was associated with a greater likelihood of significant depression symptom improvement (z = 2.05, OR = 2.27, p = 0.040). Exploratory analyses identified greater bilateral posterior cingulate cortex, left insula, left precuneus, left rostral anterior cingulate cortex, and right nucleus accumbens as significantly associated with better treatment response. Greater gray matter volume prior to therapy is associated with a greater likelihood of depression symptom improvement following psychotherapy. While several regions overlap with those shown to predict antidepressant treatment response (posterior cingulate cortex, precuneus, insula, and anterior cingulate cortex), others diverge (nucleus accumbens). Future work should evaluate nucleus accumbens volume as a potential biomarker of psychotherapy treatment response."
469,"Alzheimer's disease is defined by the abnormal accumulation of amyloid-β (Aβ) plaques and tau neurofibrillary tangles, the two hallmark proteinopathies detectable via molecular imaging. Aβ deposition typically begins in neocortical regions and is hypothesized to constitute a permissive condition for the subsequent spread of tau. Tau pathology is known to spread systematically through select brain regions, typically described as Braak stages (I-VI), reflecting the spatiotemporal trajectory of tau distribution with disease progression. Evaluating the associations between regional Aβ accumulation and the spatial distribution of tau remains an important question in understanding disease progression. This study examined the associations between regional Aβ and tau burden, measured by positron emission tomography (PET), in 192 participants without dementia (178 cognitively unimpaired, 14 with mild cognitive impairment [MCI],) in the Biomarkers of Cognitive Decline Among Normal Individuals (BIOCARD) cohort (age range: 32-88 years; mean age: 68 years; 58% female), of whom 52 were Aβ positive. Aβ burden was assessed using standardized uptake value ratios (SUVR) obtained from several cortical areas [the medial orbitofrontal cortex (OFC), lateral OFC, precuneus, posterior cingulate, anterior cingulate, parietal, temporal, and superior frontal regions], using 11C-PIB PET. Tau burden was quantified using 18F-MK6240 PET, within regions of interest defined as Braak stages I-VI. Elastic net regression was employed to delineate the association of regional Aβ burden and tau PET accumulation across Braak stages, covarying for age, sex, education, and apolipoprotein E (<i>APOE</i>) ɛ4 carrier status. Aβ burden in the medial OFC showed the strongest association with tau burden in Braak stages I-II. For Braak stage III, tau deposition was most strongly associated with Aβ burden in both the medial OFC and precuneus, while in later Braak stages (IV-V), the precuneus showed the strongest association with tau deposition. These region-specific associations remained robust in sensitivity analyses excluding participants with MCI, underscoring the consistency of these findings. Together, these results show regional differences in Aβ-tau associations, with medial OFC Aβ burden being strongly associated with early tau pathology accumulation, while precuneus Aβ burden is associated with tau in later stages. These findings suggest that localized amyloid burden measures may enhance early detection of clinically significant amyloid changes and show utility in understanding Aβ-tau dynamics."
470,"Narratives are central to human cognition, yet the brain mechanisms supporting coherent story construction remain incompletely understood. In this study, we used a well-controlled naturalistic paradigm to isolate the neural basis of narrative coherence. Participants watched a foreign-language film with either intact or scrambled English subtitles, disrupting narrative understanding while preserving auditory and visual input. Whole-brain functional connectivity multivariate pattern analysis (fc-MVPA) revealed significant differences between conditions in the ventromedial prefrontal cortex (vmPFC), posterior cingulate cortex (PCC), lateral prefrontal cortex, and right angular gyrus-regions spanning the default mode and frontoparietal control networks. Seed-based correlation analyses showed stronger vmPFC and PCC coupling with lateral temporal and frontoparietal regions during coherent narratives, supporting semantic and contextual integration. In contrast, incoherent narratives increased connectivity between the default mode and attention networks, consistent with elevated cognitive demands. Finally, we observed a functional dissociation within the DMN: vmPFC-PCC coupling was enhanced during incoherent viewing, while PCC-precuneus coupling was stronger during coherent narratives. These results highlight dynamic reconfiguration across large-scale brain networks in support of real-world narrative comprehension."
471,"Disrupted structural connectivity is recognized as a key pathophysiological feature of schizophrenia (SCZ). However, the relationship between cortical similarity network alterations and gene expression remains poorly understood. We applied the Morphometric INverse Divergence framework to T1-weighted MRI from 1,216 participants. Cortical similarity networks were constructed, and global and nodal metrics were computed. Case-control comparisons were performed using linear models. Partial least squares (PLS) regression identified genes associated with spatial patterns of network alterations using Allen Human Brain Atlas data. Among global metrics, only the rich-club coefficient differed between groups, with a negligible effect size. Nodal metrics showed reduced eigenvector centrality and k-coreness centrality in left temporal/insular (somatomotor), lateral occipital (visual), anterior cingulate (salience/ventral attention), and posterior cingulate (default mode) regions. Participation coefficient was widely reduced in SCZ. For each nodal metric, we identified PLS2-positive and PLS2-negative gene sets. Across degree, eigenvector centrality, and k-coreness centrality, PLS2-negative genes were enriched for metal ion transport, linked to manic and nonorganic psychosis, and upregulated in adolescence and early adulthood. PLS2-positive genes were enriched for neuron projection development and learning or memory, but not psychotic disorders. These findings highlight synaptic and neurodevelopmental mechanisms underlying structural dysconnectivity in SCZ."
472,"Subclinical rhythmic EEG discharges in adults (SREDA) is a very rare benign EEG pattern. We aimed to localize the electrical origin of SREDA using electrical source imaging (ESI), identify the mechanism responsible for SREDA and describe its characteristics. An electronic term search for SREDA was performed on all video EEG reports between January 2020-June 2024. Both typical and atypical SREDA patterns were included. The clinical details, EEG, and neuroimaging findings were noted. ESI was performed using classical LORETA analysis recursively (CLARA). On reviewing 10,574 EEG recordings, 13 subjects (0.1 %) with SREDA were identified. Six patients had typical patterns and seven had atypical patterns. The posterior cingulate and/or the lingual gyrus were found to be the most common electrical origin for typical SREDA. Additionally, ESI source localized to the hippocampus/anterior cingulate in atypical SREDA. One patient with obstructive sleep apnea (OSA) had SREDA correlating with the period of apnea/hypopnea during polysomnography. The posterior cingulate/lingual gyrus were found to be the most common electrical sources using ESI. The possible association between hypoxia and SREDA may warrant further study. Our paper electrically source localises SREDA, a field in which there is a paucity of literature. The occurrence of SREDA with apnea/hypopnea in a patient with OSA is a novel finding."
473,"Posttraumatic Stress Disorder (PTSD) is a highly prevalent condition, and current treatments have limitations. Vagal Nerve Stimulation (VNS) is a new approach that potentially has promise for PTSD. Understanding the neurobiology of treatment response is important for developing new treatments. The purpose of this study was to assess neural correlations of long-term transcutaneous cervical VNS (tcVNS) in patients with PTSD. Patients with PTSD underwent randomization to active tcVNS (<i>N</i> = 6) or sham stimulation (<i>N</i> = 5) twice daily for three months. High-Resolution Positron Emission Tomography scanning with radiolabeled water was used to measure brain blood flow measurements before and after treatment during exposure to personalized traumatic scripts paired with active or sham stimulation. Three months of active tcVNS resulted in activation in response to traumatic scripts in the sham stimulation group not seen in the tcVNS group in brain areas mediating the fear response, including posterior cingulate, thalamus, temporal and parietal cortex, and parahippocampal gyrus, with an increase in medial prefrontal cortex with tcVNS, in patients with PTSD. TcVNS affects brain areas mediating fear and emotion which may underlie a therapeutic effect for PTSD."
474,"Sensory gating - the brains ability to filter out repetitive sensory input - is essential for preventing sensory overload. Impaired gating is frequently observed in nociplastic and other chronic overlapping pain conditions, yet the specific brain regions supporting this inhibitory process in human remains unclear. Neuroimaging studies examining pain processing implicate the dorsal anterior insula (dAI), posterior insula (PI), and anterior mid-cingulate cortex (aMCC), but their deeper locations limit direct mechanistic testing using conventional non-invasive techniques. Here, we leveraged low-intensity focused ultrasound (LIFU), a novel non-invasive neuromodulation method with high depth-penetration and millimeter resolution, to examine the contributions of the dAI, PI, and aMCC to sensory gating of nociceptive stimuli. Twelve healthy adults completed four counterbalanced visits of a paired-pulse contact heat evoked potential (CHEP) paradigm while receiving LIFU targeted to each region or an active sham. Using surface electroencephalography (EEG), placed at site Cz, we quantified the peak-to-peak (P2P) amplitude of the cortical response to the first stimulus (S1), the second stimulus (S2), and used the ratio of the response to each stimulus (S2/S1 ratio) as an index of sensory gating. Subjective ratings of pain intensity to the second stimulus were also recorded. Results demonstrated that all subjects displayed sensory gating at baseline and that LIFU produced region-specific effects. Both PI and aMCC neuromodulation reduced subjective pain ratings and significantly decreased S2 amplitude relative to sham, whereas LIFU to AI had no effect. Critically, only PI neuromodulation enhanced sensory gating by reducing the S2/S1 ratio. These findings identify the PI as a key contributor to gating of repetitive nociceptive input and a promising neuromodulation target for remediating sensory gating deficits in nociplastic pain."
475,"Postoperative delirium is the most common postsurgical complication in older adults and is associated with an increased risk of long-term cognitive decline and Alzheimer's disease (AD) and related dementias (ADRD). However, the neurological basis of this increased risk-whether postoperative delirium unmasks latent preoperative pathology or leads to AD-relevant pathology after perioperative brain injury-remains unclear. To investigate potential brain microstructural abnormalities associated with postoperative delirium and cognitive function, we analyzed pre- and post-operative Neurite Orientation Dispersion and Density Imaging (NODDI) MRI data within the posterior cingulate cortex (PCC) from 110 patients aged ≥60 years who underwent non-cardiac/non-intracranial surgery. We found increased free water (FISO) and decreased neurite density index (NDI) and orientation dispersion index (ODI) in the dorsal PCC before surgery among those who later developed postoperative delirium (n = 12) versus those who did not (n = 98). Preoperative dorsal PCC NDI and ODI values were also positively associated with preoperative attention/concentration performance, independent of age, education level, and global brain atrophy (NDI: = 0.29 (95% CI, 0.10-0.50), P = .008; ODI: = 0.29 (95% CI, 0.03-0.44), P = .004). Yet, these diffusion metrics were not correlated with cerebrospinal fluid amyloid beta (Aβ) positivity or levels. These results suggest that preoperative latent brain abnormalities within the dorsal PCC may underlie attention/concentration deficits and susceptibility to postoperative delirium, yet these dorsal PCC NODDI abnormalities were not significantly associated with CSF Aβ levels (a measure of brain Amyloid deposition). Our findings highlight microstructural vulnerability within the PCC, a key region of the default mode network, as a neuroanatomic locus that can help explain the link between preoperative attention/concentration deficits and increased postoperative delirium risk among vulnerable older surgical patients."
476,"Humans spend considerable time contemplating the minds of others. But this ability is not limited to external agents-we also turn the lens for reading minds inward, reflecting on our own thoughts, emotions, and sense of self. Some processes involved in reasoning about minds may rely on shared mechanisms, while others may be specific to the agent under consideration. We developed a paradigm where participants performed either a mental state inference task or a control task targeting either another person presented onscreen or their own mind. Using fMRI and multi-voxel pattern analysis, we replicate a well-established self-other gradient along the medial prefrontal wall: ventral regions encoded mental state inference patterns for self, but not other, whereas more dorsal regions encoded mental state inference for both self and other, compared to control conditions. Posterior cingulate cortex, on the other hand, differentiated the target of mental state inference. Using a cross-classification analysis, we also found patterns in the dorsomedial prefrontal cortex, ventromedial prefrontal cortex, and right temporoparietal junction were sensitive to mental state reasoning, regardless of the target agent. Our findings reveal a functional hierarchy for mental state reasoning where certain areas support agent-specific reasoning and others support more abstract, agent-general reasoning."
477,"To evaluate markers of cerebral small vessel disease (SVD), cerebral blood flow (CBF), and white matter integrity in patients with subcortical ischemic vascular dementia (SIVD) using multimodal magnetic resonance imaging (MRI), and to analyze the impact of total SVD load on cerebral perfusion and white matter injury. Fifty SIVD patients who visited the Cognitive Disorders Clinic of Tianjin Medical University General Hospital between October 2017 and October 2022 were enrolled and underwent 3.0 T multimodal MRI examination. A total SVD load score was calculated based on the severity of white matter hyperintensities (WMH), lacunes, enlarged perivascular space (EPVS), and cerebral microbleeds (CMB). The patients were divided into a low total SVD load group (0-4 points, <i>n</i>=32) and a high total SVD load group (5-6 points, <i>n</i>=18). CBF and white matter integrity were assessed using arterial spin labeling (ASL) and diffusion tensor imaging (DTI), respectively. Independent-sample <i>t</i>-test and χ<sup>2</sup> test were used for intergroup comparison. Binary logistic regression model was adopted to analyze the correlation of various imaging markers with CBF and DTI parameters in all subjects. Compared with the low total SVD load group, the high total SVD load group exhibited reduced CBF in the right cerebellar posterior lobe and tonsil [(45.7±14.9) vs (59.6±12.5) ml·(100 g)<sup>-1</sup>·min<sup>-1</sup>, <i>t</i>=3.52, <i>P</i><0.01], left superior frontal gyrus [(22.2±6.3) vs (26.8±6.0) ml·(100 g)<sup>-1</sup>·min<sup>-1</sup>, <i>t</i>=2.55, <i>P</i>=0.01], left middle frontal gyrus [(50.6±15.8) vs (60.5±14.8) ml·(100 g)<sup>-1</sup>·min<sup>-1</sup>, <i>t</i>=2.22, <i>P</i>=0.03], and right middle frontal gyrus [(58.7±16.1) vs (67.7±12.7) ml·(100 g)<sup>-1</sup>·min<sup>-1</sup>, <i>t</i>=2.18, <i>P</i>=0.04]. Decreased fractional anisotropy values (all <i>P</i><0.05) and increased mean diffusivity values (all <i>P</i><0.05) were observed in multiple white matter regions, including the corpus callosum, right cerebral peduncle, bilateral internal capsules, bilateral anterior corona radiata, bilateral posterior corona radiata, bilateral posterior thalamic radiation, bilateral cingulate gyri, and bilateral frontoparietal superior fasciculi. Meanshile, reduced CBF and impaired white matter integrity in these brain regions were correlated with scores of individual SVD markers and the total SVD load score (all <i>P</i><0.05). The total SVD load is closely associated with decreased cerebral perfusion and impaired white matter integrity in SIVD patients, which is an important pathological mechanism underlying brain dysfunction."
478,"Dysfunctional emotion regulation (ER) strategies may represent a promising treatment target for heroin use disorder (HUD). The therapeutic potential of transcranial magnetic stimulation to improve ER in HUD remains to be evaluated. The present randomized sham-controlled pre-registered clinical trial determined the therapeutic efficacy of intermittent theta-burst transcranial magnetic stimulation (iTBS) over the left dorsolateral prefrontal cortex (DLPFC) for 10 days in 39 HUD patients (21 real iTBS; 18 sham). The ER performance-associated electroencephalographic indices obtained by event-related potential, time-frequency, source localization, and connectivity analysis techniques served as outcomes and were assessed pre- and post-intervention, and one month later, follow-up for the real iTBS group. Compared to the sham iTBS group, the intervention group exhibited significantly more positive difference waves (DW) at 400-600 ms, which was significantly related to reduced craving. The real iTBS group specifically showed changes over the intervention, with enhanced event-related synchronization in the delta/theta band during viewing neutral pictures and expressing suppression of unpleasant pictures (US); lower activation in the left supramarginal gyrus and right posterior cingulate cortex (PCC) in the above conditions, separately; and lower connectivity between left DLPFC and right PCC under the US condition. During 1000-1200 ms, their DW amplitudes at the follow-up period were significantly more negative than baseline. The iTBS can improve the ER ability of HUD patients to use ER strategies, particularly expressive suppression, which are maintained following the intervention. Improved ER capability is associated with reduced craving, which may involve alterations in frontal-limbic connectivity."
479,"Brain activation associated with deficits in fear learning and memory contributes to chronic posttraumatic stress disorder (PTSD), but whether brain activation contributes to PTSD development over early post-trauma periods remains unclear. To provide insight into this issue, the present study longitudinally assessed brain activation to fear acquisition, extinction, and recall tasks during the initial weeks to one year after a traumatic event in survivors who did and did not develop PTSD. Compared to survivors free of PTSD, PTSD survivors had greater activation during fear acquisition tasks in the left dorsolateral and ventrolateral prefrontal cortices (dlPFC and vlPFC), left insula cortex, and right posterior cingulate (PCC) and precuneus cortices at early post-trauma weeks. PTSD survivors also had reduced activation during fear extinction in the right premotor cortex, and greater activation during recall of extinguished fear in the left vlPFC, at early post-trauma weeks. Early post-trauma elevated extinction recall activation in vlPFC and fear acquisition activation in vlPFC and PCC/precuneus may relate to the development of negative alterations of mood and cognition and other symptoms at a year post-trauma across survivors with and without PTSD. Over the subsequent post trauma year, PTSD survivors developed: (1) decreased activation in left vlPFC and ventromedial prefrontal cortex (vmPFC) during fear acquisition, (2) decreased activation in vmPFC associated with acquisition of the safe cue, and (3) increased activation in right sensorimotor cortex during recall of unextinguished fear compared to survivors without PTSD. Changes over time in right sensorimotor cortical activation that were associated with progression of PTSD symptoms were seen in all survivors over the post trauma year. The findings suggest that both early and more progressive alterations in brain activation that associate with fear learning and memory contribute to development of PTSD."
480,"BackgroundDepressive symptoms frequently co-occur with cognitive impairment in older adults. Although depression and cognition interact in brain activity, the underlying functional connectivity mechanisms in mild cognitive impairment (MCI) remains unclear.ObjectiveTo investigate how depressive symptoms modulate the relationship between cognition and amygdala/hippocampus functional connectivity in MCI.MethodsThis study included 138 participants (45 healthy controls and 93 MCI patients) who underwent resting state functional magnetic resonance imaging (rs-fMRI) and neuropsychological assessment using the Montreal Cognitive Assessment-Basic (MoCA-B) for cognitive function and Hamilton Depression Rating Scale (HAMD) for depressive symptoms. Seed-based functional connectivity analysis was performed using bilateral amygdala and hippocampus as seed regions to quantify the HAMD × MoCA-B non-monotonic interactions on whole-brain connectivity. Simple slopes analyses were conducted to characterize directionality changes across depression severity levels.ResultsWhole-brain analyses revealed significant HAMD × MoCA-B interaction effects (cluster p value < 0.05, voxel p value < 0.01, GRF corrected) demonstrating symptom-dependent reorganization of cognition-FC relationships. Amygdala connectivity decreased to anterior/middle cingulate and precuneus but increased to triangular part of inferior frontal gyrus (IFGtri), medial superior frontal gyrus, and cerebellar lobule IX. Hippocampal connectivity decreased to cuneus, insula, thalamus, and caudate but increased to opercular part of inferior frontal gyrus (IFGop), orbitofrontal cortex, and cerebellar lobule VIII.ConclusionDepressive symptoms alter amygdala and hippocampal FC relationships with cognition in MCI. Depression-dependent hippocampal/amygdala connectivity changes with the frontoparietal network (FPN-A)-particularly IFGop/IFGtri and cerebellum-suggest their role as critical hubs for emotional-cognitive integration, highlighting them as potential neuromodulation targets for cognitive and depressive symptoms in MCI."
481,"Functional Neurological Disorder (FND) is increasingly understood as a disorder of brain functioning rather than structural damage. While contemporary predictive coding models have provided important insights into the generation of functional symptoms, they offer limited explanations for vulnerability, developmental risk, and the striking association between FND and adverse life experiences. A substantial body of evidence indicates that early-life stress, trauma, and chronic adversity are overrepresented in individuals with FND and are associated with enduring neurobiological alterations in brain systems central to emotional processing, interoception, and motor control. In this paper, we propose that stress-related neuroplasticity constitutes a key developmental substrate that predisposes the brain to maladaptive learning processes, increasing the likelihood that salient bodily states become rigidly encoded and persist as functional symptoms. We review evidence linking trauma exposure to long-lasting changes in limbic, paralimbic, and sensorimotor circuits implicated in FND, including the amygdala, anterior cingulate cortex, insula, orbitofrontal cortex, and supplementary motor areas. We further examine autonomic and neuroendocrine abnormalities and gender-related biological factors that may amplify these effects. We argue that these convergent findings support a model in which FND emerges from excessive, stress-biased neuroplasticity that promotes overlearning of bodily predictions, rather than from a primary failure of belief updating. This framework provides a coherent account of vulnerability, symptom persistence, and heterogeneity in FND, and offers a biologically grounded bridge between developmental risk factors and contemporary computational models of functional symptoms."
482,"Frontotemporal dementia (FTD) and primary progressive aphasia (PPA) are complex, partially overlapping neurodegenerative syndromes primarily affecting the frontal and temporal lobes, resulting in deficits in behaviour, executive function and language. FTD is among the leading causes of early-onset dementia and has several subtypes, including behavioural-variant FTD (bvFTD) and PPA. PPA is subdivided into three main variants: non-fluent variant PPA (nfvPPA), semantic variant PPA (svPPA)/semantic dementia (SD) and logopenic variant PPA (lvPPA), each characterized by distinct language and cognitive impairments. Although these syndromes are clinically distinguishable, overlapping cognitive, behavioural and neuroanatomical features are common. To provide a comprehensive quantitative synthesis of the associated neuroimaging findings for each subgroup, we conducted an activation likelihood estimation (ALE) meta-analysis of structural and functional neuroimaging studies across bvFTD and the major PPA syndromes. The analysis included coordinate-based data from 114 studies comprising 8057 patients. Across syndromes, patients showed widespread brain abnormalities relative to healthy controls, involving frontal, temporal and parietal cortices as well as subcortical and limbic regions, including the basal ganglia and thalamus. Each FTD subtype demonstrated distinct, yet partially overlapping, patterns of degeneration. bvFTD showed prominent degeneration in the frontal and medial temporal lobes, insula, cingulate cortex and limbic system, consistent with impairments in social cognition and disinhibition. svPPA/SD exhibited focal atrophy in the anterior temporal lobes, disrupting the semantic network and impairing semantic processing. nfvPPA was associated with degeneration in the speech production network, particularly the insula and inferior frontal gyrus. lvPPA displayed left-lateralized abnormalities in the posterior temporal and inferior parietal lobes, affecting language function. In addition to these prototypical patterns, overlapping regions were observed between specific syndromes, including shared involvement of anterior temporal and limbic regions in bvFTD and svPPA/SD, frontal-insular regions in bvFTD and nfvPPA and lateral temporal regions in svPPA/SD and lvPPA. Together, these findings provide a robust synthesis of distinct and overlapping neuroanatomical alterations across FTD and PPA syndromes, clarifying how syndrome-specific and shared patterns of degeneration may contribute to clinical heterogeneity."
483,"Misophonia is a poorly understood clinical condition characterized by reduced tolerance to select trigger sounds. Whether misophonic distress and its regulation involve unique neural mechanisms compared to other forms of emotion dysregulation remains unclear. We used functional magnetic resonance imaging (fMRI) to identify putative neural signatures of misophonic reactivity and regulation compared to a transdiagnostic clinical control group. Twenty-nine adults with misophonia and 30 with high emotional dysregulation and a DSM-5 psychiatric disorder underwent an fMRI session. After the presentation of misophonic, aversive, or neutral sound cues, they either experienced emotions naturally or reduced negative affect through cognitive reappraisal. Compared to controls, participants with misophonia showed greater distress after listening to or downregulating misophonic sounds and lower distress when listening to non-misophonic aversive sounds. Listening to misophonic sounds elicited lower functional connectivity between the right insula and the left dorsomedial prefrontal cortex (dmPFC), and between the left insula and the right superior temporal sulcus, in the misophonia group compared with controls. During the regulation of misophonic sounds, the misophonia group showed increased left insula connectivity with the anterior cingulate cortex and increased right insula connectivity with the bilateral dmPFC and other sensorimotor regions compared to controls. In the misophonia group only, higher emotion dysregulation and lower habitual use of reappraisal were respectively associated with increased insula-dmPFC connectivity and with increased insula connectivity with the dorsolateral prefrontal cortex. Prefrontal cortex activation during regulation of misophonic distress was not significantly different between the two groups. Insula activity and connectivity may be key features that distinguish misophonia from other forms of emotional dysregulation. These novel findings identify candidate neural processes that may be selectively associated with misophonia, as well as processes that may be shared between misophonia and other forms of emotion dysregulation."
484,"Humans form selective and enduring pair bonds with romantic partners, a principal feature of human sociality. Neuroimaging studies have shown that romantic partners are differentially represented from other individuals in the nucleus accumbens (NAcc) and anterior insula (aINS) and that the specificity of partner representations in the NAcc diminishes as relationships mature. However, it remains unclear whether such differentiation reflects partner-specific coding or mere differences in familiarity with others and whether these regions play different roles in romantic bonding. To address these questions, we applied multiple regression representational similarity analysis to fMRI data from 51 heterosexual male participants in early romantic relationships. The data were acquired during a social incentive delay task, in which participants anticipated social approval from their female romantic partner, a female friend, or an unfamiliar female individual. This approach allowed us to dissociate partner-specific representations from familiarity-related effects in the NAcc and aINS. We found that both regions exhibited partner-specific representations that could not be explained by familiarity. Consistent with previous findings, partner specificity in the NAcc was negatively associated with relationship duration, indicating that partner-specific coding in this region is established early in romantic relationships and diminishes as relationships progress. Moreover, greater partner specificity in the aINS was associated with more frequent intrusive thoughts about the partner. Together, these findings demonstrate that romantic partners are represented in the NAcc and aINS in a qualitatively distinct manner from other individuals, and that these regions support dissociable aspects of romantic bonding."
485,"Borderline personality disorder (BPD) is a chronic mental health condition associated with marked elevations in disability. Limited pharmacological treatment options are currently available, and kappa opioid receptors (KOR) have been identified as a promising treatment target. However, the KOR system has not yet been directly examined in BPD. This study examined KOR in individuals with BPD and investigated links between KOR and BPD's clinical features. Twenty individuals with BPD and 20 demographically matched healthy control (HC) volunteer participants were scanned with [<sup>11</sup>C]EKAP positron emission tomography (PET) and completed self-report and interview measures. KOR availability (volume of distribution; V<sub>T</sub>) was measured in brain regions of interest (ROIs) relevant to the pathophysiology of BPD. No differences in age or sex were observed between HCs (Mean age: 32.94; SD=8.45; 60% female), and individuals with BPD (Mean age: 33.30; SD=9.34; 60% female). In individuals with BPD, KOR V<sub>T</sub> was significantly lower in the amygdala (M<sub>diff</sub>=-8.04; 95% CI[11.40; -4.69]), anterior cingulate (M<sub>diff</sub>=-2.95; 95% CI [-5.22; -0.68]), hippocampus (M<sub>diff</sub>=-2.12; 95% CI [-3.37; -0.88]), insula (M<sub>diff</sub>=-3.58; .95% CI[-5.71; -1.46]), and frontal ROIs (M<sub>diff</sub>=-1.83; 95% CI[-3.28; -0.38]). V<sub>T</sub> correlated negatively with specific clinical features including impulsivity (r(28)=-.45 p=.013, 95% CI[-.72; -.11]) and depressive symptoms (r(28)=-.43, p=.021, 95% CI[-.70, -.07]), but not trauma symptoms. Findings demonstrate differences in KOR availability in BPD and relationships between KOR availability and clinically relevant features. Results highlight the relevance of KOR in BPD pathophysiology and further implicate the opioid system as a promising target for treatment development in BPD."
486,"Meaning in life (MIL) has been reliably linked to healthier aging, lower disease risk, and reduced mortality across large epidemiologic cohorts, yet the biological processes that accompany these associations remain poorly characterized. This Review synthesizes evidence across five systems-genomic, neurobiological, endocrine, autonomic, and inflammatory-to clarify how MIL aligns with patterns of biological functioning. Genomic studies suggest modest heritability and preliminary neural relevance, though specific molecular pathways remain uncertain. Neuroimaging findings indicate that MIL corresponds to features of large-scale network organization, particularly within the insula, default mode network, and limbic circuitry. Endocrine and autonomic studies report associations between MIL and cortisol rhythms, stress recovery, and patterns of sympathetic and parasympathetic activity. Inflammation-related research provides the most consistent evidence, with higher MIL associated with lower chronic inflammatory markers and, in limited cases, indicators of more effective immune functioning. Together, these findings indicate that MIL has been associated with variation in biological markers across multiple systems. Nevertheless, most evidence is cross-sectional, and directionality remains unresolved. Future work using longitudinal, experimental, and intervention-based designs will be essential for determining when, how, and under what conditions MIL is reflected in biological processes."
487,"The insular cortex (IC) is part of brain networks involved in physiological responses to stressful events. However, the local neurochemical mechanisms involved in the processing of stress responses by IC are still poorly understood. Thus, we investigated the involvement of nitrergic neurotransmission within the IC acting via neuronal isoform of nitric oxide synthase (nNOS), as well as its primary downstream target, soluble guanylate cyclase (sGC), in physiological responses during acute restraint stress, with a particular emphasis on cardiovascular and autonomic responses. For this, the selective nNOS inhibitor N(ω)propyl-L-arginine hydrochloride (NPLA, 0.04 nmol/100 nL), the NO scavenger carboxy-PTIO (1 nmol/100 nL) or the selective sGC inhibitor ODQ (1 nmol/100 nL) were bilaterally microinjected into the IC before restraint stress. We observed that the pressor and tachycardic responses to restraint were enhanced in animals treated with either NPLA, carboxy-PTIO or ODQ in the IC. Increase in circulating corticosterone during restraint was reduced in animals that received NPLA or carboxy-PTIO microinjections, but ODQ did not affect this neuroendocrine effect. Restraint-evoked drop in tail skin temperature was not affected by any of the IC pharmacological treatments. Overall, our findings provide evidence of an inhibitory influence of IC nNOS/sGC pathway in cardiovascular responses to restraint stress, whereas nNOS present within the IC is involved in corticosterone release into the circulation through sGC-independent mechanisms."
488,"Descending cortical control plays a critical role in shaping neuropathic pain. However, how specific circuits within the insular cortex (IC), a critical cortical hub that integrates the sensory and affective dimensions of pain, contribute to this process remains poorly understood. Here, we show that posterior IC glutamatergic (pICGlu) neurons are selectively and contralaterally activated in a chronic constriction injury (CCI) model and bidirectionally regulate pain sensitivity, whereas anterior IC glutamatergic (aICGlu) neurons preferentially mediate CCI-induced anxiety-like behaviors. Circuit mapping revealed that pICGlu neurons project to rostral ventromedial medulla GABAergic (RVMGABA) neurons, particularly a Slc32a1+/Penk- subpopulation, which in turn innervate spinal dorsal horn GABAergic (DHGABA) interneurons. Consistent with this organization, pathway-specific manipulations demonstrated that activation of the pIC-RVM-DH circuit enhances nociceptive hypersensitivity, whereas its inhibition alleviates CCI-induced allodynia. Together, these findings identify a previously uncharacterized pICGlu-RVMGABA-DHGABA circuit that mediates the sensory dimension of neuropathic pain and provides a circuit-level framework for descending cortical control of pain hypersensitivity."
489,"This study examined cortical thickness and appetite-regulating hormones-neuropeptide Y (NPY) and ghrelin-to better understand the neurobiological mechanisms underlying binge eating disorder (BED) and obesity in adolescence. We compared adolescents with BED and obesity, adolescents with obesity without BED, and healthy controls (HCs), and explored the relationships among these measures, BMI, and psychological symptoms. Seventy adolescents (aged 12-18 years) were included: 24 adolescents with BED and obesity, 24 adolescents with obesity without BED, and 22 HC. Cortical thickness was measured using 3.0 T structural MRI with FreeSurfer-based analysis, and fasting serum levels of NPY and ghrelin were quantified by ELISA. Participants also completed the Eating Attitudes Test-40 (EAT-40), the Eating Disorder Examination Questionnaire (EDE-Q), the Children's Depression Inventory (CDI), and the State-Trait Anxiety Inventory for Children (STAI-C). Both groups with obesity showed significantly elevated NPY levels compared to HCs (p < 0.001), with no difference between adolescents with and without BED; fasting total ghrelin levels did not differ across groups. Adolescents with BED exhibited reduced cortical thickness in the right posterior cingulate cortex relative to both comparison groups (p = 0.002), while left posterior cingulate thinning was observed in both groups with obesity versus HCs (p = 0.004). No significant group differences were found in insular or anterior cingulate thickness. Both groups with obesity showed greater depressive symptoms, disordered eating attitudes, and eating-related psychopathology than HCs. In multiple regression analyses adjusted for diagnostic group membership, higher BMI (β = 0.47, p < 0.001) and lower left insular cortical thickness (β = -0.45, p = 0.031) were independently associated with elevated NPY levels. Findings suggest that elevated NPY levels may represent a shared neurobiological feature of adolescent obesity, whereas reduced right posterior cingulate cortical thickness may be more specifically associated with the diagnosis of BED. These findings contribute to understanding the neurobiological correlates of disordered eating behaviors during adolescence."
490,"Humans and other animals are driven to acquire information about opportunities in their environments, yet how they evaluate what is worth learning remains unclear. Here we combine artificial neural networks with symbolic regression to extract an expressive yet interpretable model that specifies how human participants evaluate decision-relevant information during choice. The recovered function depends primarily on the relative evidence accumulated across options rather than absolute uncertainty about each, revealing that participants seek information symmetry across alternatives rather than minimizing uncertainty option by option. This account outperforms standard models of uncertainty-based exploration and generalizes to an independent dataset. Using ultrahigh-field (7T) functional magnetic resonance imaging optimized for midbrain and brainstem, we simultaneously measured activity across five neuromodulatory nuclei and two cortical regions. Ventral tegmental area activity showed opposed coding of information and selection values, a pattern suited to arbitrating between sampling and choosing, and anterior cingulate cortex and anterior insula tracked value-of-information computations."
491,"One major hallmark of alcohol use disorder (AUD) is the persistence of drinking despite negative consequences. Among indicators of AUD vulnerability, binge drinking has been identified as one of the strongest risk factors. Although the lifetime prevalence of both binge drinking and AUD has historically been higher in men than women, this gap has dramatically narrowed in the last decade. Additionally, sex differences in AUD and binge drinking have been found in clinical and preclinical studies. At the neurobiological level, the insular cortex plays an important role in AUD, with the anterior (aIC) and posterior (pIC) divisions supporting different functions. However, the contributions of the aIC and pIC sections in sexual dimorphism of alcohol binge drinking and the persistence of alcohol drinking despite aversion remain to be uncovered. Using the drinking in the dark model in mice, we validated that female mice have a higher binge ethanol intake compared to males. To evaluate persistent ethanol consumption despite aversion, we supplemented ethanol with the bitter compound quinine, and found a higher persistent drinking in females compared to males. Using fiber photometry recordings, we revealed that aIC activity was increased during binge and persistent ethanol consumption independently of sex, whereas pIC glutamatergic neuron activity was higher during persistent ethanol drinking, specifically in female mice. Using chemogenetics, we revealed that inhibition of aIC glutamatergic neurons reduced intake of bitter solutions independently of the solvent (ethanol or water) in both sexes. In addition, inhibition of pIC glutamatergic neurons exclusively reduced persistent ethanol drinking in females, while decreasing quinine consumption only in males. These findings suggest a sex-dependent function of the pIC in the persistence of ethanol consumption, providing a starting point in understanding sex-specific functions of the insular cortex in the neurobiology of AUD."
492,"A growing body of research highlights the fear extinction model as a key framework for understanding the pathology of anxiety disorders and developing therapeutic interventions. Functional imaging studies link successful extinction recall and reduced amygdala reactivity with ventromedial prefrontal cortex (vmPFC) activity, while dysfunctional vmPFC activity is associated with anxiety pathology. Enhancing vmPFC activity through transcranial direct current stimulation (tDCS) has thus emerged as a promising approach to augment cognitive behavioral therapy (CBT) and therapeutic exposure therapies for anxiety disorders. In this study, anodal tDCS was applied over the vmPFC during the extinction learning phase of a 3-day fear acquisition/extinction paradigm (anodal tDCS: 21, sham tDCS: 23 participants). Skin conductance response (SCR) and Blood Oxygenation Level Dependent (BOLD) brain activity were recorded simultaneously. Healthy participants who received real tDCS showed significantly improved extinction recall compared to the sham tDCS group, as indicated by the SCR. Fear acquisition activated core regions of the fear network, including the anterior cingulate cortex, amygdala, orbitofrontal cortex, and insular cortex. During extinction learning, real tDCS activated both fear and safety networks (particularly the posterior cingulate and middle temporal cortex) during early extinction, while the sham tDCS group showed activity only in the fear network. Furthermore, a decoupling of the vmPFC with fear network regions with real tDCS during extinction was observed, indicating strengthened inhibitory control. These findings suggest that anodal tDCS over the vmPFC promotes early activation of the safety network, enhancing extinction learning and consolidation. This suggests its translational potential as an adjunctive intervention for anxiety disorders."
493,"In humans and nonhuman primates, the anterior cingulate cortex (ACC) is an interface between ""interoceptive"" and ""exteroceptive"" domains. The ACC contains discrete subdivisions that are distinct in cytoarchitecture, connectivity, and function. The subgenual ACC (sgACC) is a key area for arousal state modulation. Importantly, the sgACC is dysregulated in major depression and a target for neuromodulation therapies, including deep brain stimulation. In contrast, the perigenual ACC (pgACC) is important for cognitive functions, including social decision-making. Understanding the major sources of afferent input to the sgACC and pgACC is essential for elucidating functional modulation, including in major depression. We took a mesoscopic, 'connectomic' approach to examine the balance of projections to ACC subdivisions from two sources of glutamatergic input: the prefrontal cortex (PFC) and insula, and the thalamus (n=6 macaques). Using retrograde tracer injections into ACC subdivisions in male macaques, and unbiased statistical clustering, we revealed that the ACC subdivisions are under the influence of strikingly different ""heavily-weighted"" (HW) inputs from PFC and thalamus. Only one cortical region, area 10m, has HW projections to both sgACC and pgACC, suggesting an integrative role. Additionally, the pgACC sends ""top-down"" inputs to the sgACC, without significant ""bottom-up"" return input. Finally, ACC and thalamus-ACC circuits are hierarchically organized, governed by cortical granularity and thalamo-cortical connectivity. Agranular cortices and their associated thalamic nuclei formed most inputs to the sgACC. In contrast, pgACC receives a balanced set of afferents from agranular, dysgranular, and granular cortices, coupled with inputs from broader thalamic regions associated with these cortices.<b>Significance statement</b> The ACC contains discrete subdivisions based on cytoarchitecture and connectivity, which serve unique functional roles. The sgACC and pgACC subdivisions receive many similar inputs based on neuroimaging work. Here, we leverage higher resolution retrograde tract-tracing in macaques to examine the relative weights and relationships of multiple cortical and thalamic afferents to each region. Using unbiased analyses of labeled cells, we conclude that the balance of afferent inputs shifts from a connectome dominated by agranular cortices and their thalamic partners in sgACC, to a more balanced afferent connectome in pgACC, represented by agranular, dysgranular, and granular cortices and their broader thalamic partners. These results facilitate interpretation of functional studies, and bridge understanding of the connectional basis of psychiatric disorders."
494,"Cognitive control is believed to arise from task-dependent interactions among networks of brain regions. Although several debilitating neuropsychiatric disorders are characterized by cognitive network dysfunction, the neural circuit mechanisms supporting task-dependent network activity are largely unknown. External and internal task demands elicit opposing responses from key cognitive networks, and claustrum projections target regions associated with both network states. We tested if claustrum supports task-dependent network activity in humans using fMRI during tasks with externally and internally driven demands: working memory (n = 420) and autobiographical memory (n = 35). Claustrum activity increased in both tasks. Claustrum exhibited anatomical connectivity with regions representing all implicated networks, and claustrum effective connectivity suggested an excitatory influence on regions in multiple task-associated networks. Task response and connectivity measures differed between the claustrum and regions prominently implicated in directing network states-the anterior insula and pulvinar. These findings establish a role for the claustrum in supporting task-dependent network states subserving cognitive control."
495,"The opercular cortex is the part of the brain that overlies the insula and is the prolongation of the frontal, parietal, and temporal lobes in the lateral fissure. Over the years, this region has undergone multiple parcellations, and updated, multimodal, large-scale brain atlases highlight up to 16 subregions organized within the frontal, parietal, and temporal opercula. Using complementary methods for brain mapping-such as functional neuroimaging, source connectivity on scalp EEG or magnetoencephalography signals, and effective connectivity measures based on intracranial EEG recordings and cortico-cortical evoked potentials-several connectivity patterns have been identified. The main bidirectional opercular connections are with the insular cortex. The anterior insula is preferentially connected with the temporal and frontal operculum (OpF), whereas the posterior insula is connected to all opercular subdivisions. All three opercular subdivisions are interconnected. The OpF is functionally connected to the cingulate cortex consistent with a role in salience processing and to the temporal basal, temporal neocortex, premotor, and primary sensorimotor regions implicated in language processing. The parietal operculum is functionally connected with the premotor-motor and parietal regions for sensorimotor and vestibular processing. Finally, the temporal operculum is functionally connected with the temporal basal, temporal pole, mesial temporal structures, and parietal cortex supporting auditory, vestibular, and language processing."
496,"Operculoinsular epilepsy presents diagnostic and surgical challenges due to the complex anatomy of the opercula, the underlying insula, and their intimate relationships with major vascular and subcortical white matter tracts. Comprehensive evaluation relies on detailed seizure semiology, high-resolution structural and functional neuroimaging, and invasive monitoring (namely, stereoelectroencephalography) to distinguish opercular from insular seizure onset and identify suitable surgical candidates. Advances in invasive recording capabilities, intraoperative mapping, microneurosurgical techniques, and laser ablative technologies have expanded access to epileptogenic networks in this region, improving the safety and precision of operative approaches for the treatment of epilepsy. This review outlines the relevant surgical anatomy of the frontal, parietal, and temporal opercula and deeply-situated insula, emphasizing the need for meticulous preoperative planning and accurate intraoperative recognition of anatomical landmarks. We describe resective strategies (including transsylvian and transopercular approaches), tailored to epileptogenic localization while minimizing risk to critical vasculature and eloquent cortex. Intraoperative electrocorticography, functional mapping, and neurophysiological monitoring further refine surgical margins and help mitigate postoperative deficits. We also highlight stereotactic laser interstitial thermal therapy as a minimally invasive alternative for well-defined epileptogenic zones, particularly in the dominant hemisphere or deep opercular tissue, offering reduced morbidity and shorter hospitalization. Reported seizure-freedom rates following resective operculoinsular epilepsy surgery are 60% to 70%, and around 50% with laser interstitial thermal therapy, with relatively safe complication profiles. Ultimately, a thorough understanding of anatomy, careful patient selection, and judicious use of adjunctive mapping technologies are essential to achieving optimal seizure outcomes in the safe surgical management of operculoinsular epilepsy."
497,"Insulo-opercular epilepsies are rare, and pure opercular epilepsies are even rarer in the field of epilepsy surgery. They represent a complex form of focal epilepsy, often associated with noninformative MRI findings and, in some cases, extensive epileptogenic networks. In this context, stereoelectroencephalography (SEEG) is a critical tool for precise characterization of the epileptogenic zone (EZ) and for guiding surgical treatment; in selected cases, it may also serve as a therapeutic intervention through radiofrequency thermocoagulation (RFTC). The insulo-opercular region exhibits intricate intra- and extraregional structural and functional connectivity, requiring individualized implantation strategies. SEEG implantation combining orthogonal electrodes sampling different opercular areas with oblique electrodes targeting the insula enables comprehensive coverage of the epileptogenic network. Hypothesis-driven, patient-specific SEEG implantation-integrating detailed anatomical, functional, and semiological considerations-is essential for the evaluation and treatment of pure opercular and insulo-opercular epilepsies. Strategically tailored coverage not only enhances diagnostic accuracy but also enables targeted therapeutic interventions, ultimately improving surgical outcomes while minimizing postoperative risks."
498,"Recent studies have reported regional brain structural alterations in patients with chronic prostatitis/chronic pelvic pain syndrome (CP/CPPS). However, patterns of cortical thickness (CT) changes and the topological organization of structural covariance networks (SCNs) in CP/CPPS remain insufficiently understood. This study aimed to investigate CT alterations and SCN organization in CP/CPPS using structural magnetic resonance imaging and graph theoretical analysis. A total of 31 patients with CP/CPPS and 28 healthy controls (HCs) were included. All participants underwent three-dimensional T1-weighted magnetic resonance imaging. Cortical thickness was estimated based on the Destrieux atlas. CT-based SCNs were constructed using the Brain Connectivity Toolbox, and between-group differences in network topology were assessed using graph theoretical analysis. Compared with HCs, patients with CP/CPPS exhibited regional cortical thickness alterations, including cortical thinning in the left planum temporale, left inferior frontal sulcus, left inferior part of the precentral sulcus, left subparietal sulcus, right lingual gyrus, right planum temporale, and right superior occipital sulcus and transverse occipital sulcus, as well as cortical thickening in the left superior frontal gyrus, left inferior temporal sulcus, and right short insular gyrus. Within patients, cortical thickness of the left subparietal sulcus was negatively correlated with PCS helplessness scores, whereas cortical thickness of the right short insular gyrus was positively correlated with NIH-CPSI quality of life impact scores. At the network level, CP/CPPS patients showed higher clustering coefficient (C<sub>p</sub>), longer characteristic path length (L<sub>p</sub>), and lower global efficiency (E<sub>global</sub>), suggesting increased network segregation and reduced integration. No significant differences were observed in local network metrics after correction for multiple comparisons; however, exploratory analyses (<i>p</i> < 0.01, uncorrected) suggested increased nodal degree in the left middle frontal gyrus and decreased nodal metrics in occipital regions. CP/CPPS may be associated with multi-level structural brain alterations, including regional cortical thickness changes and altered structural covariance network organization. These findings support the involvement of central nervous system structural abnormalities in CP/CPPS and provide preliminary insights into its neurobiological basis."
499,"Autism spectrum disorder (ASD) is a heterogeneous neurodevelopmental condition characterized by complex interactions among genetic, environmental, and biological factors. Increasing evidence suggests that immune system processes intersect with neurodevelopment in ways that may influence brain maturation, synaptic organization, and large-scale network function. However, existing literature is often fragmented across molecular, cellular, and systems levels, limiting the development of a coherent interpretive framework. In this review, we propose a developmental neuroimmune cascade model of ASD, in which early-life immune perturbations, arising from prenatal or perinatal factors, may interact with genetic susceptibility to influence cytokine signaling, microglial function, blood-brain barrier dynamics, and gut-immune communication. These processes may, in turn, affect synaptic pruning, excitatory-inhibitory balance, and the maturation of neural circuits, contributing to alterations in large-scale brain networks implicated in sensory processing, interoception, and social cognition. We synthesize evidence from observational human studies, postmortem analyses, and experimental animal models to examine how immune-related mechanisms may contribute to neurodevelopmental trajectories associated with ASD, while explicitly distinguishing associative findings from mechanistic inference. Particular attention is given to the role of distributed network vulnerability, including, but not limited to, insula-centered systems that integrate internal bodily states with affective and cognitive processing. Finally, we consider implications for biomarker development and stratified intervention approaches, emphasizing the importance of developmental timing, biological heterogeneity, and cautious interpretation of translational potential. Rather than positioning immune dysfunction as a singular cause of ASD, this model conceptualizes neuroimmune processes as modulators of developmental trajectories, offering a structured basis for future research linking immune signaling to circuit-level and behavioral outcomes."
500,"<b>Background</b>: Auditory oddball paradigms are widely used to investigate neural responses to deviant stimuli and attentional processing. However, different paradigms involve deviant stimuli with varying levels of stimulus relevance, and the corresponding neural responses have rarely been directly compared within a unified experimental framework. The aim of this study was to compare neural responses elicited by three variants of the auditory oddball paradigm that differ in the type of deviant stimuli: tone, reversed speech, and self-name deviants. <b>Methods</b>: Electroencephalography (EEG) data were recorded from 38 healthy participants while they performed three paradigm variants. Event-related potentials (ERPs) were analyzed to examine neural responses to deviant stimuli. In addition, cortical activation patterns were identified via source reconstruction, and classification analyses were conducted to assess the discriminability of neural responses across the three variants. <b>Results</b>: ERP results revealed that the self-name paradigm elicited the largest ERP responses, characterized by a significant P300 amplitude (3.95 μV) and prominent MMN (-6.39 μV). Crucially, source-space analysis revealed a graded expansion of cortical recruitment: acoustic deviance (tone) and structural reanalysis (reversed speech) were associated with 7 and 6 significant clusters, respectively, primarily in the auditory and fronto-cingulate cortices, whereas the self-name paradigm engaged 12 significant clusters spanning a distributed network encompassing salience-processing regions and cortical midline structures associated with self-referential processing (including the insula and posterior cingulate cortex). Classification analyses mirrored these findings, with the self-name paradigm consistently yielding the highest neural separability (~80% accuracy) and greater robustness to interindividual variability, demonstrating the superior discriminability of self-referential neural patterns. <b>Conclusions</b>: These findings demonstrate that self-referential auditory stimuli elicit stronger and more discriminable neural responses than other auditory deviant stimuli in the oddball paradigm. These results provide a comparative perspective on how different dimensions of auditory relevance modulate neural processing and may inform the design of effective auditory paradigms for cognitive neuroscience and related translational applications."
501,"BackgroundThe endocannabinoid system (ECS) is important for several neurophysiological functions, including the regulation of emotions and cognitive processes. The most abundant brain cannabinoid receptor is cannabinoid receptor type 1 (CB1R). Several preclinical studies in Parkinson's disease (PD) models suggest that modulating CB1R may impact cognitive processing. However, there are very limited studies of the relation between CB1R and cognitive processing in PD patients.ObjectiveTo explore the relationship between CB1R availability and cognitive dysfunction in PD with [18F]FMPEP-d2 positron emission tomography (PET).MethodsA total of 23 individuals with PD underwent [18F]FMPEP-d2 PET to measure cerebral CB1R availability. Cognitive symptoms were evaluated using a standardized neuropsychological test battery covering various cognitive domains, such as episodic and working memory, executive functioning, language function, visuospatial function and attention, and were correlated with CB1R availability using voxel-wise regression analysis corrected for multiple comparisons using false discovery rate (FDR) at p < 0.01.ResultsPD patients with poorer performance in episodic memory tests showed lower CB1R availability, particularly in the cingulate, temporal, and visual cortices, and thalami. Also, PD patients with poorer executive functioning showed lower CB1R availability predominantly in the insulae, caudate nuclei, thalami, brainstem, and temporal cortices. No relationship was found between CB1R availability and language function, visuospatial function, or working memory capacity.ConclusionsDecreased CB1R availability in PD patients is correlated with episodic memory impairment and executive dysfunction, suggesting that the ECS has a role in the pathophysiology of cognitive symptoms in PD."
502,"Persistent olfactory dysfunction after SARS-CoV-2 infection is common, yet its central neural profile remains poorly defined. We combined ultra-high-field 7 Tesla resting-state functional MRI with surface-based cortical morphometry to characterise olfactory-network organisation and cortical structure in long-term post-COVID dysosmia. Thirty adults (14 with persistent dysosmia; 16 normosmic controls) completed psychophysical olfactory testing and 7 Tesla imaging. Connectivity analyses across 56 olfaction-related regions revealed a coherent pattern centred on insular, orbitofrontal and thalamic nodes: connectivity was reduced between the insula and the orbitofrontal and entorhinal cortices, and between the ventral posterior thalamus and the ventral insula, and increased between interhemispheric orbitofrontal regions and among anterior thalamic nuclei. Significant connections were predominantly right-lateralised or interhemispheric. Morphometry showed no volumetric differences but selective left orbitofrontal thinning. Across the whole sample, greater orbitofrontal and insular thickness was associated with better olfactory performance; however, this reflected the difference between patients and controls rather than a graded relationship within the patient group, and did not persist after accounting for group and age. Together, these findings provide a preliminary, proof-of-concept characterisation of an orbitofronto-insular signature of long-term post-COVID dysosmia and nominate candidate imaging markers for testing in larger, multi-centre cohorts."
503,"The ability to detect unexpected sounds within regular acoustic patterns is fundamental to adaptive behaviour. This capacity is reflected in the mismatch negativity and has been extensively studied in humans and animal models. Surprisingly, single-unit recordings during auditory deviance detection in humans remain exceptionally rare. Here, we characterized single and multi-unit responses to auditory deviants in frequency, location, intensity and timing dimensions, using the Optimum-1 multi-feature oddball paradigm during unattended listening. Microwire recordings from 13 patients with drug-resistant epilepsy yielded units from the amygdala (n = 48), hippocampus (n = 46), complemented by case-level observations from Heschl's gyrus and posterior insula (n = 2 each). Amygdala showed multi-phase responses, with timing deviants eliciting the strongest and earliest effects: suppression around 60 ms followed by enhancement around 200 ms. Intensity deviants produced suppression around 300 ms. Hippocampus showed sparse engagement with no apparent feature specificity besides a weak late effect of sound frequency at the ensemble level (350-400 ms). Case-level Heschl's gyrus recordings revealed functional heterogeneity, with responses ranging from early gap-specific to late frequency and intensity activity. Case-level insula units showed intensity-selective responses and late spatial processing with contralateral enhancement for location deviants. Our results, particularly the amygdala response profile (early suppression and later enhancement), suggest temporally dissociable mechanisms of deviance encoding at the subcortical level, while the sparse hippocampal responses indicate limited engagement in deviance detection during passive listening. Overall, these findings provide the first human single-unit characterization of multi-feature auditory deviance processing, establishing a critical baseline for understanding cellular mechanisms of predictive auditory processing."
504,"Growing evidence in preclinical and clinical models suggests that prenatal cannabis exposure (PCE) is associated with changes in brain functioning and behavior. This observational longitudinal study examines these associations using biological measures of PCE in a sample of Black mother-infant dyads (N = 42), who have historically been underrepresented in developmental neuroimaging studies. Maternal urine samples collected during pregnancy (8-14 weeks of gestation) were assayed for 11-nor-9-carboxy-Δ<sup>9</sup>-tetrahydrocannabinol (COOH-THC) metabolites, providing a biologically verified measure of prenatal cannabis exposure. Newborns (57% female) completed a resting-state fMRI scan and were assessed using the NICU Network Neurobehavioral Scale at approximately 1 month postpartum. We performed voxelwise seed connectivity analyses using seeds in the bilateral hippocampus, insula, and caudate. We found that COOH-THC levels in early pregnancy were significantly associated with altered connectivity patterns in the hippocampus, insula, and caudate in infants. These functional connectivity patterns, however, were not correlated with indices of newborn neurobehavior. These preliminary results suggest that cannabis exposure early in pregnancy may impact neural connectivity shortly after birth, with effects that withstand the influence of co-occurring maternal psychosocial factors."
505,"The relationship between semantics and syntax is highly contested. Neuroimaging evidence has offered conflicting views on whether these domains are neurally separable, in part because prior work has not distinguished two key components of semantic cognition: <i>semantic representation</i> and <i>semantic control</i>. In this study, we conducted an activation likelihood estimation (ALE) meta-analysis to identify regions consistently engaged by more versus less demanding syntactic processing, and compared these directly with regions recruited by more versus less demanding semantic processing. Demanding syntactic processing engaged regions across the semantic control network (SCN), including the inferior frontal gyrus (IFG) and insula (particularly on the left), left posterior temporal cortex (posterior superior temporal sulcus and middle temporal gyrus), and bilateral dorsomedial prefrontal cortex. No regions outside the SCN responded significantly more to syntactic demands than semantic control. Within the SCN, there was significantly less reliable activation for syntactic than for semantic control demands in some anterior (pars triangularis) and ventral (pars orbitalis) portions of the left IFG and a region in posterior fusiform and inferior temporal gyrus. Greater involvement for syntax than semantic control was identified in a small region of posterior left IFG (pars opercularis) within the SCN. Moreover, both controlled semantic and syntactic processing showed multimodal responses to auditory and visual stimuli in the left IFG and posterior temporal cortex (PTC). Together, these findings suggest that syntactic processing is distinct from semantic representation, yet demanding syntax engages portions of the SCN, reflecting a shared need to access and manipulate stored semantic knowledge for flexible, context-sensitive use."
506,"In recent years, the prevalence of electronic cigarettes (e-cigs) use has continued to rise, particularly among youth populations. However, the long-term effects of e-cigs use on brain functional activity remain unclear. Resting-state functional brain controllability metrics, including average controllability and modal controllability, were computed and compared at the network level between 93 nicotine-dependent e-cigs users and 96 demographically-matched healthy controls. Spearman correlation analyses were implemented to assess the relationships between controllability and various e-cigs use characteristics, including duration of use, frequency patterns, and dependence severity measures. Compared with healthy controls, e-cigs users exhibited increased average controllability in the right middle frontal gyrus, inferior frontal gyrus, insula, and thalamus (P < .001, false discovery rate corrected), along with increased modal controllability in the left medioventral occipital cortex (P < .001, false discovery rate corrected). Additionally, controllability in subcortical and visual network regions showed a negative correlation with e-cigs use characteristics and sleep quality. This study is the first to apply network control theory and reveals significant alterations in the average controllability of the right middle frontal gyrus, middle frontal gyrus, inferior frontal gyrus, insula, thalamus and the left insula, as well as in the modal controllability of the left medioventral occipital cortex among nicotine-dependent e-cigs users, indicating impaired brain state transition function. Furthermore, these alterations in brain network properties show negative correlations with both the duration of e-cigs use and sleep quality, suggesting potential behavioral and clinical relevance. These changes may serve as potential biomarkers for future research exploring related intervention strategies.This trial is registered with clinicaltrials.gov (NCT05788068). Our study identified brain regions that may represent potential neuroimaging features of nicotine-dependent e-cigs users. Furthermore, our findings suggest a new hypothesis for targeted intervention. Key nodes identified-such as the right IFG and INS-warrant further investigation as potential targets for neuromodulation techniques. Future interventional trials are needed to verify whether modulating activity in these brain areas can restore normal control functions and aid smoking cessation, which may pave the way for personalized treatment strategies."
507,"Depression arises from diverse environmental and psychosocial risk factors, yet how these factors co-occur within individuals remains unclear. This study identifies profiles of multiple depression risk factors and examines their clinical and neuroimaging correlates. Among 157,317 UK Biobank participants completing the mental health questionnaire, 24 psychological, environmental, and lifestyle factors were assessed using latent class analysis. Logistic regression evaluated associations between profiles and depression outcomes; linear models examined neuroimaging differences. Imaging transcriptomics and gene-set enrichment analyses contextualized neural findings. Three latent profiles emerged: low risk profile (81.09%), childhood adversity-related profile (CA; 10.95%), and adulthood adversity-related profile (AA; 7.97%). Both the CA profile and AA profile show significantly higher depression risk than the low risk profile. Compared with the low risk profile, the AA profile shows a 2.7-fold increase in depression risk (OR = 3.701, 95%CI: 3.532~3.881), with appetite change and psychomotor symptoms being more prominent. The CA profile shows a 2.5-fold increase in depression risk (OR = 3.507, 95%CI: 3.353~3.607), with worthlessness, sleep problems, and suicidal ideation being more prominent. Both adversity profiles showed lower white-matter FA in cerebellar-thalamic and associative pathways. The CA profile additionally showed reduced FA in occipital tracts, whereas the AA profile showed greater reductions in prefrontal pathways and lower GMV in insula, amygdala, and cerebellar lobules VIIIb/IX, alongside higher occipital pole GMV. The most pronounced nominally significant difference between CA and AA centered on the right amygdala. Genes overlapping subcortical GMV differences were enriched for psychiatric disorders. Life-course adversity may be a key feature associated with distinct clinical and neural signatures, helping identify subgroups with co-occurring vulnerabilities. These patterns warrant further investigation in future studies."
508,"Internalizing disorders (IDs) such as anxiety and depression show a peak onset during adolescence, a period characterized by maturation of the frontal lobe. Impaired emotion regulation and elevated reactivity are prominent transdiagnostic symptoms that are further impacted by childhood adversity. However, the mechanisms through which IDs and adversity alter neurodevelopmental trajectories of emotion processing during adolescence are poorly understood, particularly across implicit and explicit regulation strategies. Utilizing an accelerated longitudinal design, youth (aged 10-17) with IDs (n = 65) and a typically-developing comparison group (CG; n = 74) completed an emotional N-Back (implicit) and cognitive reappraisal (explicit) task during fMRI at baseline and one-year follow-up. Linear mixed effects modeling was used to investigate group and age differences in regional frontal lobe activation, then explored how these effects were moderated by adversity. As compared to CG-youth, ID-youth showed developmental differences in the left ventral anterior insula during the implicit task, and the left dorsal anterior insula during the explicit task. Across both tasks, ID-youth lacked the increasing differential activation between negative and neutral stimuli across age that CG-youth exhibit. In ID-youth, adversity moderated neural activity during the explicit task, including the developmental trajectory of the dorsal anterior insula, but not the implicit task. The left anterior insula is a key developmental region with subregion-specificity. These findings highlight the importance of individual neural maturation and carry implications for emotion regulation-based pediatric clinical interventions. Further investigation is necessary to assess whether intervention effectiveness is dependent on adversity history."
509,"Internet gaming disorder (IGD) has been identified as a significant global mental health concern, emphasising the necessity for early diagnosis and intervention. This study aims to integrate multiple brain function metrics and machine learning algorithms to develop an advanced model for identifying IGD patients. The amplitude of low-frequency fluctuations (ALFF), fractional ALFF (fALFF), degree centrality (DC), regional homogeneity (ReHo) and voxel-mirrored homotopic connectivity (VMHC) from functional magnetic resonance imaging were extracted according to the anatomical automatic labelling (AAL) atlas from 244 IGD patients and 212 healthy controls (HCs). Combinations of 4 feature selection methods (analysis of variance (ANOVA), Kruskal‒Wallis (KW), Relief, and recursive feature elimination (REF)) and 10 classification algorithms were used to determine the most robust combinatorial model. Furthermore, a nomogram integrating functional metric features derived from the optimal model with independent clinical predictors was developed and evaluated via calibration curve and decision curve analyses (DCAs). The DC model derived from the bilateral olfactory cortex, bilateral insula and left orbitofrontal cortex (OFC), which combines the KW selector and Gaussian process (GP) classifier, and the ReHo model derived from the bilateral OFC, left olfactory cortex, left insula and left rectus, which combines the Relief selector and GP classifier, demonstrated superior performance in identifying IGD patients. The areas under the 0.971 and 0.989, respectively; corresponding AUCs for the ReHo model were 0.985 and 0.980. The internet addiction test (IAT) score was identified as an independent clinical predictor. The calibration curve and DCA demonstrated that the nomogram integrating DC with the IAT exhibited excellent reliability and significant net benefit (C index: 0.994). The nomogram based on DC and the IAT yields satisfactory classification performance and provides an effective tool for identifying IGD patients."
